taxon_name,total_bases,full_lineage,taxid_lineage,taxid
Homo sapiens,12978924374,cellular organisms;Eukaryota;Opisthokonta;Metazoa;Eumetazoa;Bilateria;Deuterostomia;Chordata;Craniata;Vertebrata;Gnathostomata;Teleostomi;Euteleostomi;Sarcopterygii;Dipnotetrapodomorpha;Tetrapoda;Amniota;Mammalia;Theria;Eutheria;Boreoeutheria;Euarchontoglires;Primates;Haplorrhini;Simiiformes;Catarrhini;Hominoidea;Hominidae;Homininae;Homo;Homo sapiens,131567;2759;33154;33208;6072;33213;33511;7711;89593;7742;7776;117570;117571;8287;1338369;32523;32524;40674;32525;9347;1437010;314146;9443;376913;314293;9526;314295;9604;207598;9605;9606,9606
Nicotiana tabacum,3901734127,cellular organisms;Eukaryota;Viridiplantae;Streptophyta;Streptophytina;Embryophyta;Tracheophyta;Euphyllophyta;Spermatophyta;Magnoliopsida;Mesangiospermae;eudicotyledons;Gunneridae;Pentapetalae;asterids;lamiids;Solanales;Solanaceae;Nicotianoideae;Nicotianeae;Nicotiana;Nicotiana tabacum,131567;2759;33090;35493;131221;3193;58023;78536;58024;3398;1437183;71240;91827;1437201;71274;91888;4069;4070;424554;424562;4085;4097,4097
Paragonimus westermani,922849782,cellular organisms;Eukaryota;Opisthokonta;Metazoa;Eumetazoa;Bilateria;Protostomia;Spiralia;Lophotrochozoa;Platyhelminthes;Trematoda;Digenea;Plagiorchiida;Troglotremata;Troglotrematidae;Paragonimus;Paragonimus westermani,131567;2759;33154;33208;6072;33213;33317;2697495;1206795;6157;6178;6179;27871;116925;34502;34503;34504,34504
Escherichia coli,574047957,cellular organisms;Bacteria;Pseudomonadati;Pseudomonadota;Gammaproteobacteria;Enterobacterales;Enterobacteriaceae;Escherichia;Escherichia coli,131567;2;3379134;1224;1236;91347;543;561;562,562
Schistosoma japonicum,406576294,cellular organisms;Eukaryota;Opisthokonta;Metazoa;Eumetazoa;Bilateria;Protostomia;Spiralia;Lophotrochozoa;Platyhelminthes;Trematoda;Digenea;Strigeidida;Schistosomatoidea;Schistosomatidae;Schistosoma;Schistosoma japonicum,131567;2759;33154;33208;6072;33213;33317;2697495;1206795;6157;6178;6179;6180;31244;31245;6181;6182,6182
Schistosoma haematobium,400271889,cellular organisms;Eukaryota;Opisthokonta;Metazoa;Eumetazoa;Bilateria;Protostomia;Spiralia;Lophotrochozoa;Platyhelminthes;Trematoda;Digenea;Strigeidida;Schistosomatoidea;Schistosomatidae;Schistosoma;Schistosoma haematobium,131567;2759;33154;33208;6072;33213;33317;2697495;1206795;6157;6178;6179;6180;31244;31245;6181;6185,6185
Ancylostoma duodenale,332875813,cellular organisms;Eukaryota;Opisthokonta;Metazoa;Eumetazoa;Bilateria;Protostomia;Ecdysozoa;Nematoda;Chromadorea;Rhabditida;Rhabditina;Rhabditomorpha;Strongyloidea;Ancylostomatidae;Ancylostomatinae;Ancylostoma;Ancylostoma duodenale,131567;2759;33154;33208;6072;33213;33317;1206794;6231;119089;6236;2301116;2301119;27829;33278;53469;29169;51022,51022
Ascaris lumbricoides,295967828,cellular organisms;Eukaryota;Opisthokonta;Metazoa;Eumetazoa;Bilateria;Protostomia;Ecdysozoa;Nematoda;Chromadorea;Rhabditida;Spirurina;Ascaridomorpha;Ascaridoidea;Ascarididae;Ascaris;Ascaris lumbricoides,131567;2759;33154;33208;6072;33213;33317;1206794;6231;119089;6236;6274;6249;33256;6250;6251;6252,6252
Klebsiella pneumoniae,268679294,cellular organisms;Bacteria;Pseudomonadati;Pseudomonadota;Gammaproteobacteria;Enterobacterales;Enterobacteriaceae;Klebsiella/Raoultella group;Klebsiella;Klebsiella pneumoniae complex;Klebsiella pneumoniae,131567;2;3379134;1224;1236;91347;543;2890311;570;3390273;573,573
Necator americanus,234457255,cellular organisms;Eukaryota;Opisthokonta;Metazoa;Eumetazoa;Bilateria;Protostomia;Ecdysozoa;Nematoda;Chromadorea;Rhabditida;Rhabditina;Rhabditomorpha;Strongyloidea;Ancylostomatidae;Bunostominae;Necator;Necator americanus,131567;2759;33154;33208;6072;33213;33317;1206794;6231;119089;6236;2301116;2301119;27829;33278;53477;51030;51031,51031
Staphylococcus aureus,188665820,cellular organisms;Bacteria;Bacillati;Bacillota;Bacilli;Bacillales;Staphylococcaceae;Staphylococcus;Staphylococcus aureus,131567;2;1783272;1239;91061;1385;90964;1279;1280,1280
Porphyromonas gingivalis,186421923,cellular organisms;Bacteria;Pseudomonadati;FCB group;Bacteroidota/Chlorobiota group;Bacteroidota;Bacteroidia;Bacteroidales;Porphyromonadaceae;Porphyromonas;Porphyromonas gingivalis,131567;2;3379134;1783270;68336;976;200643;171549;171551;836;837,837
Echinococcus multilocularis,114963228,cellular organisms;Eukaryota;Opisthokonta;Metazoa;Eumetazoa;Bilateria;Protostomia;Spiralia;Lophotrochozoa;Platyhelminthes;Cestoda;Eucestoda;Cyclophyllidea;Taeniidae;Echinococcus;Echinococcus multilocularis,131567;2759;33154;33208;6072;33213;33317;2697495;1206795;6157;6199;6200;6201;6208;6209;6211,6211
Haemophilus haemolyticus,113197881,cellular organisms;Bacteria;Pseudomonadati;Pseudomonadota;Gammaproteobacteria;Pasteurellales;Pasteurellaceae;Haemophilus;Haemophilus haemolyticus,131567;2;3379134;1224;1236;135625;712;724;726,726
Echinococcus granulosus,110837706,cellular organisms;Eukaryota;Opisthokonta;Metazoa;Eumetazoa;Bilateria;Protostomia;Spiralia;Lophotrochozoa;Platyhelminthes;Cestoda;Eucestoda;Cyclophyllidea;Taeniidae;Echinococcus;Echinococcus granulosus group;Echinococcus granulosus,131567;2759;33154;33208;6072;33213;33317;2697495;1206795;6157;6199;6200;6201;6208;6209;2212966;6210,6210
Klebsiella oxytoca,104205235,cellular organisms;Bacteria;Pseudomonadati;Pseudomonadota;Gammaproteobacteria;Enterobacterales;Enterobacteriaceae;Klebsiella/Raoultella group;Klebsiella;Klebsiella oxytoca,131567;2;3379134;1224;1236;91347;543;2890311;570;571,571
Salmonella enterica,101281735,cellular organisms;Bacteria;Pseudomonadati;Pseudomonadota;Gammaproteobacteria;Enterobacterales;Enterobacteriaceae;Salmonella;Salmonella enterica,131567;2;3379134;1224;1236;91347;543;590;28901,28901
Leishmania donovani,99910120,cellular organisms;Eukaryota;Discoba;Euglenozoa;Kinetoplastea;Metakinetoplastina;Trypanosomatida;Trypanosomatidae;Leishmaniinae;Leishmania;Leishmania;Leishmania donovani species complex;Leishmania donovani,131567;2759;2611352;33682;5653;2704647;2704949;5654;1286322;5658;38568;38574;5661,5661
Bacillus thuringiensis,92976719,cellular organisms;Bacteria;Bacillati;Bacillota;Bacilli;Bacillales;Bacillaceae;Bacillus;Bacillus cereus group;Bacillus thuringiensis,131567;2;1783272;1239;91061;1385;186817;1386;86661;1428,1428
Yersinia pseudotuberculosis,90622766,cellular organisms;Bacteria;Pseudomonadati;Pseudomonadota;Gammaproteobacteria;Enterobacterales;Yersiniaceae;Yersinia;Yersinia pseudotuberculosis complex;Yersinia pseudotuberculosis,131567;2;3379134;1224;1236;91347;1903411;629;1649845;633,633
Trypanosoma cruzi,89937456,cellular organisms;Eukaryota;Discoba;Euglenozoa;Kinetoplastea;Metakinetoplastina;Trypanosomatida;Trypanosomatidae;Trypanosoma;Schizotrypanum;Trypanosoma cruzi,131567;2759;2611352;33682;5653;2704647;2704949;5654;5690;47570;5693,5693
Wuchereria bancrofti,88416250,cellular organisms;Eukaryota;Opisthokonta;Metazoa;Eumetazoa;Bilateria;Protostomia;Ecdysozoa;Nematoda;Chromadorea;Rhabditida;Spirurina;Spiruromorpha;Filarioidea;Onchocercidae;Wuchereria;Wuchereria bancrofti,131567;2759;33154;33208;6072;33213;33317;1206794;6231;119089;6236;6274;2072716;6295;6296;6292;6293,6293
Pseudomonas aeruginosa,82677196,cellular organisms;Bacteria;Pseudomonadati;Pseudomonadota;Gammaproteobacteria;Pseudomonadales;Pseudomonadaceae;Pseudomonas;Pseudomonas aeruginosa group;Pseudomonas aeruginosa,131567;2;3379134;1224;1236;72274;135621;286;136841;287,287
Bacteroides cellulosilyticus,78554086,cellular organisms;Bacteria;Pseudomonadati;FCB group;Bacteroidota/Chlorobiota group;Bacteroidota;Bacteroidia;Bacteroidales;Bacteroidaceae;Bacteroides;Bacteroides cellulosilyticus,131567;2;3379134;1783270;68336;976;200643;171549;815;816;246787,246787
Bacteroides thetaiotaomicron,77010706,cellular organisms;Bacteria;Pseudomonadati;FCB group;Bacteroidota/Chlorobiota group;Bacteroidota;Bacteroidia;Bacteroidales;Bacteroidaceae;Bacteroides;Bacteroides thetaiotaomicron,131567;2;3379134;1783270;68336;976;200643;171549;815;816;818,818
Bacillus anthracis,73487927,cellular organisms;Bacteria;Bacillati;Bacillota;Bacilli;Bacillales;Bacillaceae;Bacillus;Bacillus cereus group;Bacillus anthracis,131567;2;1783272;1239;91061;1385;186817;1386;86661;1392,1392
Burkholderia multivorans,72264596,cellular organisms;Bacteria;Pseudomonadati;Pseudomonadota;Betaproteobacteria;Burkholderiales;Burkholderiaceae;Burkholderia;Burkholderia cepacia complex;Burkholderia multivorans,131567;2;3379134;1224;28216;80840;119060;32008;87882;87883,87883
Citrobacter braakii,72064558,cellular organisms;Bacteria;Pseudomonadati;Pseudomonadota;Gammaproteobacteria;Enterobacterales;Enterobacteriaceae;Citrobacter;Citrobacter freundii complex;Citrobacter braakii,131567;2;3379134;1224;1236;91347;543;544;1344959;57706,57706
Parabacteroides distasonis,71090996,cellular organisms;Bacteria;Pseudomonadati;FCB group;Bacteroidota/Chlorobiota group;Bacteroidota;Bacteroidia;Bacteroidales;Tannerellaceae;Parabacteroides;Parabacteroides distasonis,131567;2;3379134;1783270;68336;976;200643;171549;2005525;375288;823,823
Providencia stuartii,70993850,cellular organisms;Bacteria;Pseudomonadati;Pseudomonadota;Gammaproteobacteria;Enterobacterales;Morganellaceae;Providencia;Providencia stuartii,131567;2;3379134;1224;1236;91347;1903414;586;588,588
Aspergillus niger,69782011,cellular organisms;Eukaryota;Opisthokonta;Fungi;Dikarya;Ascomycota;saccharomyceta;Pezizomycotina;leotiomyceta;Eurotiomycetes;Eurotiomycetidae;Eurotiales;Aspergillaceae;Aspergillus;Aspergillus subgen. Circumdati;Aspergillus niger,131567;2759;33154;4751;451864;4890;716545;147538;716546;147545;451871;5042;1131492;5052;2720871;5061,5061
Bacteroides fragilis,69525889,cellular organisms;Bacteria;Pseudomonadati;FCB group;Bacteroidota/Chlorobiota group;Bacteroidota;Bacteroidia;Bacteroidales;Bacteroidaceae;Bacteroides;Bacteroides fragilis,131567;2;3379134;1783270;68336;976;200643;171549;815;816;817,817
Klebsiella variicola,68580097,cellular organisms;Bacteria;Pseudomonadati;Pseudomonadota;Gammaproteobacteria;Enterobacterales;Enterobacteriaceae;Klebsiella/Raoultella group;Klebsiella;Klebsiella pneumoniae complex;Klebsiella variicola,131567;2;3379134;1224;1236;91347;543;2890311;570;3390273;244366,244366
Burkholderia thailandensis,67458599,cellular organisms;Bacteria;Pseudomonadati;Pseudomonadota;Betaproteobacteria;Burkholderiales;Burkholderiaceae;Burkholderia;pseudomallei group;Burkholderia thailandensis,131567;2;3379134;1224;28216;80840;119060;32008;111527;57975,57975
Acinetobacter baumannii,67145646,cellular organisms;Bacteria;Pseudomonadati;Pseudomonadota;Gammaproteobacteria;Moraxellales;Moraxellaceae;Acinetobacter;Acinetobacter calcoaceticus/baumannii complex;Acinetobacter baumannii,131567;2;3379134;1224;1236;2887326;468;469;909768;470,470
Blastomyces dermatitidis ER-3,66608683,cellular organisms;Eukaryota;Opisthokonta;Fungi;Dikarya;Ascomycota;saccharomyceta;Pezizomycotina;leotiomyceta;Eurotiomycetes;Eurotiomycetidae;Onygenales;Ajellomycetaceae;Blastomyces;Blastomyces dermatitidis;Blastomyces dermatitidis ER-3,131567;2759;33154;4751;451864;4890;716545;147538;716546;147545;451871;33183;299071;229219;5039;559297,559297
Toxoplasma gondii ME49,65633124,cellular organisms;Eukaryota;Sar;Alveolata;Apicomplexa;Conoidasida;Coccidia;Eucoccidiorida;Eimeriorina;Sarcocystidae;Toxoplasma;Toxoplasma gondii;Toxoplasma gondii ME49,131567;2759;2698737;33630;5794;1280412;5796;75739;423054;5809;5810;5811;508771,508771
Mucor racemosus B9645,65533039,cellular organisms;Eukaryota;Opisthokonta;Fungi;Fungi incertae sedis;Mucoromycota;Mucoromycotina;Mucoromycetes;Mucorales;Mucorineae;Mucoraceae;Mucor;Mucor racemosus;Mucor racemosus B9645,131567;2759;33154;4751;112252;1913637;451507;2212703;4827;1344963;34489;4830;4841;1357677,1357677
Clostridioides difficile,64567242,cellular organisms;Bacteria;Bacillati;Bacillota;Clostridia;Peptostreptococcales;Peptostreptococcaceae;Clostridioides;Clostridioides difficile,131567;2;1783272;1239;186801;3082720;186804;1870884;1496,1496
Pseudomonas syringae,62378294,cellular organisms;Bacteria;Pseudomonadati;Pseudomonadota;Gammaproteobacteria;Pseudomonadales;Pseudomonadaceae;Pseudomonas;Pseudomonas syringae group;Pseudomonas syringae group genomosp. 1;Pseudomonas syringae,131567;2;3379134;1224;1236;72274;135621;286;136849;251695;317,317
Agrobacterium pusense,62098622,cellular organisms;Bacteria;Pseudomonadati;Pseudomonadota;Alphaproteobacteria;Hyphomicrobiales;Rhizobiaceae;Rhizobium/Agrobacterium group;Agrobacterium;Agrobacterium pusense,131567;2;3379134;1224;28211;356;82115;227290;357;648995,648995
Burkholderia cenocepacia,61139727,cellular organisms;Bacteria;Pseudomonadati;Pseudomonadota;Betaproteobacteria;Burkholderiales;Burkholderiaceae;Burkholderia;Burkholderia cepacia complex;Burkholderia cenocepacia,131567;2;3379134;1224;28216;80840;119060;32008;87882;95486,95486
Achromobacter xylosoxidans,60569573,cellular organisms;Bacteria;Pseudomonadati;Pseudomonadota;Betaproteobacteria;Burkholderiales;Alcaligenaceae;Achromobacter;Achromobacter xylosoxidans,131567;2;3379134;1224;28216;80840;506;222;85698,85698
Fusarium solani,59379714,cellular organisms;Eukaryota;Opisthokonta;Fungi;Dikarya;Ascomycota;saccharomyceta;Pezizomycotina;leotiomyceta;sordariomyceta;Sordariomycetes;Hypocreomycetidae;Hypocreales;Nectriaceae;Fusarium;Fusarium solani species complex;Fusarium solani,131567;2759;33154;4751;451864;4890;716545;147538;716546;715989;147550;222543;5125;110618;5506;232080;169388,169388
Burkholderia oklahomensis,57396143,cellular organisms;Bacteria;Pseudomonadati;Pseudomonadota;Betaproteobacteria;Burkholderiales;Burkholderiaceae;Burkholderia;pseudomallei group;Burkholderia oklahomensis,131567;2;3379134;1224;28216;80840;119060;32008;111527;342113,342113
Hafnia alvei,56373197,cellular organisms;Bacteria;Pseudomonadati;Pseudomonadota;Gammaproteobacteria;Enterobacterales;Hafniaceae;Hafnia;Hafnia alvei,131567;2;3379134;1224;1236;91347;1903412;568;569,569
Phocaeicola dorei,56268569,cellular organisms;Bacteria;Pseudomonadati;FCB group;Bacteroidota/Chlorobiota group;Bacteroidota;Bacteroidia;Bacteroidales;Bacteroidaceae;Phocaeicola;Phocaeicola dorei,131567;2;3379134;1783270;68336;976;200643;171549;815;909656;357276,357276
Burkholderia plantarii,55861913,cellular organisms;Bacteria;Pseudomonadati;Pseudomonadota;Betaproteobacteria;Burkholderiales;Burkholderiaceae;Burkholderia;Burkholderia plantarii,131567;2;3379134;1224;28216;80840;119060;32008;41899,41899
Circinella minor,54179589,cellular organisms;Eukaryota;Opisthokonta;Fungi;Fungi incertae sedis;Mucoromycota;Mucoromycotina;Mucoromycetes;Mucorales;Lichtheimiaceae;Circinella;Circinella minor,131567;2759;33154;4751;112252;1913637;451507;2212703;4827;499202;101102;1195481,1195481
Candida parapsilosis,53157029,cellular organisms;Eukaryota;Opisthokonta;Fungi;Dikarya;Ascomycota;saccharomyceta;Saccharomycotina;Pichiomycetes;Serinales;Debaryomycetaceae;Candida/Lodderomyces clade;Candida;Candida parapsilosis,131567;2759;33154;4751;451864;4890;716545;147537;3239874;2916678;766764;1535325;5475;5480,5480
Klebsiella quasipneumoniae subsp. similipneumoniae,52965995,cellular organisms;Bacteria;Pseudomonadati;Pseudomonadota;Gammaproteobacteria;Enterobacterales;Enterobacteriaceae;Klebsiella/Raoultella group;Klebsiella;Klebsiella pneumoniae complex;Klebsiella quasipneumoniae;Klebsiella quasipneumoniae subsp. similipneumoniae,131567;2;3379134;1224;1236;91347;543;2890311;570;3390273;1463165;1463164,1463164
Acinetobacter lwoffii,52628124,cellular organisms;Bacteria;Pseudomonadati;Pseudomonadota;Gammaproteobacteria;Moraxellales;Moraxellaceae;Acinetobacter;Acinetobacter lwoffii,131567;2;3379134;1224;1236;2887326;468;469;28090,28090
Bacillus cereus,52013173,cellular organisms;Bacteria;Bacillati;Bacillota;Bacilli;Bacillales;Bacillaceae;Bacillus;Bacillus cereus group;Bacillus cereus,131567;2;1783272;1239;91061;1385;186817;1386;86661;1396,1396
Rhizomucor pusillus,51020084,cellular organisms;Eukaryota;Opisthokonta;Fungi;Fungi incertae sedis;Mucoromycota;Mucoromycotina;Mucoromycetes;Mucorales;Lichtheimiaceae;Rhizomucor;Rhizomucor pusillus,131567;2759;33154;4751;112252;1913637;451507;2212703;4827;499202;4838;4840,4840
Fusarium oxysporum Fo47,50358849,cellular organisms;Eukaryota;Opisthokonta;Fungi;Dikarya;Ascomycota;saccharomyceta;Pezizomycotina;leotiomyceta;sordariomyceta;Sordariomycetes;Hypocreomycetidae;Hypocreales;Nectriaceae;Fusarium;Fusarium oxysporum species complex;Fusarium oxysporum;Fusarium oxysporum Fo47,131567;2759;33154;4751;451864;4890;716545;147538;716546;715989;147550;222543;5125;110618;5506;171631;5507;660027,660027
Proteus vulgaris,49152614,cellular organisms;Bacteria;Pseudomonadati;Pseudomonadota;Gammaproteobacteria;Enterobacterales;Morganellaceae;Proteus;Proteus vulgaris,131567;2;3379134;1224;1236;91347;1903414;583;585,585
Absidia glauca,48746359,cellular organisms;Eukaryota;Opisthokonta;Fungi;Fungi incertae sedis;Mucoromycota;Mucoromycotina;Mucoromycetes;Mucorales;Cunninghamellaceae;Absidia;Absidia glauca,131567;2759;33154;4751;112252;1913637;451507;2212703;4827;4851;4828;4829,4829
Mucor plumbeus,48371435,cellular organisms;Eukaryota;Opisthokonta;Fungi;Fungi incertae sedis;Mucoromycota;Mucoromycotina;Mucoromycetes;Mucorales;Mucorineae;Mucoraceae;Mucor;Mucor plumbeus,131567;2759;33154;4751;112252;1913637;451507;2212703;4827;1344963;34489;4830;97098,97098
Shigella flexneri,48053744,cellular organisms;Bacteria;Pseudomonadati;Pseudomonadota;Gammaproteobacteria;Enterobacterales;Enterobacteriaceae;Shigella;Shigella flexneri,131567;2;3379134;1224;1236;91347;543;620;623,623
Klebsiella aerogenes,47738785,cellular organisms;Bacteria;Pseudomonadati;Pseudomonadota;Gammaproteobacteria;Enterobacterales;Enterobacteriaceae;Klebsiella/Raoultella group;Klebsiella;Klebsiella aerogenes,131567;2;3379134;1224;1236;91347;543;2890311;570;548,548
Absidia repens,47422896,cellular organisms;Eukaryota;Opisthokonta;Fungi;Fungi incertae sedis;Mucoromycota;Mucoromycotina;Mucoromycetes;Mucorales;Cunninghamellaceae;Absidia;Absidia repens,131567;2759;33154;4751;112252;1913637;451507;2212703;4827;4851;4828;90262,90262
Rhizopus delemar RA 99-880,46148878,cellular organisms;Eukaryota;Opisthokonta;Fungi;Fungi incertae sedis;Mucoromycota;Mucoromycotina;Mucoromycetes;Mucorales;Mucorineae;Rhizopodaceae;Rhizopus;Rhizopus delemar;Rhizopus delemar RA 99-880,131567;2759;33154;4751;112252;1913637;451507;2212703;4827;1344963;1344955;4842;936053;246409,246409
Aspergillus mulundensis,45341896,cellular organisms;Eukaryota;Opisthokonta;Fungi;Dikarya;Ascomycota;saccharomyceta;Pezizomycotina;leotiomyceta;Eurotiomycetes;Eurotiomycetidae;Eurotiales;Aspergillaceae;Aspergillus;Aspergillus subgen. Nidulantes;Aspergillus mulundensis,131567;2759;33154;4751;451864;4890;716545;147538;716546;147545;451871;5042;1131492;5052;2720870;1810919,1810919
Cronobacter sakazakii,45339531,cellular organisms;Bacteria;Pseudomonadati;Pseudomonadota;Gammaproteobacteria;Enterobacterales;Enterobacteriaceae;Cronobacter;Cronobacter sakazakii,131567;2;3379134;1224;1236;91347;543;413496;28141,28141
Strongyloides stercoralis,44372495,cellular organisms;Eukaryota;Opisthokonta;Metazoa;Eumetazoa;Bilateria;Protostomia;Ecdysozoa;Nematoda;Chromadorea;Rhabditida;Tylenchina;Panagrolaimomorpha;Strongyloidoidea;Strongyloididae;Strongyloides;Strongyloides stercoralis,131567;2759;33154;33208;6072;33213;33317;1206794;6231;119089;6236;6300;2082223;2082224;6246;6247;6248,6248
Streptococcus thermophilus,44208294,cellular organisms;Bacteria;Bacillati;Bacillota;Bacilli;Lactobacillales;Streptococcaceae;Streptococcus;Streptococcus thermophilus,131567;2;1783272;1239;91061;186826;1300;1301;1308,1308
Scedosporium apiospermum,43437139,cellular organisms;Eukaryota;Opisthokonta;Fungi;Dikarya;Ascomycota;saccharomyceta;Pezizomycotina;leotiomyceta;sordariomyceta;Sordariomycetes;Hypocreomycetidae;Microascales;Microascaceae;Scedosporium;Scedosporium apiospermum,131567;2759;33154;4751;451864;4890;716545;147538;716546;715989;147550;222543;5592;5593;41687;563466,563466
Rhizopus arrhizus,42900422,cellular organisms;Eukaryota;Opisthokonta;Fungi;Fungi incertae sedis;Mucoromycota;Mucoromycotina;Mucoromycetes;Mucorales;Mucorineae;Rhizopodaceae;Rhizopus;Rhizopus arrhizus,131567;2759;33154;4751;112252;1913637;451507;2212703;4827;1344963;1344955;4842;64495,64495
Vibrio parahaemolyticus,41456556,cellular organisms;Bacteria;Pseudomonadati;Pseudomonadota;Gammaproteobacteria;Vibrionales;Vibrionaceae;Vibrio;Vibrio harveyi group;Vibrio parahaemolyticus,131567;2;3379134;1224;1236;135623;641;662;717610;670,670
Staphylococcus hominis,40782501,cellular organisms;Bacteria;Bacillati;Bacillota;Bacilli;Bacillales;Staphylococcaceae;Staphylococcus;Staphylococcus hominis,131567;2;1783272;1239;91061;1385;90964;1279;1290,1290
Mucor ambiguus,40737472,cellular organisms;Eukaryota;Opisthokonta;Fungi;Fungi incertae sedis;Mucoromycota;Mucoromycotina;Mucoromycetes;Mucorales;Mucorineae;Mucoraceae;Mucor;Mucor ambiguus,131567;2759;33154;4751;112252;1913637;451507;2212703;4827;1344963;34489;4830;91626,91626
Streptomyces californicus,40473119,cellular organisms;Bacteria;Bacillati;Actinomycetota;Actinomycetes;Kitasatosporales;Streptomycetaceae;Streptomyces;Streptomyces californicus,131567;2;1783272;201174;1760;85011;2062;1883;67351,67351
Aspergillus alliaceus,40168528,cellular organisms;Eukaryota;Opisthokonta;Fungi;Dikarya;Ascomycota;saccharomyceta;Pezizomycotina;leotiomyceta;Eurotiomycetes;Eurotiomycetidae;Eurotiales;Aspergillaceae;Aspergillus;Aspergillus subgen. Circumdati;Aspergillus alliaceus,131567;2759;33154;4751;451864;4890;716545;147538;716546;147545;451871;5042;1131492;5052;2720871;209559,209559
Aspergillus caelatus,40016351,cellular organisms;Eukaryota;Opisthokonta;Fungi;Dikarya;Ascomycota;saccharomyceta;Pezizomycotina;leotiomyceta;Eurotiomycetes;Eurotiomycetidae;Eurotiales;Aspergillaceae;Aspergillus;Aspergillus subgen. Circumdati;Aspergillus caelatus,131567;2759;33154;4751;451864;4890;716545;147538;716546;147545;451871;5042;1131492;5052;2720871;61420,61420
Mucor indicus B7402,39797221,cellular organisms;Eukaryota;Opisthokonta;Fungi;Fungi incertae sedis;Mucoromycota;Mucoromycotina;Mucoromycetes;Mucorales;Mucorineae;Mucoraceae;Mucor;Mucor indicus;Mucor indicus B7402,131567;2759;33154;4751;112252;1913637;451507;2212703;4827;1344963;34489;4830;64623;1357679,1357679
Apophysomyces variabilis,39322312,cellular organisms;Eukaryota;Opisthokonta;Fungi;Fungi incertae sedis;Mucoromycota;Mucoromycotina;Mucoromycetes;Mucorales;Mucorineae;Mucoraceae;Apophysomyces;Apophysomyces variabilis,131567;2759;33154;4751;112252;1913637;451507;2212703;4827;1344963;34489;90268;760013,760013
Mucor saturninus,39171786,cellular organisms;Eukaryota;Opisthokonta;Fungi;Fungi incertae sedis;Mucoromycota;Mucoromycotina;Mucoromycetes;Mucorales;Mucorineae;Mucoraceae;Mucor;Mucor saturninus,131567;2759;33154;4751;112252;1913637;451507;2212703;4827;1344963;34489;4830;64648,64648
Aspergillus pseudodeflectus,39072803,cellular organisms;Eukaryota;Opisthokonta;Fungi;Dikarya;Ascomycota;saccharomyceta;Pezizomycotina;leotiomyceta;Eurotiomycetes;Eurotiomycetidae;Eurotiales;Aspergillaceae;Aspergillus;Aspergillus subgen. Nidulantes;Aspergillus pseudodeflectus,131567;2759;33154;4751;451864;4890;716545;147538;716546;147545;451871;5042;1131492;5052;2720870;176178,176178
Enterobacter hormaechei,39028823,cellular organisms;Bacteria;Pseudomonadati;Pseudomonadota;Gammaproteobacteria;Enterobacterales;Enterobacteriaceae;Enterobacter;Enterobacter cloacae complex;Enterobacter hormaechei,131567;2;3379134;1224;1236;91347;543;547;354276;158836,158836
Rhizopus azygosporus,39022965,cellular organisms;Eukaryota;Opisthokonta;Fungi;Fungi incertae sedis;Mucoromycota;Mucoromycotina;Mucoromycetes;Mucorales;Mucorineae;Rhizopodaceae;Rhizopus;Rhizopus azygosporus,131567;2759;33154;4751;112252;1913637;451507;2212703;4827;1344963;1344955;4842;86630,86630
Aspergillus melleus,38850827,cellular organisms;Eukaryota;Opisthokonta;Fungi;Dikarya;Ascomycota;saccharomyceta;Pezizomycotina;leotiomyceta;Eurotiomycetes;Eurotiomycetidae;Eurotiales;Aspergillaceae;Aspergillus;Aspergillus subgen. Circumdati;Aspergillus melleus,131567;2759;33154;4751;451864;4890;716545;147538;716546;147545;451871;5042;1131492;5052;2720871;138277,138277
Aspergillus tanneri,38719388,cellular organisms;Eukaryota;Opisthokonta;Fungi;Dikarya;Ascomycota;saccharomyceta;Pezizomycotina;leotiomyceta;Eurotiomycetes;Eurotiomycetidae;Eurotiales;Aspergillaceae;Aspergillus;Aspergillus subgen. Circumdati;Aspergillus tanneri,131567;2759;33154;4751;451864;4890;716545;147538;716546;147545;451871;5042;1131492;5052;2720871;1220188,1220188
Citrobacter koseri,38611123,cellular organisms;Bacteria;Pseudomonadati;Pseudomonadota;Gammaproteobacteria;Enterobacterales;Enterobacteriaceae;Citrobacter;Citrobacter koseri,131567;2;3379134;1224;1236;91347;543;544;545,545
Apophysomyces elegans B7760,38467560,cellular organisms;Eukaryota;Opisthokonta;Fungi;Fungi incertae sedis;Mucoromycota;Mucoromycotina;Mucoromycetes;Mucorales;Mucorineae;Mucoraceae;Apophysomyces;Apophysomyces elegans;Apophysomyces elegans B7760,131567;2759;33154;4751;112252;1913637;451507;2212703;4827;1344963;34489;90268;90269;1274791,1274791
Aspergillus pseudotamarii,38243929,cellular organisms;Eukaryota;Opisthokonta;Fungi;Dikarya;Ascomycota;saccharomyceta;Pezizomycotina;leotiomyceta;Eurotiomycetes;Eurotiomycetidae;Eurotiales;Aspergillaceae;Aspergillus;Aspergillus subgen. Circumdati;Aspergillus pseudotamarii,131567;2759;33154;4751;451864;4890;716545;147538;716546;147545;451871;5042;1131492;5052;2720871;132259,132259
Porphyromonas endodontalis,38175525,cellular organisms;Bacteria;Pseudomonadati;FCB group;Bacteroidota/Chlorobiota group;Bacteroidota;Bacteroidia;Bacteroidales;Porphyromonadaceae;Porphyromonas;Porphyromonas endodontalis,131567;2;3379134;1783270;68336;976;200643;171549;171551;836;28124,28124
Rhizopus stolonifer B9770,38025998,cellular organisms;Eukaryota;Opisthokonta;Fungi;Fungi incertae sedis;Mucoromycota;Mucoromycotina;Mucoromycetes;Mucorales;Mucorineae;Rhizopodaceae;Rhizopus;Rhizopus stolonifer;Rhizopus stolonifer B9770,131567;2759;33154;4751;112252;1913637;451507;2212703;4827;1344963;1344955;4842;4846;1274793,1274793
Aspergillus oryzae RIB40,37912014,cellular organisms;Eukaryota;Opisthokonta;Fungi;Dikarya;Ascomycota;saccharomyceta;Pezizomycotina;leotiomyceta;Eurotiomycetes;Eurotiomycetidae;Eurotiales;Aspergillaceae;Aspergillus;Aspergillus subgen. Circumdati;Aspergillus oryzae;Aspergillus oryzae RIB40,131567;2759;33154;4751;451864;4890;716545;147538;716546;147545;451871;5042;1131492;5052;2720871;5062;510516,510516
Aspergillus steynii IBT 23096,37847960,cellular organisms;Eukaryota;Opisthokonta;Fungi;Dikarya;Ascomycota;saccharomyceta;Pezizomycotina;leotiomyceta;Eurotiomycetes;Eurotiomycetidae;Eurotiales;Aspergillaceae;Aspergillus;Aspergillus subgen. Circumdati;Aspergillus steynii;Aspergillus steynii IBT 23096,131567;2759;33154;4751;451864;4890;716545;147538;716546;147545;451871;5042;1131492;5052;2720871;306088;1392250,1392250
Aspergillus pseudonomiae,37780514,cellular organisms;Eukaryota;Opisthokonta;Fungi;Dikarya;Ascomycota;saccharomyceta;Pezizomycotina;leotiomyceta;Eurotiomycetes;Eurotiomycetidae;Eurotiales;Aspergillaceae;Aspergillus;Aspergillus subgen. Circumdati;Aspergillus pseudonomiae,131567;2759;33154;4751;451864;4890;716545;147538;716546;147545;451871;5042;1131492;5052;2720871;1506151,1506151
Aspergillus flavus,37749288,cellular organisms;Eukaryota;Opisthokonta;Fungi;Dikarya;Ascomycota;saccharomyceta;Pezizomycotina;leotiomyceta;Eurotiomycetes;Eurotiomycetidae;Eurotiales;Aspergillaceae;Aspergillus;Aspergillus subgen. Circumdati;Aspergillus flavus,131567;2759;33154;4751;451864;4890;716545;147538;716546;147545;451871;5042;1131492;5052;2720871;5059,5059
Aspergillus affinis,37565501,cellular organisms;Eukaryota;Opisthokonta;Fungi;Dikarya;Ascomycota;saccharomyceta;Pezizomycotina;leotiomyceta;Eurotiomycetes;Eurotiomycetidae;Eurotiales;Aspergillaceae;Aspergillus;Aspergillus subgen. Circumdati;Aspergillus affinis,131567;2759;33154;4751;451864;4890;716545;147538;716546;147545;451871;5042;1131492;5052;2720871;1070780,1070780
Aspergillus welwitschiae,37511876,cellular organisms;Eukaryota;Opisthokonta;Fungi;Dikarya;Ascomycota;saccharomyceta;Pezizomycotina;leotiomyceta;Eurotiomycetes;Eurotiomycetidae;Eurotiales;Aspergillaceae;Aspergillus;Aspergillus subgen. Circumdati;Aspergillus welwitschiae,131567;2759;33154;4751;451864;4890;716545;147538;716546;147545;451871;5042;1131492;5052;2720871;1341132,1341132
Aspergillus brunneoviolaceus CBS 621.78,37477200,cellular organisms;Eukaryota;Opisthokonta;Fungi;Dikarya;Ascomycota;saccharomyceta;Pezizomycotina;leotiomyceta;Eurotiomycetes;Eurotiomycetidae;Eurotiales;Aspergillaceae;Aspergillus;Aspergillus subgen. Circumdati;Aspergillus brunneoviolaceus;Aspergillus brunneoviolaceus CBS 621.78,131567;2759;33154;4751;451864;4890;716545;147538;716546;147545;451871;5042;1131492;5052;2720871;1191711;1450534,1450534
Aspergillus bombycis,37474605,cellular organisms;Eukaryota;Opisthokonta;Fungi;Dikarya;Ascomycota;saccharomyceta;Pezizomycotina;leotiomyceta;Eurotiomycetes;Eurotiomycetidae;Eurotiales;Aspergillaceae;Aspergillus;Aspergillus bombycis,131567;2759;33154;4751;451864;4890;716545;147538;716546;147545;451871;5042;1131492;5052;109264,109264
Aspergillus luchuensis,37287723,cellular organisms;Eukaryota;Opisthokonta;Fungi;Dikarya;Ascomycota;saccharomyceta;Pezizomycotina;leotiomyceta;Eurotiomycetes;Eurotiomycetidae;Eurotiales;Aspergillaceae;Aspergillus;Aspergillus subgen. Circumdati;Aspergillus luchuensis,131567;2759;33154;4751;451864;4890;716545;147538;716546;147545;451871;5042;1131492;5052;2720871;1069201,1069201
Aspergillus costaricaensis CBS 115574,36947918,cellular organisms;Eukaryota;Opisthokonta;Fungi;Dikarya;Ascomycota;saccharomyceta;Pezizomycotina;leotiomyceta;Eurotiomycetes;Eurotiomycetidae;Eurotiales;Aspergillaceae;Aspergillus;Aspergillus subgen. Circumdati;Aspergillus costaricensis;Aspergillus costaricaensis CBS 115574,131567;2759;33154;4751;451864;4890;716545;147538;716546;147545;451871;5042;1131492;5052;2720871;319631;1448317,1448317
Mucor lusitanicus,36817399,cellular organisms;Eukaryota;Opisthokonta;Fungi;Fungi incertae sedis;Mucoromycota;Mucoromycotina;Mucoromycetes;Mucorales;Mucorineae;Mucoraceae;Mucor;Mucor lusitanicus,131567;2759;33154;4751;112252;1913637;451507;2212703;4827;1344963;34489;4830;29924,29924
Cladophialophora bantiana CBS 173.52,36722552,cellular organisms;Eukaryota;Opisthokonta;Fungi;Dikarya;Ascomycota;saccharomyceta;Pezizomycotina;leotiomyceta;Eurotiomycetes;Chaetothyriomycetidae;Chaetothyriales;Herpotrichiellaceae;Cladophialophora;Cladophialophora bantiana;Cladophialophora bantiana CBS 173.52,131567;2759;33154;4751;451864;4890;716545;147538;716546;147545;451870;34395;43219;82105;89940;1442370,1442370
Aspergillus sclerotioniger CBS 115572,36720365,cellular organisms;Eukaryota;Opisthokonta;Fungi;Dikarya;Ascomycota;saccharomyceta;Pezizomycotina;leotiomyceta;Eurotiomycetes;Eurotiomycetidae;Eurotiales;Aspergillaceae;Aspergillus;Aspergillus subgen. Circumdati;Aspergillus sclerotioniger;Aspergillus sclerotioniger CBS 115572,131567;2759;33154;4751;451864;4890;716545;147538;716546;147545;451871;5042;1131492;5052;2720871;319627;1450535,1450535
Mucor circinelloides,36616466,cellular organisms;Eukaryota;Opisthokonta;Fungi;Fungi incertae sedis;Mucoromycota;Mucoromycotina;Mucoromycetes;Mucorales;Mucorineae;Mucoraceae;Mucor;Mucor circinelloides,131567;2759;33154;4751;112252;1913637;451507;2212703;4827;1344963;34489;4830;36080,36080
Aspergillus fijiensis CBS 313.89,36513906,cellular organisms;Eukaryota;Opisthokonta;Fungi;Dikarya;Ascomycota;saccharomyceta;Pezizomycotina;leotiomyceta;Eurotiomycetes;Eurotiomycetidae;Eurotiales;Aspergillaceae;Aspergillus;Aspergillus fijiensis;Aspergillus fijiensis CBS 313.89,131567;2759;33154;4751;451864;4890;716545;147538;716546;147545;451871;5042;1131492;5052;1191702;1448319,1448319
Aspergillus aculeatinus CBS 121060,36471649,cellular organisms;Eukaryota;Opisthokonta;Fungi;Dikarya;Ascomycota;saccharomyceta;Pezizomycotina;leotiomyceta;Eurotiomycetes;Eurotiomycetidae;Eurotiales;Aspergillaceae;Aspergillus;Aspergillus subgen. Circumdati;Aspergillus aculeatinus;Aspergillus aculeatinus CBS 121060,131567;2759;33154;4751;451864;4890;716545;147538;716546;147545;451871;5042;1131492;5052;2720871;487661;1448322,1448322
Aspergillus nomiae NRRL 13137,36137300,cellular organisms;Eukaryota;Opisthokonta;Fungi;Dikarya;Ascomycota;saccharomyceta;Pezizomycotina;leotiomyceta;Eurotiomycetes;Eurotiomycetidae;Eurotiales;Aspergillaceae;Aspergillus;Aspergillus subgen. Circumdati;Aspergillus nomiae;Aspergillus nomiae NRRL 13137,131567;2759;33154;4751;451864;4890;716545;147538;716546;147545;451871;5042;1131492;5052;2720871;41061;1509407,1509407
Aspergillus japonicus CBS 114.51,36099954,cellular organisms;Eukaryota;Opisthokonta;Fungi;Dikarya;Ascomycota;saccharomyceta;Pezizomycotina;leotiomyceta;Eurotiomycetes;Eurotiomycetidae;Eurotiales;Aspergillaceae;Aspergillus;Aspergillus subgen. Circumdati;Aspergillus japonicus;Aspergillus japonicus CBS 114.51,131567;2759;33154;4751;451864;4890;716545;147538;716546;147545;451871;5042;1131492;5052;2720871;34381;1448312,1448312
Aspergillus niger CBS 101883,35853610,cellular organisms;Eukaryota;Opisthokonta;Fungi;Dikarya;Ascomycota;saccharomyceta;Pezizomycotina;leotiomyceta;Eurotiomycetes;Eurotiomycetidae;Eurotiales;Aspergillaceae;Aspergillus;Aspergillus subgen. Circumdati;Aspergillus niger;Aspergillus niger CBS 101883,131567;2759;33154;4751;451864;4890;716545;147538;716546;147545;451871;5042;1131492;5052;2720871;5061;1450533,1450533
Mucor velutinosus B5328,35852029,cellular organisms;Eukaryota;Opisthokonta;Fungi;Fungi incertae sedis;Mucoromycota;Mucoromycotina;Mucoromycetes;Mucorales;Mucorineae;Mucoraceae;Mucor;Mucor velutinosus;Mucor velutinosus B5328,131567;2759;33154;4751;112252;1913637;451507;2212703;4827;1344963;34489;4830;708070;1274784,1274784
Aspergillus uvarum CBS 121591,35850703,cellular organisms;Eukaryota;Opisthokonta;Fungi;Dikarya;Ascomycota;saccharomyceta;Pezizomycotina;leotiomyceta;Eurotiomycetes;Eurotiomycetidae;Eurotiales;Aspergillaceae;Aspergillus;Aspergillus subgen. Circumdati;Aspergillus uvarum;Aspergillus uvarum CBS 121591,131567;2759;33154;4751;451864;4890;716545;147538;716546;147545;451871;5042;1131492;5052;2720871;446911;1448315,1448315
Apophysomyces trapeziformis B9324,35840759,cellular organisms;Eukaryota;Opisthokonta;Fungi;Fungi incertae sedis;Mucoromycota;Mucoromycotina;Mucoromycetes;Mucorales;Mucorineae;Mucoraceae;Apophysomyces;Apophysomyces trapeziformis;Apophysomyces trapeziformis B9324,131567;2759;33154;4751;112252;1913637;451507;2212703;4827;1344963;34489;90268;679948;1274790,1274790
Aspergillus brasiliensis CBS 101740,35804080,cellular organisms;Eukaryota;Opisthokonta;Fungi;Dikarya;Ascomycota;saccharomyceta;Pezizomycotina;leotiomyceta;Eurotiomycetes;Eurotiomycetidae;Eurotiales;Aspergillaceae;Aspergillus;Aspergillus subgen. Circumdati;Aspergillus brasiliensis;Aspergillus brasiliensis CBS 101740,131567;2759;33154;4751;451864;4890;716545;147538;716546;147545;451871;5042;1131492;5052;2720871;319629;767769,767769
Aspergillus vadensis CBS 113365,35663374,cellular organisms;Eukaryota;Opisthokonta;Fungi;Dikarya;Ascomycota;saccharomyceta;Pezizomycotina;leotiomyceta;Eurotiomycetes;Eurotiomycetidae;Eurotiales;Aspergillaceae;Aspergillus;Aspergillus subgen. Circumdati;Aspergillus vadensis;Aspergillus vadensis CBS 113365,131567;2759;33154;4751;451864;4890;716545;147538;716546;147545;451871;5042;1131492;5052;2720871;288669;1448311,1448311
Aspergillus heteromorphus CBS 117.55,35607567,cellular organisms;Eukaryota;Opisthokonta;Fungi;Dikarya;Ascomycota;saccharomyceta;Pezizomycotina;leotiomyceta;Eurotiomycetes;Eurotiomycetidae;Eurotiales;Aspergillaceae;Aspergillus;Aspergillus subgen. Circumdati;Aspergillus heteromorphus;Aspergillus heteromorphus CBS 117.55,131567;2759;33154;4751;451864;4890;716545;147538;716546;147545;451871;5042;1131492;5052;2720871;51019;1448321,1448321
Aspergillus aculeatus ATCC 16872,35424414,cellular organisms;Eukaryota;Opisthokonta;Fungi;Dikarya;Ascomycota;saccharomyceta;Pezizomycotina;leotiomyceta;Eurotiomycetes;Eurotiomycetidae;Eurotiales;Aspergillaceae;Aspergillus;Aspergillus subgen. Circumdati;Aspergillus aculeatus;Aspergillus aculeatus ATCC 16872,131567;2759;33154;4751;451864;4890;716545;147538;716546;147545;451871;5042;1131492;5052;2720871;5053;690307,690307
Aspergillus neoniger CBS 115656,35416444,cellular organisms;Eukaryota;Opisthokonta;Fungi;Dikarya;Ascomycota;saccharomyceta;Pezizomycotina;leotiomyceta;Eurotiomycetes;Eurotiomycetidae;Eurotiales;Aspergillaceae;Aspergillus;Aspergillus subgen. Circumdati;Aspergillus neoniger;Aspergillus neoniger CBS 115656,131567;2759;33154;4751;451864;4890;716545;147538;716546;147545;451871;5042;1131492;5052;2720871;1196635;1448310,1448310
Aspergillus piperis CBS 112811,35280331,cellular organisms;Eukaryota;Opisthokonta;Fungi;Dikarya;Ascomycota;saccharomyceta;Pezizomycotina;leotiomyceta;Eurotiomycetes;Eurotiomycetidae;Eurotiales;Aspergillaceae;Aspergillus;Aspergillus subgen. Circumdati;Aspergillus piperis;Aspergillus piperis CBS 112811,131567;2759;33154;4751;451864;4890;716545;147538;716546;147545;451871;5042;1131492;5052;2720871;319630;1448313,1448313
Aspergillus tubingensis,35047229,cellular organisms;Eukaryota;Opisthokonta;Fungi;Dikarya;Ascomycota;saccharomyceta;Pezizomycotina;leotiomyceta;Eurotiomycetes;Eurotiomycetidae;Eurotiales;Aspergillaceae;Aspergillus;Aspergillus subgen. Circumdati;Aspergillus tubingensis,131567;2759;33154;4751;451864;4890;716545;147538;716546;147545;451871;5042;1131492;5052;2720871;5068,5068
Moraxella osloensis,35041688,cellular organisms;Bacteria;Pseudomonadati;Pseudomonadota;Gammaproteobacteria;Moraxellales;Moraxellaceae;Moraxella;Moraxella osloensis,131567;2;3379134;1224;1236;2887326;468;475;34062,34062
Aspergillus viridinutans,34888349,cellular organisms;Eukaryota;Opisthokonta;Fungi;Dikarya;Ascomycota;saccharomyceta;Pezizomycotina;leotiomyceta;Eurotiomycetes;Eurotiomycetidae;Eurotiales;Aspergillaceae;Aspergillus;Aspergillus subgen. Fumigati;Aspergillus viridinutans,131567;2759;33154;4751;451864;4890;716545;147538;716546;147545;451871;5042;1131492;5052;2720872;75553,75553
Aspergillus eucalypticola CBS 122712,34792412,cellular organisms;Eukaryota;Opisthokonta;Fungi;Dikarya;Ascomycota;saccharomyceta;Pezizomycotina;leotiomyceta;Eurotiomycetes;Eurotiomycetidae;Eurotiales;Aspergillaceae;Aspergillus;Aspergillus subgen. Circumdati;Aspergillus eucalypticola;Aspergillus eucalypticola CBS 122712,131567;2759;33154;4751;451864;4890;716545;147538;716546;147545;451871;5042;1131492;5052;2720871;1340029;1448314,1448314
Fonsecaea pedrosoi CBS 271.37,34688880,cellular organisms;Eukaryota;Opisthokonta;Fungi;Dikarya;Ascomycota;saccharomyceta;Pezizomycotina;leotiomyceta;Eurotiomycetes;Chaetothyriomycetidae;Chaetothyriales;Herpotrichiellaceae;Fonsecaea;Fonsecaea pedrosoi;Fonsecaea pedrosoi CBS 271.37,131567;2759;33154;4751;451864;4890;716545;147538;716546;147545;451870;34395;43219;40354;40355;1442368,1442368
Aspergillus sydowii CBS 593.65,34381026,cellular organisms;Eukaryota;Opisthokonta;Fungi;Dikarya;Ascomycota;saccharomyceta;Pezizomycotina;leotiomyceta;Eurotiomycetes;Eurotiomycetidae;Eurotiales;Aspergillaceae;Aspergillus;Aspergillus subgen. Nidulantes;Aspergillus sydowii;Aspergillus sydowii CBS 593.65,131567;2759;33154;4751;451864;4890;716545;147538;716546;147545;451871;5042;1131492;5052;2720870;75750;1036612,1036612
Aspergillus puulaauensis,34318862,cellular organisms;Eukaryota;Opisthokonta;Fungi;Dikarya;Ascomycota;saccharomyceta;Pezizomycotina;leotiomyceta;Eurotiomycetes;Eurotiomycetidae;Eurotiales;Aspergillaceae;Aspergillus;Aspergillus puulaauensis,131567;2759;33154;4751;451864;4890;716545;147538;716546;147545;451871;5042;1131492;5052;1220207,1220207
Apophysomyces ossiformis,34079843,cellular organisms;Eukaryota;Opisthokonta;Fungi;Fungi incertae sedis;Mucoromycota;Mucoromycotina;Mucoromycetes;Mucorales;Mucorineae;Mucoraceae;Apophysomyces;Apophysomyces ossiformis,131567;2759;33154;4751;112252;1913637;451507;2212703;4827;1344963;34489;90268;679940,679940
Aspergillus homomorphus CBS 101889,34054866,cellular organisms;Eukaryota;Opisthokonta;Fungi;Dikarya;Ascomycota;saccharomyceta;Pezizomycotina;leotiomyceta;Eurotiomycetes;Eurotiomycetidae;Eurotiales;Aspergillaceae;Aspergillus;Aspergillus subgen. Circumdati;Aspergillus homomorphus;Aspergillus homomorphus CBS 101889,131567;2759;33154;4751;451864;4890;716545;147538;716546;147545;451871;5042;1131492;5052;2720871;319626;1450537,1450537
Mucor irregularis B50,33966588,cellular organisms;Eukaryota;Opisthokonta;Fungi;Fungi incertae sedis;Mucoromycota;Mucoromycotina;Mucoromycetes;Mucorales;Mucorineae;Mucoraceae;Mucor;Mucor irregularis;Mucor irregularis B50,131567;2759;33154;4751;112252;1913637;451507;2212703;4827;1344963;34489;4830;713888;1290454,1290454
Burkholderia mallei,33440540,cellular organisms;Bacteria;Pseudomonadati;Pseudomonadota;Betaproteobacteria;Burkholderiales;Burkholderiaceae;Burkholderia;pseudomallei group;Burkholderia mallei,131567;2;3379134;1224;28216;80840;119060;32008;111527;13373,13373
Aspergillus ibericus CBS 121593,33437983,cellular organisms;Eukaryota;Opisthokonta;Fungi;Dikarya;Ascomycota;saccharomyceta;Pezizomycotina;leotiomyceta;Eurotiomycetes;Eurotiomycetidae;Eurotiales;Aspergillaceae;Aspergillus;Aspergillus subgen. Circumdati;Aspergillus ibericus;Aspergillus ibericus CBS 121593,131567;2759;33154;4751;451864;4890;716545;147538;716546;147545;451871;5042;1131492;5052;2720871;301854;1448316,1448316
Yersinia enterocolitica,33363537,cellular organisms;Bacteria;Pseudomonadati;Pseudomonadota;Gammaproteobacteria;Enterobacterales;Yersiniaceae;Yersinia;Yersinia enterocolitica,131567;2;3379134;1224;1236;91347;1903411;629;630,630
Aspergillus pseudoviridinutans,33330675,cellular organisms;Eukaryota;Opisthokonta;Fungi;Dikarya;Ascomycota;saccharomyceta;Pezizomycotina;leotiomyceta;Eurotiomycetes;Eurotiomycetidae;Eurotiales;Aspergillaceae;Aspergillus;Aspergillus subgen. Fumigati;Aspergillus pseudoviridinutans,131567;2759;33154;4751;451864;4890;716545;147538;716546;147545;451871;5042;1131492;5052;2720872;1517512,1517512
Aspergillus versicolor CBS 583.65,33126810,cellular organisms;Eukaryota;Opisthokonta;Fungi;Dikarya;Ascomycota;saccharomyceta;Pezizomycotina;leotiomyceta;Eurotiomycetes;Eurotiomycetidae;Eurotiales;Aspergillaceae;Aspergillus;Aspergillus subgen. Nidulantes;Aspergillus versicolor;Aspergillus versicolor CBS 583.65,131567;2759;33154;4751;451864;4890;716545;147538;716546;147545;451871;5042;1131492;5052;2720870;46472;1036611,1036611
Staphylococcus pasteuri,32973398,cellular organisms;Bacteria;Bacillati;Bacillota;Bacilli;Bacillales;Staphylococcaceae;Staphylococcus;Staphylococcus pasteuri,131567;2;1783272;1239;91061;1385;90964;1279;45972,45972
Paracoccidioides lutzii Pb01,32925248,cellular organisms;Eukaryota;Opisthokonta;Fungi;Dikarya;Ascomycota;saccharomyceta;Pezizomycotina;leotiomyceta;Eurotiomycetes;Eurotiomycetidae;Onygenales;Ajellomycetaceae;Paracoccidioides;Paracoccidioides lutzii;Paracoccidioides lutzii Pb01,131567;2759;33154;4751;451864;4890;716545;147538;716546;147545;451871;33183;299071;38946;1048829;502779,502779
Aspergillus novofumigatus IBT 16806,32440129,cellular organisms;Eukaryota;Opisthokonta;Fungi;Dikarya;Ascomycota;saccharomyceta;Pezizomycotina;leotiomyceta;Eurotiomycetes;Eurotiomycetidae;Eurotiales;Aspergillaceae;Aspergillus;Aspergillus subgen. Fumigati;Aspergillus novofumigatus;Aspergillus novofumigatus IBT 16806,131567;2759;33154;4751;451864;4890;716545;147538;716546;147545;451871;5042;1131492;5052;2720872;340412;1392255,1392255
Sporothrix schenckii 1099-18,32375103,cellular organisms;Eukaryota;Opisthokonta;Fungi;Dikarya;Ascomycota;saccharomyceta;Pezizomycotina;leotiomyceta;sordariomyceta;Sordariomycetes;Sordariomycetidae;Ophiostomatales;Ophiostomataceae;Sporothrix;Sporothrix schenckii;Sporothrix schenckii 1099-18,131567;2759;33154;4751;451864;4890;716545;147538;716546;715989;147550;222544;5151;5152;29907;29908;1397361,1397361
Aspergillus udagawae,32252303,cellular organisms;Eukaryota;Opisthokonta;Fungi;Dikarya;Ascomycota;saccharomyceta;Pezizomycotina;leotiomyceta;Eurotiomycetes;Eurotiomycetidae;Eurotiales;Aspergillaceae;Aspergillus;Aspergillus subgen. Fumigati;Aspergillus udagawae,131567;2759;33154;4751;451864;4890;716545;147538;716546;147545;451871;5042;1131492;5052;2720872;91492,91492
Acinetobacter pittii,31790450,cellular organisms;Bacteria;Pseudomonadati;Pseudomonadota;Gammaproteobacteria;Moraxellales;Moraxellaceae;Acinetobacter;Acinetobacter calcoaceticus/baumannii complex;Acinetobacter pittii,131567;2;3379134;1224;1236;2887326;468;469;909768;48296,48296
Aspergillus fischeri NRRL 181,31377515,cellular organisms;Eukaryota;Opisthokonta;Fungi;Dikarya;Ascomycota;saccharomyceta;Pezizomycotina;leotiomyceta;Eurotiomycetes;Eurotiomycetidae;Eurotiales;Aspergillaceae;Aspergillus;Aspergillus subgen. Fumigati;Aspergillus fischeri;Aspergillus fischeri NRRL 181,131567;2759;33154;4751;451864;4890;716545;147538;716546;147545;451871;5042;1131492;5052;2720872;36630;331117,331117
Aspergillus wentii DTO 134E9,31350635,cellular organisms;Eukaryota;Opisthokonta;Fungi;Dikarya;Ascomycota;saccharomyceta;Pezizomycotina;leotiomyceta;Eurotiomycetes;Eurotiomycetidae;Eurotiales;Aspergillaceae;Aspergillus;Aspergillus subgen. Cremei;Aspergillus wentii;Aspergillus wentii DTO 134E9,131567;2759;33154;4751;451864;4890;716545;147538;716546;147545;451871;5042;1131492;5052;2720873;5066;1073089,1073089
Aspergillus saccharolyticus JOP 1030-1,31096189,cellular organisms;Eukaryota;Opisthokonta;Fungi;Dikarya;Ascomycota;saccharomyceta;Pezizomycotina;leotiomyceta;Eurotiomycetes;Eurotiomycetidae;Eurotiales;Aspergillaceae;Aspergillus;Aspergillus subgen. Circumdati;Aspergillus saccharolyticus;Aspergillus saccharolyticus JOP 1030-1,131567;2759;33154;4751;451864;4890;716545;147538;716546;147545;451871;5042;1131492;5052;2720871;979771;1450539,1450539
Aspergillus thermomutatus,30945974,cellular organisms;Eukaryota;Opisthokonta;Fungi;Dikarya;Ascomycota;saccharomyceta;Pezizomycotina;leotiomyceta;Eurotiomycetes;Eurotiomycetidae;Eurotiales;Aspergillaceae;Aspergillus;Aspergillus subgen. Fumigati;Aspergillus thermomutatus,131567;2759;33154;4751;451864;4890;716545;147538;716546;147545;451871;5042;1131492;5052;2720872;41047,41047
Aspergillus lucknowensis,30792796,cellular organisms;Eukaryota;Opisthokonta;Fungi;Dikarya;Ascomycota;saccharomyceta;Pezizomycotina;leotiomyceta;Eurotiomycetes;Eurotiomycetidae;Eurotiales;Aspergillaceae;Aspergillus;Aspergillus subgen. Nidulantes;Aspergillus lucknowensis,131567;2759;33154;4751;451864;4890;716545;147538;716546;147545;451871;5042;1131492;5052;2720870;176173,176173
Sphingobacterium multivorum,30495909,cellular organisms;Bacteria;Pseudomonadati;FCB group;Bacteroidota/Chlorobiota group;Bacteroidota;Sphingobacteriia;Sphingobacteriales;Sphingobacteriaceae;Sphingobacterium;Sphingobacterium multivorum,131567;2;3379134;1783270;68336;976;117747;200666;84566;28453;28454,28454
Histoplasma capsulatum G186AR,30483324,cellular organisms;Eukaryota;Opisthokonta;Fungi;Dikarya;Ascomycota;saccharomyceta;Pezizomycotina;leotiomyceta;Eurotiomycetes;Eurotiomycetidae;Onygenales;Ajellomycetaceae;Histoplasma;Histoplasma capsulatum;Histoplasma capsulatum G186AR,131567;2759;33154;4751;451864;4890;716545;147538;716546;147545;451871;33183;299071;5036;5037;447093,447093
Aspergillus lentulus,30229310,cellular organisms;Eukaryota;Opisthokonta;Fungi;Dikarya;Ascomycota;saccharomyceta;Pezizomycotina;leotiomyceta;Eurotiomycetes;Eurotiomycetidae;Eurotiales;Aspergillaceae;Aspergillus;Aspergillus subgen. Fumigati;Aspergillus lentulus,131567;2759;33154;4751;451864;4890;716545;147538;716546;147545;451871;5042;1131492;5052;2720872;293939,293939
Paracoccidioides brasiliensis Pb18,29952540,cellular organisms;Eukaryota;Opisthokonta;Fungi;Dikarya;Ascomycota;saccharomyceta;Pezizomycotina;leotiomyceta;Eurotiomycetes;Eurotiomycetidae;Onygenales;Ajellomycetaceae;Paracoccidioides;Paracoccidioides brasiliensis;Paracoccidioides brasiliensis Pb18,131567;2759;33154;4751;451864;4890;716545;147538;716546;147545;451871;33183;299071;38946;121759;502780,502780
Shigella sonnei,29868206,cellular organisms;Bacteria;Pseudomonadati;Pseudomonadota;Gammaproteobacteria;Enterobacterales;Enterobacteriaceae;Shigella;Shigella sonnei,131567;2;3379134;1224;1236;91347;543;620;624,624
Aspergillus nidulans FGSC A4,29861518,cellular organisms;Eukaryota;Opisthokonta;Fungi;Dikarya;Ascomycota;saccharomyceta;Pezizomycotina;leotiomyceta;Eurotiomycetes;Eurotiomycetidae;Eurotiales;Aspergillaceae;Aspergillus;Aspergillus subgen. Nidulantes;Aspergillus nidulans;Aspergillus nidulans FGSC A4,131567;2759;33154;4751;451864;4890;716545;147538;716546;147545;451871;5042;1131492;5052;2720870;162425;227321,227321
Aspergillus chevalieri,29697343,cellular organisms;Eukaryota;Opisthokonta;Fungi;Dikarya;Ascomycota;saccharomyceta;Pezizomycotina;leotiomyceta;Eurotiomycetes;Eurotiomycetidae;Eurotiales;Aspergillaceae;Aspergillus;Aspergillus subgen. Aspergillus;Aspergillus chevalieri,131567;2759;33154;4751;451864;4890;716545;147538;716546;147545;451871;5042;1131492;5052;2720874;182096,182096
Treponema pallidum,29627047,cellular organisms;Bacteria;Pseudomonadati;Spirochaetota;Spirochaetia;Spirochaetales;Treponemataceae;Treponema;Treponema pallidum,131567;2;3379134;203691;203692;136;2845253;157;160,160
Raoultella planticola,29484455,cellular organisms;Bacteria;Pseudomonadati;Pseudomonadota;Gammaproteobacteria;Enterobacterales;Enterobacteriaceae;Klebsiella/Raoultella group;Raoultella;Raoultella planticola,131567;2;3379134;1224;1236;91347;543;2890311;160674;575,575
Aspergillus fumigatus Af293,29384958,cellular organisms;Eukaryota;Opisthokonta;Fungi;Dikarya;Ascomycota;saccharomyceta;Pezizomycotina;leotiomyceta;Eurotiomycetes;Eurotiomycetidae;Eurotiales;Aspergillaceae;Aspergillus;Aspergillus subgen. Fumigati;Aspergillus fumigatus;Aspergillus fumigatus Af293,131567;2759;33154;4751;451864;4890;716545;147538;716546;147545;451871;5042;1131492;5052;2720872;746128;330879,330879
Aspergillus terreus NIH2624,29364022,cellular organisms;Eukaryota;Opisthokonta;Fungi;Dikarya;Ascomycota;saccharomyceta;Pezizomycotina;leotiomyceta;Eurotiomycetes;Eurotiomycetidae;Eurotiales;Aspergillaceae;Aspergillus;Aspergillus subgen. Circumdati;Aspergillus terreus;Aspergillus terreus NIH2624,131567;2759;33154;4751;451864;4890;716545;147538;716546;147545;451871;5042;1131492;5052;2720871;33178;341663,341663
Coccidioides immitis RS,29016019,cellular organisms;Eukaryota;Opisthokonta;Fungi;Dikarya;Ascomycota;saccharomyceta;Pezizomycotina;leotiomyceta;Eurotiomycetes;Eurotiomycetidae;Onygenales;Onygenaceae;Coccidioides;Coccidioides immitis;Coccidioides immitis RS,131567;2759;33154;4751;451864;4890;716545;147538;716546;147545;451871;33183;33184;5500;5501;246410,246410
Cladophialophora carrionii CBS 160.54,28991111,cellular organisms;Eukaryota;Opisthokonta;Fungi;Dikarya;Ascomycota;saccharomyceta;Pezizomycotina;leotiomyceta;Eurotiomycetes;Chaetothyriomycetidae;Chaetothyriales;Herpotrichiellaceae;Cladophialophora;Cladophialophora carrionii;Cladophialophora carrionii CBS 160.54,131567;2759;33154;4751;451864;4890;716545;147538;716546;147545;451870;34395;43219;82105;86049;1279043,1279043
Burkholderia pseudomallei,28910302,cellular organisms;Bacteria;Pseudomonadati;Pseudomonadota;Betaproteobacteria;Burkholderiales;Burkholderiaceae;Burkholderia;pseudomallei group;Burkholderia pseudomallei,131567;2;3379134;1224;28216;80840;119060;32008;111527;28450,28450
Listeria innocua,28757458,cellular organisms;Bacteria;Bacillati;Bacillota;Bacilli;Bacillales;Listeriaceae;Listeria;Listeria innocua,131567;2;1783272;1239;91061;1385;186820;1637;1642,1642
Bordetella pertussis,28749582,cellular organisms;Bacteria;Pseudomonadati;Pseudomonadota;Betaproteobacteria;Burkholderiales;Alcaligenaceae;Bordetella;Bordetella pertussis,131567;2;3379134;1224;28216;80840;506;517;520,520
Stenotrophomonas maltophilia,28686789,cellular organisms;Bacteria;Pseudomonadati;Pseudomonadota;Gammaproteobacteria;Lysobacterales;Lysobacteraceae;Stenotrophomonas;Stenotrophomonas maltophilia group;Stenotrophomonas maltophilia,131567;2;3379134;1224;1236;135614;32033;40323;995085;40324,40324
Proteus mirabilis,28318716,cellular organisms;Bacteria;Pseudomonadati;Pseudomonadota;Gammaproteobacteria;Enterobacterales;Morganellaceae;Proteus;Proteus mirabilis,131567;2;3379134;1224;1236;91347;1903414;583;584,584
Aspergillus campestris IBT 28561,28257496,cellular organisms;Eukaryota;Opisthokonta;Fungi;Dikarya;Ascomycota;saccharomyceta;Pezizomycotina;leotiomyceta;Eurotiomycetes;Eurotiomycetidae;Eurotiales;Aspergillaceae;Aspergillus;Aspergillus subgen. Circumdati;Aspergillus campestris;Aspergillus campestris IBT 28561,131567;2759;33154;4751;451864;4890;716545;147538;716546;147545;451871;5042;1131492;5052;2720871;41068;1392248,1392248
Talaromyces marneffei,28198338,cellular organisms;Eukaryota;Opisthokonta;Fungi;Dikarya;Ascomycota;saccharomyceta;Pezizomycotina;leotiomyceta;Eurotiomycetes;Eurotiomycetidae;Eurotiales;Trichocomaceae;Talaromyces;Talaromyces sect. Talaromyces;Talaromyces marneffei,131567;2759;33154;4751;451864;4890;716545;147538;716546;147545;451871;5042;28568;5094;2752537;37727,37727
Coccidioides posadasii str. Silveira,28193268,cellular organisms;Eukaryota;Opisthokonta;Fungi;Dikarya;Ascomycota;saccharomyceta;Pezizomycotina;leotiomyceta;Eurotiomycetes;Eurotiomycetidae;Onygenales;Onygenaceae;Coccidioides;Coccidioides posadasii;Coccidioides posadasii str. Silveira,131567;2759;33154;4751;451864;4890;716545;147538;716546;147545;451871;33183;33184;5500;199306;443226,443226
Cokeromyces recurvatus,28120762,cellular organisms;Eukaryota;Opisthokonta;Fungi;Fungi incertae sedis;Mucoromycota;Mucoromycotina;Mucoromycetes;Mucorales;Mucorineae;Mucoraceae;Cokeromyces;Cokeromyces recurvatus,131567;2759;33154;4751;112252;1913637;451507;2212703;4827;1344963;34489;90254;90255,90255
Aspergillus glaucus CBS 516.65,27993362,cellular organisms;Eukaryota;Opisthokonta;Fungi;Dikarya;Ascomycota;saccharomyceta;Pezizomycotina;leotiomyceta;Eurotiomycetes;Eurotiomycetidae;Eurotiales;Aspergillaceae;Aspergillus;Aspergillus subgen. Aspergillus;Aspergillus glaucus;Aspergillus glaucus CBS 516.65,131567;2759;33154;4751;451864;4890;716545;147538;716546;147545;451871;5042;1131492;5052;2720874;41413;1160497,1160497
Staphylococcus epidermidis,27946292,cellular organisms;Bacteria;Bacillati;Bacillota;Bacilli;Bacillales;Staphylococcaceae;Staphylococcus;Staphylococcus epidermidis,131567;2;1783272;1239;91061;1385;90964;1279;1282,1282
Aspergillus clavatus NRRL 1,27859441,cellular organisms;Eukaryota;Opisthokonta;Fungi;Dikarya;Ascomycota;saccharomyceta;Pezizomycotina;leotiomyceta;Eurotiomycetes;Eurotiomycetidae;Eurotiales;Aspergillaceae;Aspergillus;Aspergillus subgen. Fumigati;Aspergillus clavatus;Aspergillus clavatus NRRL 1,131567;2759;33154;4751;451864;4890;716545;147538;716546;147545;451871;5042;1131492;5052;2720872;5057;344612,344612
Aspergillus ochraceoroseus IBT 24754,27718211,cellular organisms;Eukaryota;Opisthokonta;Fungi;Dikarya;Ascomycota;saccharomyceta;Pezizomycotina;leotiomyceta;Eurotiomycetes;Eurotiomycetidae;Eurotiales;Aspergillaceae;Aspergillus;Aspergillus subgen. Nidulantes;Aspergillus ochraceoroseus;Aspergillus ochraceoroseus IBT 24754,131567;2759;33154;4751;451864;4890;716545;147538;716546;147545;451871;5042;1131492;5052;2720870;138278;1392256,1392256
Rhizomucor miehei CAU432,27442318,cellular organisms;Eukaryota;Opisthokonta;Fungi;Fungi incertae sedis;Mucoromycota;Mucoromycotina;Mucoromycetes;Mucorales;Lichtheimiaceae;Rhizomucor;Rhizomucor miehei;Rhizomucor miehei CAU432,131567;2759;33154;4751;112252;1913637;451507;2212703;4827;499202;4838;4839;1031333,1031333
Aspergillus candidus,27317772,cellular organisms;Eukaryota;Opisthokonta;Fungi;Dikarya;Ascomycota;saccharomyceta;Pezizomycotina;leotiomyceta;Eurotiomycetes;Eurotiomycetidae;Eurotiales;Aspergillaceae;Aspergillus;Aspergillus subgen. Circumdati;Aspergillus candidus,131567;2759;33154;4751;451864;4890;716545;147538;716546;147545;451871;5042;1131492;5052;2720871;41067,41067
Serratia plymuthica,27271131,cellular organisms;Bacteria;Pseudomonadati;Pseudomonadota;Gammaproteobacteria;Enterobacterales;Yersiniaceae;Serratia;Serratia plymuthica,131567;2;3379134;1224;1236;91347;1903411;613;82996,82996
Plasmodium vivax,27007701,cellular organisms;Eukaryota;Sar;Alveolata;Apicomplexa;Aconoidasida;Haemosporida;Plasmodiidae;Plasmodium;Plasmodium (Plasmodium);Plasmodium vivax,131567;2759;2698737;33630;5794;422676;5819;1639119;5820;418103;5855,5855
Delftia acidovorans,27006880,cellular organisms;Bacteria;Pseudomonadati;Pseudomonadota;Betaproteobacteria;Burkholderiales;Comamonadaceae;Delftia;Delftia acidovorans,131567;2;3379134;1224;28216;80840;80864;80865;80866,80866
Streptococcus mutans,26619467,cellular organisms;Bacteria;Bacillati;Bacillota;Bacilli;Lactobacillales;Streptococcaceae;Streptococcus;Streptococcus mutans,131567;2;1783272;1239;91061;186826;1300;1301;1309,1309
Listeria monocytogenes,26457359,cellular organisms;Bacteria;Bacillati;Bacillota;Bacilli;Bacillales;Listeriaceae;Listeria;Listeria monocytogenes,131567;2;1783272;1239;91061;1385;186820;1637;1639,1639
Vibrio alginolyticus,26281282,cellular organisms;Bacteria;Pseudomonadati;Pseudomonadota;Gammaproteobacteria;Vibrionales;Vibrionaceae;Vibrio;Vibrio harveyi group;Vibrio alginolyticus,131567;2;3379134;1224;1236;135623;641;662;717610;663,663
Aspergillus ruber CBS 135680,26209327,cellular organisms;Eukaryota;Opisthokonta;Fungi;Dikarya;Ascomycota;saccharomyceta;Pezizomycotina;leotiomyceta;Eurotiomycetes;Eurotiomycetidae;Eurotiales;Aspergillaceae;Aspergillus;Aspergillus subgen. Aspergillus;Aspergillus ruber;Aspergillus ruber CBS 135680,131567;2759;33154;4751;451864;4890;716545;147538;716546;147545;451871;5042;1131492;5052;2720874;396024;1388766,1388766
Burkholderia gladioli,26116015,cellular organisms;Bacteria;Pseudomonadati;Pseudomonadota;Betaproteobacteria;Burkholderiales;Burkholderiaceae;Burkholderia;Burkholderia gladioli,131567;2;3379134;1224;28216;80840;119060;32008;28095,28095
Trypanosoma brucei brucei TREU927,26075494,cellular organisms;Eukaryota;Discoba;Euglenozoa;Kinetoplastea;Metakinetoplastina;Trypanosomatida;Trypanosomatidae;Trypanosoma;Trypanozoon;Trypanosoma brucei;Trypanosoma brucei brucei;Trypanosoma brucei brucei TREU927,131567;2759;2611352;33682;5653;2704647;2704949;5654;5690;39700;5691;5702;185431,185431
Rhizopus microsporus ATCC 52813,25972395,cellular organisms;Eukaryota;Opisthokonta;Fungi;Fungi incertae sedis;Mucoromycota;Mucoromycotina;Mucoromycetes;Mucorales;Mucorineae;Rhizopodaceae;Rhizopus;Rhizopus microsporus;Rhizopus microsporus ATCC 52813,131567;2759;33154;4751;112252;1913637;451507;2212703;4827;1344963;1344955;4842;58291;1340429,1340429
Bordetella bronchiseptica,25801121,cellular organisms;Bacteria;Pseudomonadati;Pseudomonadota;Betaproteobacteria;Burkholderiales;Alcaligenaceae;Bordetella;Bordetella bronchiseptica,131567;2;3379134;1224;28216;80840;506;517;518,518
Vibrio vulnificus,24982748,cellular organisms;Bacteria;Pseudomonadati;Pseudomonadota;Gammaproteobacteria;Vibrionales;Vibrionaceae;Vibrio;Vibrio vulnificus,131567;2;3379134;1224;1236;135623;641;662;672,672
Chryseobacterium indologenes,24596772,cellular organisms;Bacteria;Pseudomonadati;FCB group;Bacteroidota/Chlorobiota group;Bacteroidota;Flavobacteriia;Flavobacteriales;Weeksellaceae;Chryseobacterium group;Chryseobacterium;Chryseobacterium indologenes,131567;2;3379134;1783270;68336;976;117743;200644;2762318;2782232;59732;253,253
Yersinia pestis,24382313,cellular organisms;Bacteria;Pseudomonadati;Pseudomonadota;Gammaproteobacteria;Enterobacterales;Yersiniaceae;Yersinia;Yersinia pseudotuberculosis complex;Yersinia pestis,131567;2;3379134;1224;1236;91347;1903411;629;1649845;632,632
Plasmodium falciparum 3D7,23292622,cellular organisms;Eukaryota;Sar;Alveolata;Apicomplexa;Aconoidasida;Haemosporida;Plasmodiidae;Plasmodium;Plasmodium (Laverania);Plasmodium falciparum;Plasmodium falciparum 3D7,131567;2759;2698737;33630;5794;422676;5819;1639119;5820;418107;5833;36329,36329
Mycobacterium tuberculosis,22175766,cellular organisms;Bacteria;Bacillati;Actinomycetota;Actinomycetes;Mycobacteriales;Mycobacteriaceae;Mycobacterium;Mycobacterium tuberculosis complex;Mycobacterium tuberculosis,131567;2;1783272;201174;1760;85007;1762;1763;77643;1773,1773
Enterococcus avium,21918842,cellular organisms;Bacteria;Bacillati;Bacillota;Bacilli;Lactobacillales;Enterococcaceae;Enterococcus;Enterococcus avium,131567;2;1783272;1239;91061;186826;81852;1350;33945,33945
Enterococcus faecium,21404787,cellular organisms;Bacteria;Bacillati;Bacillota;Bacilli;Lactobacillales;Enterococcaceae;Enterococcus;Enterococcus faecium,131567;2;1783272;1239;91061;186826;81852;1350;1352,1352
Pasteurella multocida,21379216,cellular organisms;Bacteria;Pseudomonadati;Pseudomonadota;Gammaproteobacteria;Pasteurellales;Pasteurellaceae;Pasteurella;Pasteurella multocida,131567;2;3379134;1224;1236;135625;712;745;747,747
Enterococcus faecalis,21338795,cellular organisms;Bacteria;Bacillati;Bacillota;Bacilli;Lactobacillales;Enterococcaceae;Enterococcus;Enterococcus faecalis,131567;2;1783272;1239;91061;186826;81852;1350;1351,1351
Burkholderia oklahomensis C6786,21257421,cellular organisms;Bacteria;Pseudomonadati;Pseudomonadota;Betaproteobacteria;Burkholderiales;Burkholderiaceae;Burkholderia;pseudomallei group;Burkholderia oklahomensis;Burkholderia oklahomensis C6786,131567;2;3379134;1224;28216;80840;119060;32008;111527;342113;441162,441162
Serratia marcescens,20889861,cellular organisms;Bacteria;Pseudomonadati;Pseudomonadota;Gammaproteobacteria;Enterobacterales;Yersiniaceae;Serratia;Serratia marcescens,131567;2;3379134;1224;1236;91347;1903411;613;615,615
Entamoeba histolytica HM-1:IMSS,20835395,cellular organisms;Eukaryota;Amoebozoa;Evosea;Archamoebae;Mastigamoebida;Entamoebidae;Entamoeba;Entamoeba histolytica;Entamoeba histolytica HM-1:IMSS,131567;2759;554915;2605435;555406;2682482;33084;5758;5759;294381,294381
Citrobacter freundii,20781000,cellular organisms;Bacteria;Pseudomonadati;Pseudomonadota;Gammaproteobacteria;Enterobacterales;Enterobacteriaceae;Citrobacter;Citrobacter freundii complex;Citrobacter freundii,131567;2;3379134;1224;1236;91347;543;544;1344959;546,546
Burkholderia glumae,20540837,cellular organisms;Bacteria;Pseudomonadati;Pseudomonadota;Betaproteobacteria;Burkholderiales;Burkholderiaceae;Burkholderia;Burkholderia glumae,131567;2;3379134;1224;28216;80840;119060;32008;337,337
Morganella morganii,20427631,cellular organisms;Bacteria;Pseudomonadati;Pseudomonadota;Gammaproteobacteria;Enterobacterales;Morganellaceae;Morganella;Morganella morganii,131567;2;3379134;1224;1236;91347;1903414;581;582,582
Achromobacter denitrificans,20290285,cellular organisms;Bacteria;Pseudomonadati;Pseudomonadota;Betaproteobacteria;Burkholderiales;Alcaligenaceae;Achromobacter;Achromobacter denitrificans,131567;2;3379134;1224;28216;80840;506;222;32002,32002
Citrobacter amalonaticus,20125407,cellular organisms;Bacteria;Pseudomonadati;Pseudomonadota;Gammaproteobacteria;Enterobacterales;Enterobacteriaceae;Citrobacter;Citrobacter amalonaticus,131567;2;3379134;1224;1236;91347;543;544;35703,35703
Cupriavidus pauculus,19725309,cellular organisms;Bacteria;Pseudomonadati;Pseudomonadota;Betaproteobacteria;Burkholderiales;Burkholderiaceae;Cupriavidus;Cupriavidus pauculus,131567;2;3379134;1224;28216;80840;119060;106589;82633,82633
Cryptococcus neoformans var. neoformans B-3501A,19699782,cellular organisms;Eukaryota;Opisthokonta;Fungi;Dikarya;Basidiomycota;Agaricomycotina;Tremellomycetes;Tremellales;Cryptococcaceae;Cryptococcus;Cryptococcus neoformans species complex;Cryptococcus neoformans;Cryptococcus neoformans var. neoformans;Cryptococcus neoformans var. neoformans B-3501A,131567;2759;33154;4751;451864;5204;5302;155616;5234;1884633;5206;1897064;5207;40410;283643,283643
Bacteroides ovatus,19469148,cellular organisms;Bacteria;Pseudomonadati;FCB group;Bacteroidota/Chlorobiota group;Bacteroidota;Bacteroidia;Bacteroidales;Bacteroidaceae;Bacteroides;Bacteroides ovatus,131567;2;3379134;1783270;68336;976;200643;171549;815;816;28116,28116
Brevibacterium casei,19406386,cellular organisms;Bacteria;Bacillati;Actinomycetota;Actinomycetes;Micrococcales;Brevibacteriaceae;Brevibacterium;Brevibacterium casei,131567;2;1783272;201174;1760;85006;85019;1696;33889,33889
Cryptococcus neoformans var. neoformans JEC21,19051922,cellular organisms;Eukaryota;Opisthokonta;Fungi;Dikarya;Basidiomycota;Agaricomycotina;Tremellomycetes;Tremellales;Cryptococcaceae;Cryptococcus;Cryptococcus neoformans species complex;Cryptococcus neoformans;Cryptococcus neoformans var. neoformans;Cryptococcus neoformans var. neoformans JEC21,131567;2759;33154;4751;451864;5204;5302;155616;5234;1884633;5206;1897064;5207;40410;214684,214684
Burkholderia dolosa,19013840,cellular organisms;Bacteria;Pseudomonadati;Pseudomonadota;Betaproteobacteria;Burkholderiales;Burkholderiaceae;Burkholderia;Burkholderia cepacia complex;Burkholderia dolosa,131567;2;3379134;1224;28216;80840;119060;32008;87882;152500,152500
Cryptococcus neoformans var. grubii H99,18916112,cellular organisms;Eukaryota;Opisthokonta;Fungi;Dikarya;Basidiomycota;Agaricomycotina;Tremellomycetes;Tremellales;Cryptococcaceae;Cryptococcus;Cryptococcus neoformans species complex;Cryptococcus neoformans;Cryptococcus neoformans var. grubii;Cryptococcus neoformans var. grubii H99,131567;2759;33154;4751;451864;5204;5302;155616;5234;1884633;5206;1897064;5207;178876;235443,235443
Lelliottia amnigena,18488660,cellular organisms;Bacteria;Pseudomonadati;Pseudomonadota;Gammaproteobacteria;Enterobacterales;Enterobacteriaceae;Lelliottia;Lelliottia amnigena,131567;2;3379134;1224;1236;91347;543;1330545;61646,61646
Cryptococcus gattii WM276,18374760,cellular organisms;Eukaryota;Opisthokonta;Fungi;Dikarya;Basidiomycota;Agaricomycotina;Tremellomycetes;Tremellales;Cryptococcaceae;Cryptococcus;Cryptococcus gattii species complex;Cryptococcus gattii;Cryptococcus gattii WM276,131567;2759;33154;4751;451864;5204;5302;155616;5234;1884633;5206;1884637;37769;367775,367775
Providencia rettgeri,18321611,cellular organisms;Bacteria;Pseudomonadati;Pseudomonadota;Gammaproteobacteria;Enterobacterales;Morganellaceae;Providencia;Providencia rettgeri,131567;2;3379134;1224;1236;91347;1903414;586;587,587
Pseudomonas putida,18127813,cellular organisms;Bacteria;Pseudomonadati;Pseudomonadota;Gammaproteobacteria;Pseudomonadales;Pseudomonadaceae;Pseudomonas;Pseudomonas putida group;Pseudomonas putida,131567;2;3379134;1224;1236;72274;135621;286;136845;303,303
Neisseria meningitidis,18113790,cellular organisms;Bacteria;Pseudomonadati;Pseudomonadota;Betaproteobacteria;Neisseriales;Neisseriaceae;Neisseria;Neisseria meningitidis,131567;2;3379134;1224;28216;206351;481;482;487,487
Vibrio harveyi,17752198,cellular organisms;Bacteria;Pseudomonadati;Pseudomonadota;Gammaproteobacteria;Vibrionales;Vibrionaceae;Vibrio;Vibrio harveyi group;Vibrio harveyi,131567;2;3379134;1224;1236;135623;641;662;717610;669,669
Bordetella bronchialis,17698127,cellular organisms;Bacteria;Pseudomonadati;Pseudomonadota;Betaproteobacteria;Burkholderiales;Alcaligenaceae;Bordetella;Bordetella bronchialis,131567;2;3379134;1224;28216;80840;506;517;463025,463025
Haemophilus influenzae biotype aegyptius,17681926,cellular organisms;Bacteria;Pseudomonadati;Pseudomonadota;Gammaproteobacteria;Pasteurellales;Pasteurellaceae;Haemophilus;Haemophilus influenzae;Haemophilus influenzae biotype aegyptius,131567;2;3379134;1224;1236;135625;712;724;727;725,725
Burkholderia gladioli pv. gladioli,17179713,cellular organisms;Bacteria;Pseudomonadati;Pseudomonadota;Betaproteobacteria;Burkholderiales;Burkholderiaceae;Burkholderia;Burkholderia gladioli;Burkholderia gladioli pv. gladioli,131567;2;3379134;1224;28216;80840;119060;32008;28095;32009,32009
Burkholderia cepacia,17139678,cellular organisms;Bacteria;Pseudomonadati;Pseudomonadota;Betaproteobacteria;Burkholderiales;Burkholderiaceae;Burkholderia;Burkholderia cepacia complex;Burkholderia cepacia,131567;2;3379134;1224;28216;80840;119060;32008;87882;292,292
Candida albicans,17026608,cellular organisms;Eukaryota;Opisthokonta;Fungi;Dikarya;Ascomycota;saccharomyceta;Saccharomycotina;Pichiomycetes;Serinales;Debaryomycetaceae;Candida/Lodderomyces clade;Candida;Candida albicans,131567;2759;33154;4751;451864;4890;716545;147537;3239874;2916678;766764;1535325;5475;5476,5476
Bacillus tropicus,16715842,cellular organisms;Bacteria;Bacillati;Bacillota;Bacilli;Bacillales;Bacillaceae;Bacillus;Bacillus cereus group;Bacillus tropicus,131567;2;1783272;1239;91061;1385;186817;1386;86661;2026188,2026188
Clostridium perfringens,16617793,cellular organisms;Bacteria;Bacillati;Bacillota;Clostridia;Eubacteriales;Clostridiaceae;Clostridium;Clostridium perfringens,131567;2;1783272;1239;186801;186802;31979;1485;1502,1502
Vibrio cholerae,16365889,cellular organisms;Bacteria;Pseudomonadati;Pseudomonadota;Gammaproteobacteria;Vibrionales;Vibrionaceae;Vibrio;Vibrio cholerae,131567;2;3379134;1224;1236;135623;641;662;666,666
Vibrio diabolicus,15731576,cellular organisms;Bacteria;Pseudomonadati;Pseudomonadota;Gammaproteobacteria;Vibrionales;Vibrionaceae;Vibrio;Vibrio harveyi group;Vibrio diabolicus subgroup;Vibrio diabolicus,131567;2;3379134;1224;1236;135623;641;662;717610;2315253;50719,50719
Sphingobacterium spiritivorum,15548842,cellular organisms;Bacteria;Pseudomonadati;FCB group;Bacteroidota/Chlorobiota group;Bacteroidota;Sphingobacteriia;Sphingobacteriales;Sphingobacteriaceae;Sphingobacterium;Sphingobacterium spiritivorum,131567;2;3379134;1783270;68336;976;117747;200666;84566;28453;258,258
Salmonella enterica subsp. enterica serovar Typhimurium,15250614,cellular organisms;Bacteria;Pseudomonadati;Pseudomonadota;Gammaproteobacteria;Enterobacterales;Enterobacteriaceae;Salmonella;Salmonella enterica;Salmonella enterica subsp. enterica;Salmonella enterica subsp. enterica serovar Typhimurium,131567;2;3379134;1224;1236;91347;543;590;28901;59201;90371,90371
Acinetobacter johnsonii,15143252,cellular organisms;Bacteria;Pseudomonadati;Pseudomonadota;Gammaproteobacteria;Moraxellales;Moraxellaceae;Acinetobacter;Acinetobacter johnsonii,131567;2;3379134;1224;1236;2887326;468;469;40214,40214
Burkholderia ambifaria,15070955,cellular organisms;Bacteria;Pseudomonadati;Pseudomonadota;Betaproteobacteria;Burkholderiales;Burkholderiaceae;Burkholderia;Burkholderia cepacia complex;Burkholderia ambifaria,131567;2;3379134;1224;28216;80840;119060;32008;87882;152480,152480
Yersinia intermedia,14818476,cellular organisms;Bacteria;Pseudomonadati;Pseudomonadota;Gammaproteobacteria;Enterobacterales;Yersiniaceae;Yersinia;Yersinia intermedia,131567;2;3379134;1224;1236;91347;1903411;629;631,631
Candida tropicalis MYA-3404,14630139,cellular organisms;Eukaryota;Opisthokonta;Fungi;Dikarya;Ascomycota;saccharomyceta;Saccharomycotina;Pichiomycetes;Serinales;Debaryomycetaceae;Candida/Lodderomyces clade;Candida;Candida tropicalis;Candida tropicalis MYA-3404,131567;2759;33154;4751;451864;4890;716545;147537;3239874;2916678;766764;1535325;5475;5482;294747,294747
Enterobacter asburiae,14625621,cellular organisms;Bacteria;Pseudomonadati;Pseudomonadota;Gammaproteobacteria;Enterobacterales;Enterobacteriaceae;Enterobacter;Enterobacter cloacae complex;Enterobacter asburiae,131567;2;3379134;1224;1236;91347;543;547;354276;61645,61645
Candida dubliniensis CD36,14618422,cellular organisms;Eukaryota;Opisthokonta;Fungi;Dikarya;Ascomycota;saccharomyceta;Saccharomycotina;Pichiomycetes;Serinales;Debaryomycetaceae;Candida/Lodderomyces clade;Candida;Candida dubliniensis;Candida dubliniensis CD36,131567;2759;33154;4751;451864;4890;716545;147537;3239874;2916678;766764;1535325;5475;42374;573826,573826
Enterococcus hirae,14602134,cellular organisms;Bacteria;Bacillati;Bacillota;Bacilli;Lactobacillales;Enterococcaceae;Enterococcus;Enterococcus hirae,131567;2;1783272;1239;91061;186826;81852;1350;1354,1354
Saccharomyces cerevisiae,14455402,cellular organisms;Eukaryota;Opisthokonta;Fungi;Dikarya;Ascomycota;saccharomyceta;Saccharomycotina;Saccharomycetes;Saccharomycetales;Saccharomycetaceae;Saccharomyces;Saccharomyces cerevisiae,131567;2759;33154;4751;451864;4890;716545;147537;4891;4892;4893;4930;4932,4932
Enterococcus casseliflavus,14430792,cellular organisms;Bacteria;Bacillati;Bacillota;Bacilli;Lactobacillales;Enterococcaceae;Enterococcus;Enterococcus casseliflavus,131567;2;1783272;1239;91061;186826;81852;1350;37734,37734
Chromobacterium violaceum,14416843,cellular organisms;Bacteria;Pseudomonadati;Pseudomonadota;Betaproteobacteria;Neisseriales;Chromobacteriaceae;Chromobacterium;Chromobacterium violaceum,131567;2;3379134;1224;28216;206351;1499392;535;536,536
Bacteroides caccae,14340937,cellular organisms;Bacteria;Pseudomonadati;FCB group;Bacteroidota/Chlorobiota group;Bacteroidota;Bacteroidia;Bacteroidales;Bacteroidaceae;Bacteroides;Bacteroides caccae,131567;2;3379134;1783270;68336;976;200643;171549;815;816;47678,47678
Vibrio pelagius,14241206,cellular organisms;Bacteria;Pseudomonadati;Pseudomonadota;Gammaproteobacteria;Vibrionales;Vibrionaceae;Vibrio;Vibrio pelagius,131567;2;3379134;1224;1236;135623;641;662;28169,28169
Aeromonas caviae,13952331,cellular organisms;Bacteria;Pseudomonadati;Pseudomonadota;Gammaproteobacteria;Aeromonadales;Aeromonadaceae;Aeromonas;Aeromonas caviae,131567;2;3379134;1224;1236;135624;84642;642;648,648
Mycolicibacterium smegmatis,13933050,cellular organisms;Bacteria;Bacillati;Actinomycetota;Actinomycetes;Mycobacteriales;Mycobacteriaceae;Mycolicibacterium;Mycolicibacterium smegmatis,131567;2;1783272;201174;1760;85007;1762;1866885;1772,1772
Francisella tularensis,13339549,cellular organisms;Bacteria;Pseudomonadati;Pseudomonadota;Gammaproteobacteria;Thiotrichales;Francisellaceae;Francisella;Francisella tularensis,131567;2;3379134;1224;1236;72273;34064;262;263,263
Corynebacterium amycolatum,13289157,cellular organisms;Bacteria;Bacillati;Actinomycetota;Actinomycetes;Mycobacteriales;Corynebacteriaceae;Corynebacterium;Corynebacterium amycolatum,131567;2;1783272;201174;1760;85007;1653;1716;43765,43765
Klebsiella michiganensis,13134293,cellular organisms;Bacteria;Pseudomonadati;Pseudomonadota;Gammaproteobacteria;Enterobacterales;Enterobacteriaceae;Klebsiella/Raoultella group;Klebsiella;Klebsiella michiganensis,131567;2;3379134;1224;1236;91347;543;2890311;570;1134687,1134687
Staphylococcus lugdunensis,12868366,cellular organisms;Bacteria;Bacillati;Bacillota;Bacilli;Bacillales;Staphylococcaceae;Staphylococcus;Staphylococcus lugdunensis,131567;2;1783272;1239;91061;1385;90964;1279;28035,28035
Nakaseomyces glabratus,12726212,cellular organisms;Eukaryota;Opisthokonta;Fungi;Dikarya;Ascomycota;saccharomyceta;Saccharomycotina;Saccharomycetes;Saccharomycetales;Saccharomycetaceae;Nakaseomyces;Nakaseomyces glabratus,131567;2759;33154;4751;451864;4890;716545;147537;4891;4892;4893;374468;5478,5478
Candida orthopsilosis Co 90-125,12659401,cellular organisms;Eukaryota;Opisthokonta;Fungi;Dikarya;Ascomycota;saccharomyceta;Saccharomycotina;Pichiomycetes;Serinales;Debaryomycetaceae;Candida/Lodderomyces clade;Candida;Candida orthopsilosis;Candida orthopsilosis Co 90-125,131567;2759;33154;4751;451864;4890;716545;147537;3239874;2916678;766764;1535325;5475;273371;1136231,1136231
Mycolicibacillus koreensis,12324786,cellular organisms;Bacteria;Bacillati;Actinomycetota;Actinomycetes;Mycobacteriales;Mycobacteriaceae;Mycolicibacillus;Mycolicibacillus koreensis,131567;2;1783272;201174;1760;85007;1762;2126281;1069220,1069220
Candidozyma auris,12249773,cellular organisms;Eukaryota;Opisthokonta;Fungi;Dikarya;Ascomycota;saccharomyceta;Saccharomycotina;Pichiomycetes;Serinales;Metschnikowiaceae;Candidozyma;Candidozyma auris,131567;2759;33154;4751;451864;4890;716545;147537;3239874;2916678;27319;3303203;498019,498019
Clavispora lusitaniae,12152819,cellular organisms;Eukaryota;Opisthokonta;Fungi;Dikarya;Ascomycota;saccharomyceta;Saccharomycotina;Pichiomycetes;Serinales;Metschnikowiaceae;Clavispora;Clavispora lusitaniae,131567;2759;33154;4751;451864;4890;716545;147537;3239874;2916678;27319;36910;36911,36911
Giardia intestinalis,12078186,cellular organisms;Eukaryota;Metamonada;Fornicata;Diplomonadida;Hexamitidae;Giardiinae;Giardia;Giardia intestinalis,131567;2759;2611341;207245;5738;5739;68459;5740;5741,5741
Elizabethkingia anophelis,12070977,cellular organisms;Bacteria;Pseudomonadati;FCB group;Bacteroidota/Chlorobiota group;Bacteroidota;Flavobacteriia;Flavobacteriales;Weeksellaceae;Elizabethkingia;Elizabethkingia anophelis,131567;2;3379134;1783270;68336;976;117743;200644;2762318;308865;1117645,1117645
Clostridium sporogenes,12051316,cellular organisms;Bacteria;Bacillati;Bacillota;Clostridia;Eubacteriales;Clostridiaceae;Clostridium;Clostridium sporogenes,131567;2;1783272;1239;186801;186802;31979;1485;1509,1509
Streptococcus oralis,11823516,cellular organisms;Bacteria;Bacillati;Bacillota;Bacilli;Lactobacillales;Streptococcaceae;Streptococcus;Streptococcus oralis,131567;2;1783272;1239;91061;186826;1300;1301;1303,1303
Corynebacterium glucuronolyticum,11566607,cellular organisms;Bacteria;Bacillati;Actinomycetota;Actinomycetes;Mycobacteriales;Corynebacteriaceae;Corynebacterium;Corynebacterium glucuronolyticum,131567;2;1783272;201174;1760;85007;1653;1716;39791,39791
Corynebacterium striatum,11527767,cellular organisms;Bacteria;Bacillati;Actinomycetota;Actinomycetes;Mycobacteriales;Corynebacteriaceae;Corynebacterium;Corynebacterium striatum,131567;2;1783272;201174;1760;85007;1653;1716;43770,43770
Bacteroides nordii,11357164,cellular organisms;Bacteria;Pseudomonadati;FCB group;Bacteroidota/Chlorobiota group;Bacteroidota;Bacteroidia;Bacteroidales;Bacteroidaceae;Bacteroides;Bacteroides nordii,131567;2;3379134;1783270;68336;976;200643;171549;815;816;291645,291645
Escherichia coli O157,11252366,cellular organisms;Bacteria;Pseudomonadati;Pseudomonadota;Gammaproteobacteria;Enterobacterales;Enterobacteriaceae;Escherichia;Escherichia coli;Escherichia coli O157,131567;2;3379134;1224;1236;91347;543;561;562;1045010,1045010
Streptococcus agalactiae,11237203,cellular organisms;Bacteria;Bacillati;Bacillota;Bacilli;Lactobacillales;Streptococcaceae;Streptococcus;Streptococcus agalactiae,131567;2;1783272;1239;91061;186826;1300;1301;1311,1311
Staphylococcus equorum,11162979,cellular organisms;Bacteria;Bacillati;Bacillota;Bacilli;Bacillales;Staphylococcaceae;Staphylococcus;Staphylococcus equorum,131567;2;1783272;1239;91061;1385;90964;1279;246432,246432
Streptococcus pyogenes,11099580,cellular organisms;Bacteria;Bacillati;Bacillota;Bacilli;Lactobacillales;Streptococcaceae;Streptococcus;Streptococcus pyogenes,131567;2;1783272;1239;91061;186826;1300;1301;1314,1314
Streptococcus dysgalactiae,10984369,cellular organisms;Bacteria;Bacillati;Bacillota;Bacilli;Lactobacillales;Streptococcaceae;Streptococcus;Streptococcus dysgalactiae group;Streptococcus dysgalactiae,131567;2;1783272;1239;91061;186826;1300;1301;119603;1334,1334
Kluyveromyces marxianus DMKU3-1042,10966467,cellular organisms;Eukaryota;Opisthokonta;Fungi;Dikarya;Ascomycota;saccharomyceta;Saccharomycotina;Saccharomycetes;Saccharomycetales;Saccharomycetaceae;Kluyveromyces;Kluyveromyces marxianus;Kluyveromyces marxianus DMKU3-1042,131567;2759;33154;4751;451864;4890;716545;147537;4891;4892;4893;4910;4911;1003335,1003335
Escherichia coli O104:H4,10943599,cellular organisms;Bacteria;Pseudomonadati;Pseudomonadota;Gammaproteobacteria;Enterobacterales;Enterobacteriaceae;Escherichia;Escherichia coli;Escherichia coli O104:H4,131567;2;3379134;1224;1236;91347;543;561;562;1038927,1038927
Klebsiella quasipneumoniae,10907874,cellular organisms;Bacteria;Pseudomonadati;Pseudomonadota;Gammaproteobacteria;Enterobacterales;Enterobacteriaceae;Klebsiella/Raoultella group;Klebsiella;Klebsiella pneumoniae complex;Klebsiella quasipneumoniae,131567;2;3379134;1224;1236;91347;543;2890311;570;3390273;1463165,1463165
Streptococcus gordonii,10883024,cellular organisms;Bacteria;Bacillati;Bacillota;Bacilli;Lactobacillales;Streptococcaceae;Streptococcus;Streptococcus gordonii,131567;2;1783272;1239;91061;186826;1300;1301;1302,1302
Pluralibacter gergoviae,10847639,cellular organisms;Bacteria;Pseudomonadati;Pseudomonadota;Gammaproteobacteria;Enterobacterales;Enterobacteriaceae;Pluralibacter;Pluralibacter gergoviae,131567;2;3379134;1224;1236;91347;543;1330546;61647,61647
Pichia kudriavzevii,10812555,cellular organisms;Eukaryota;Opisthokonta;Fungi;Dikarya;Ascomycota;saccharomyceta;Saccharomycotina;Pichiomycetes;Pichiales;Pichiaceae;Pichia;Pichia kudriavzevii,131567;2759;33154;4751;451864;4890;716545;147537;3239874;3243775;1156497;4919;4909,4909
Serratia liquefaciens,10801225,cellular organisms;Bacteria;Pseudomonadati;Pseudomonadota;Gammaproteobacteria;Enterobacterales;Yersiniaceae;Serratia;Serratia liquefaciens,131567;2;3379134;1224;1236;91347;1903411;613;614,614
Staphylococcus haemolyticus,10762108,cellular organisms;Bacteria;Bacillati;Bacillota;Bacilli;Bacillales;Staphylococcaceae;Staphylococcus;Staphylococcus haemolyticus,131567;2;1783272;1239;91061;1385;90964;1279;1283,1283
Lactococcus garvieae,10734495,cellular organisms;Bacteria;Bacillati;Bacillota;Bacilli;Lactobacillales;Streptococcaceae;Lactococcus;Lactococcus garvieae,131567;2;1783272;1239;91061;186826;1300;1357;1363,1363
Niallia circulans,10638997,cellular organisms;Bacteria;Bacillati;Bacillota;Bacilli;Bacillales;Bacillaceae;Niallia;Niallia circulans,131567;2;1783272;1239;91061;1385;186817;2837506;1397,1397
Meyerozyma guilliermondii ATCC 6260,10609954,cellular organisms;Eukaryota;Opisthokonta;Fungi;Dikarya;Ascomycota;saccharomyceta;Saccharomycotina;Pichiomycetes;Serinales;Debaryomycetaceae;Meyerozyma;Meyerozyma guilliermondii;Meyerozyma guilliermondii ATCC 6260,131567;2759;33154;4751;451864;4890;716545;147537;3239874;2916678;766764;766728;4929;294746,294746
Gordonia bronchialis,10606068,cellular organisms;Bacteria;Bacillati;Actinomycetota;Actinomycetes;Mycobacteriales;Gordoniaceae;Gordonia;Gordonia bronchialis,131567;2;1783272;201174;1760;85007;85026;2053;2054,2054
Staphylococcus saprophyticus,10504262,cellular organisms;Bacteria;Bacillati;Bacillota;Bacilli;Bacillales;Staphylococcaceae;Staphylococcus;Staphylococcus saprophyticus,131567;2;1783272;1239;91061;1385;90964;1279;29385,29385
Phocaeicola vulgatus,10500537,cellular organisms;Bacteria;Pseudomonadati;FCB group;Bacteroidota/Chlorobiota group;Bacteroidota;Bacteroidia;Bacteroidales;Bacteroidaceae;Phocaeicola;Phocaeicola vulgatus,131567;2;3379134;1783270;68336;976;200643;171549;815;909656;821,821
Salmonella enterica subsp. enterica serovar Typhimurium var. 5-,10305545,cellular organisms;Bacteria;Pseudomonadati;Pseudomonadota;Gammaproteobacteria;Enterobacterales;Enterobacteriaceae;Salmonella;Salmonella enterica;Salmonella enterica subsp. enterica;Salmonella enterica subsp. enterica serovar Typhimurium;Salmonella enterica subsp. enterica serovar Typhimurium var. 5-,131567;2;3379134;1224;1236;91347;543;590;28901;59201;90371;1620419,1620419
Lactococcus lactis,10278582,cellular organisms;Bacteria;Bacillati;Bacillota;Bacilli;Lactobacillales;Streptococcaceae;Lactococcus;Lactococcus lactis,131567;2;1783272;1239;91061;186826;1300;1357;1358,1358
Legionella pneumophila,10255742,cellular organisms;Bacteria;Pseudomonadati;Pseudomonadota;Gammaproteobacteria;Legionellales;Legionellaceae;Legionella;Legionella pneumophila,131567;2;3379134;1224;1236;118969;444;445;446,446
Thomasclavelia ramosa,10214654,cellular organisms;Bacteria;Bacillati;Bacillota;Erysipelotrichia;Erysipelotrichales;Coprobacillaceae;Thomasclavelia;Thomasclavelia ramosa,131567;2;1783272;1239;526524;526525;2810280;3025755;1547,1547
Campylobacter jejuni,10194638,cellular organisms;Bacteria;Pseudomonadati;Campylobacterota;Epsilonproteobacteria;Campylobacterales;Campylobacteraceae;Campylobacter;Campylobacter jejuni,131567;2;3379134;29547;3031852;213849;72294;194;197,197
Enterobacter roggenkampii,10107797,cellular organisms;Bacteria;Pseudomonadati;Pseudomonadota;Gammaproteobacteria;Enterobacterales;Enterobacteriaceae;Enterobacter;Enterobacter cloacae complex;Enterobacter roggenkampii,131567;2;3379134;1224;1236;91347;543;547;354276;1812935,1812935
Citrobacter portucalensis,10091992,cellular organisms;Bacteria;Pseudomonadati;Pseudomonadota;Gammaproteobacteria;Enterobacterales;Enterobacteriaceae;Citrobacter;Citrobacter freundii complex;Citrobacter portucalensis,131567;2;3379134;1224;1236;91347;543;544;1344959;1639133,1639133
Serratia rubidaea,10051188,cellular organisms;Bacteria;Pseudomonadati;Pseudomonadota;Gammaproteobacteria;Enterobacterales;Yersiniaceae;Serratia;Serratia rubidaea,131567;2;3379134;1224;1236;91347;1903411;613;61652,61652
Enterobacter cancerogenus,10001324,cellular organisms;Bacteria;Pseudomonadati;Pseudomonadota;Gammaproteobacteria;Enterobacterales;Enterobacteriaceae;Enterobacter;Enterobacter cloacae complex;Enterobacter cancerogenus,131567;2;3379134;1224;1236;91347;543;547;354276;69218,69218
Yersinia frederiksenii,9934709,cellular organisms;Bacteria;Pseudomonadati;Pseudomonadota;Gammaproteobacteria;Enterobacterales;Yersiniaceae;Yersinia;Yersinia frederiksenii,131567;2;3379134;1224;1236;91347;1903411;629;29484,29484
Citrobacter werkmanii,9934402,cellular organisms;Bacteria;Pseudomonadati;Pseudomonadota;Gammaproteobacteria;Enterobacterales;Enterobacteriaceae;Citrobacter;Citrobacter freundii complex;Citrobacter werkmanii,131567;2;3379134;1224;1236;91347;543;544;1344959;67827,67827
Amycolatopsis sp. FDAARGOS 1241,9798102,cellular organisms;Bacteria;Bacillati;Actinomycetota;Actinomycetes;Pseudonocardiales;Pseudonocardiaceae;Amycolatopsis;unclassified Amycolatopsis;Amycolatopsis sp. FDAARGOS 1241,131567;2;1783272;201174;1760;85010;2070;1813;2618356;2778070,2778070
Zygosaccharomyces rouxii,9764635,cellular organisms;Eukaryota;Opisthokonta;Fungi;Dikarya;Ascomycota;saccharomyceta;Saccharomycotina;Saccharomycetes;Saccharomycetales;Saccharomycetaceae;Zygosaccharomyces;Zygosaccharomyces rouxii,131567;2759;33154;4751;451864;4890;716545;147537;4891;4892;4893;4953;4956,4956
Salmonella enterica subsp. enterica serovar Heidelberg,9760041,cellular organisms;Bacteria;Pseudomonadati;Pseudomonadota;Gammaproteobacteria;Enterobacterales;Enterobacteriaceae;Salmonella;Salmonella enterica;Salmonella enterica subsp. enterica;Salmonella enterica subsp. enterica serovar Heidelberg,131567;2;3379134;1224;1236;91347;543;590;28901;59201;611,611
Vibrio fluvialis,9695281,cellular organisms;Bacteria;Pseudomonadati;Pseudomonadota;Gammaproteobacteria;Vibrionales;Vibrionaceae;Vibrio;Vibrio fluvialis,131567;2;3379134;1224;1236;135623;641;662;676,676
Enterobacter ludwigii,9674153,cellular organisms;Bacteria;Pseudomonadati;Pseudomonadota;Gammaproteobacteria;Enterobacterales;Enterobacteriaceae;Enterobacter;Enterobacter cloacae complex;Enterobacter ludwigii,131567;2;3379134;1224;1236;91347;543;547;354276;299767,299767
Aeromonas hydrophila,9660967,cellular organisms;Bacteria;Pseudomonadati;Pseudomonadota;Gammaproteobacteria;Aeromonadales;Aeromonadaceae;Aeromonas;Aeromonas hydrophila,131567;2;3379134;1224;1236;135624;84642;642;644,644
Paracoccus yeei,9519411,cellular organisms;Bacteria;Pseudomonadati;Pseudomonadota;Alphaproteobacteria;Rhodobacterales;Paracoccaceae;Paracoccus;Paracoccus yeei,131567;2;3379134;1224;28211;204455;31989;265;147645,147645
Hafnia paralvei,9428208,cellular organisms;Bacteria;Pseudomonadati;Pseudomonadota;Gammaproteobacteria;Enterobacterales;Hafniaceae;Hafnia;Hafnia paralvei,131567;2;3379134;1224;1236;91347;1903412;568;546367,546367
Escherichia fergusonii,9190471,cellular organisms;Bacteria;Pseudomonadati;Pseudomonadota;Gammaproteobacteria;Enterobacterales;Enterobacteriaceae;Escherichia;Escherichia fergusonii,131567;2;3379134;1224;1236;91347;543;561;564,564
Legionella anisa,9012496,cellular organisms;Bacteria;Pseudomonadati;Pseudomonadota;Gammaproteobacteria;Legionellales;Legionellaceae;Legionella;Legionella anisa,131567;2;3379134;1224;1236;118969;444;445;28082,28082
Paraburkholderia fungorum,9009624,cellular organisms;Bacteria;Pseudomonadati;Pseudomonadota;Betaproteobacteria;Burkholderiales;Burkholderiaceae;Paraburkholderia;Paraburkholderia fungorum,131567;2;3379134;1224;28216;80840;119060;1822464;134537,134537
Pediococcus pentosaceus,8968357,cellular organisms;Bacteria;Bacillati;Bacillota;Bacilli;Lactobacillales;Lactobacillaceae;Pediococcus;Pediococcus pentosaceus,131567;2;1783272;1239;91061;186826;33958;1253;1255,1255
Stutzerimonas stutzeri,8962333,cellular organisms;Bacteria;Pseudomonadati;Pseudomonadota;Gammaproteobacteria;Pseudomonadales;Pseudomonadaceae;Stutzerimonas;Stutzerimonas stutzeri group;Stutzerimonas stutzeri subgroup;Stutzerimonas stutzeri,131567;2;3379134;1224;1236;72274;135621;2901164;136846;578833;316,316
Nocardia brasiliensis,8935513,cellular organisms;Bacteria;Bacillati;Actinomycetota;Actinomycetes;Mycobacteriales;Nocardiaceae;Nocardia;Nocardia brasiliensis,131567;2;1783272;201174;1760;85007;85025;1817;37326,37326
Neisseria gonorrhoeae,8909808,cellular organisms;Bacteria;Pseudomonadati;Pseudomonadota;Betaproteobacteria;Neisseriales;Neisseriaceae;Neisseria;Neisseria gonorrhoeae,131567;2;3379134;1224;28216;206351;481;482;485,485
Sphingomonas paucimobilis,8883130,cellular organisms;Bacteria;Pseudomonadati;Pseudomonadota;Alphaproteobacteria;Sphingomonadales;Sphingomonadaceae;Sphingomonas;Sphingomonas paucimobilis,131567;2;3379134;1224;28211;204457;41297;13687;13689,13689
Vibrio mimicus,8870790,cellular organisms;Bacteria;Pseudomonadati;Pseudomonadota;Gammaproteobacteria;Vibrionales;Vibrionaceae;Vibrio;Vibrio mimicus,131567;2;3379134;1224;1236;135623;641;662;674,674
Cryptosporidium hominis TU502,8743570,cellular organisms;Eukaryota;Sar;Alveolata;Apicomplexa;Conoidasida;Coccidia;Eucoccidiorida;Eimeriorina;Cryptosporidiidae;Cryptosporidium;Cryptosporidium hominis;Cryptosporidium hominis TU502,131567;2759;2698737;33630;5794;1280412;5796;75739;423054;35082;5806;237895;353151,353151
Myroides odoratus,8410197,cellular organisms;Bacteria;Pseudomonadati;FCB group;Bacteroidota/Chlorobiota group;Bacteroidota;Flavobacteriia;Flavobacteriales;Flavobacteriaceae;Myroides;Myroides odoratus,131567;2;3379134;1783270;68336;976;117743;200644;49546;76831;256,256
Pneumocystis jirovecii RU7,8396240,cellular organisms;Eukaryota;Opisthokonta;Fungi;Dikarya;Ascomycota;Taphrinomycotina;Pneumocystomycetes;Pneumocystales;Pneumocystaceae;Pneumocystis;Pneumocystis jirovecii;Pneumocystis jirovecii RU7,131567;2759;33154;4751;451864;4890;451866;147553;37987;44281;4753;42068;1408657,1408657
Legionella longbeachae,8328188,cellular organisms;Bacteria;Pseudomonadati;Pseudomonadota;Gammaproteobacteria;Legionellales;Legionellaceae;Legionella;Legionella longbeachae,131567;2;3379134;1224;1236;118969;444;445;450,450
Staphylococcus cohnii,8235322,cellular organisms;Bacteria;Bacillati;Bacillota;Bacilli;Bacillales;Staphylococcaceae;Staphylococcus;Staphylococcus cohnii species complex;Staphylococcus cohnii,131567;2;1783272;1239;91061;1385;90964;1279;3239053;29382,29382
Staphylococcus pseudintermedius,8232495,cellular organisms;Bacteria;Bacillati;Bacillota;Bacilli;Bacillales;Staphylococcaceae;Staphylococcus;Staphylococcus intermedius group;Staphylococcus pseudintermedius,131567;2;1783272;1239;91061;1385;90964;1279;2815305;283734,283734
Alcaligenes faecalis,8145822,cellular organisms;Bacteria;Pseudomonadati;Pseudomonadota;Betaproteobacteria;Burkholderiales;Alcaligenaceae;Alcaligenes;Alcaligenes faecalis,131567;2;3379134;1224;28216;80840;506;507;511,511
Corynebacterium minutissimum,8117287,cellular organisms;Bacteria;Bacillati;Actinomycetota;Actinomycetes;Mycobacteriales;Corynebacteriaceae;Corynebacterium;Corynebacterium minutissimum,131567;2;1783272;201174;1760;85007;1653;1716;38301,38301
Mycobacterium dioxanotrophicus,8080416,cellular organisms;Bacteria;Bacillati;Actinomycetota;Actinomycetes;Mycobacteriales;Mycobacteriaceae;Mycobacterium;Mycobacterium dioxanotrophicus,131567;2;1783272;201174;1760;85007;1762;1763;482462,482462
Edwardsiella tarda,8041250,cellular organisms;Bacteria;Pseudomonadati;Pseudomonadota;Gammaproteobacteria;Enterobacterales;Hafniaceae;Edwardsiella;Edwardsiella tarda,131567;2;3379134;1224;1236;91347;1903412;635;636,636
Bacteroides eggerthii,8000418,cellular organisms;Bacteria;Pseudomonadati;FCB group;Bacteroidota/Chlorobiota group;Bacteroidota;Bacteroidia;Bacteroidales;Bacteroidaceae;Bacteroides;Bacteroides eggerthii,131567;2;3379134;1783270;68336;976;200643;171549;815;816;28111,28111
Mycobacterium aquaticum,7927592,cellular organisms;Bacteria;Bacillati;Actinomycetota;Actinomycetes;Mycobacteriales;Mycobacteriaceae;Mycobacterium;Mycobacterium aquaticum,131567;2;1783272;201174;1760;85007;1762;1763;1927124,1927124
Staphylococcus carnosus,7915958,cellular organisms;Bacteria;Bacillati;Bacillota;Bacilli;Bacillales;Staphylococcaceae;Staphylococcus;Staphylococcus carnosus,131567;2;1783272;1239;91061;1385;90964;1279;1281,1281
Acinetobacter nosocomialis,7905299,cellular organisms;Bacteria;Pseudomonadati;Pseudomonadota;Gammaproteobacteria;Moraxellales;Moraxellaceae;Acinetobacter;Acinetobacter calcoaceticus/baumannii complex;Acinetobacter nosocomialis,131567;2;3379134;1224;1236;2887326;468;469;909768;106654,106654
Enterovirus A71,7818171,Viruses;Riboviria;Orthornavirae;Pisuviricota;Pisoniviricetes;Picornavirales;Picornaviridae;Ensavirinae;Enterovirus;Enterovirus A;Enterovirus A71,10239;2559587;2732396;2732408;2732506;464095;12058;2946630;12059;138948;39054,39054
Mammaliicoccus vitulinus,7743837,cellular organisms;Bacteria;Bacillati;Bacillota;Bacilli;Bacillales;Staphylococcaceae;Mammaliicoccus;Mammaliicoccus vitulinus,131567;2;1783272;1239;91061;1385;90964;2803850;71237,71237
Mycobacterium gordonae,7601632,cellular organisms;Bacteria;Bacillati;Actinomycetota;Actinomycetes;Mycobacteriales;Mycobacteriaceae;Mycobacterium;Mycobacterium gordonae,131567;2;1783272;201174;1760;85007;1762;1763;1778,1778
Staphylococcus capitis,7578657,cellular organisms;Bacteria;Bacillati;Bacillota;Bacilli;Bacillales;Staphylococcaceae;Staphylococcus;Staphylococcus capitis,131567;2;1783272;1239;91061;1385;90964;1279;29388,29388
Micrococcus luteus,7458594,cellular organisms;Bacteria;Bacillati;Actinomycetota;Actinomycetes;Micrococcales;Micrococcaceae;Micrococcus;Micrococcus luteus,131567;2;1783272;201174;1760;85006;1268;1269;1270,1270
Corynebacterium kroppenstedtii,7442398,cellular organisms;Bacteria;Bacillati;Actinomycetota;Actinomycetes;Mycobacteriales;Corynebacteriaceae;Corynebacterium;Corynebacterium kroppenstedtii,131567;2;1783272;201174;1760;85007;1653;1716;161879,161879
Cupriavidus necator,7415967,cellular organisms;Bacteria;Pseudomonadati;Pseudomonadota;Betaproteobacteria;Burkholderiales;Burkholderiaceae;Cupriavidus;Cupriavidus necator,131567;2;3379134;1224;28216;80840;119060;106589;106590,106590
Nocardia asteroides,7415900,cellular organisms;Bacteria;Bacillati;Actinomycetota;Actinomycetes;Mycobacteriales;Nocardiaceae;Nocardia;Nocardia asteroides,131567;2;1783272;201174;1760;85007;85025;1817;1824,1824
Malassezia restricta,7369627,cellular organisms;Eukaryota;Opisthokonta;Fungi;Dikarya;Basidiomycota;Ustilaginomycotina;Malasseziomycetes;Malasseziales;Malasseziaceae;Malassezia;Malassezia restricta,131567;2759;33154;4751;451864;5204;452284;1538075;162474;742845;55193;76775,76775
Campylobacter coli,7359708,cellular organisms;Bacteria;Pseudomonadati;Campylobacterota;Epsilonproteobacteria;Campylobacterales;Campylobacteraceae;Campylobacter;Campylobacter coli,131567;2;3379134;29547;3031852;213849;72294;194;195,195
Corynebacterium tuberculostearicum,7294409,cellular organisms;Bacteria;Bacillati;Actinomycetota;Actinomycetes;Mycobacteriales;Corynebacteriaceae;Corynebacterium;Corynebacterium tuberculostearicum,131567;2;1783272;201174;1760;85007;1653;1716;38304,38304
Burkholderia humptydooensis,7286661,cellular organisms;Bacteria;Pseudomonadati;Pseudomonadota;Betaproteobacteria;Burkholderiales;Burkholderiaceae;Burkholderia;pseudomallei group;Burkholderia humptydooensis,131567;2;3379134;1224;28216;80840;119060;32008;111527;430531,430531
Delftia lacustris,7274508,cellular organisms;Bacteria;Pseudomonadati;Pseudomonadota;Betaproteobacteria;Burkholderiales;Comamonadaceae;Delftia;Delftia lacustris,131567;2;3379134;1224;28216;80840;80864;80865;558537,558537
Mycobacterium paragordonae,7224251,cellular organisms;Bacteria;Bacillati;Actinomycetota;Actinomycetes;Mycobacteriales;Mycobacteriaceae;Mycobacterium;Mycobacterium paragordonae,131567;2;1783272;201174;1760;85007;1762;1763;1389713,1389713
Bacteroides koreensis,7181066,cellular organisms;Bacteria;Pseudomonadati;FCB group;Bacteroidota/Chlorobiota group;Bacteroidota;Bacteroidia;Bacteroidales;Bacteroidaceae;Bacteroides;Bacteroides koreensis,131567;2;3379134;1783270;68336;976;200643;171549;815;816;1912896,1912896
Achromobacter pestifer,7177303,cellular organisms;Bacteria;Pseudomonadati;Pseudomonadota;Betaproteobacteria;Burkholderiales;Alcaligenaceae;Achromobacter;Achromobacter pestifer,131567;2;3379134;1224;28216;80840;506;222;1353889,1353889
Bacteroides kribbi,7176701,cellular organisms;Bacteria;Pseudomonadati;FCB group;Bacteroidota/Chlorobiota group;Bacteroidota;Bacteroidia;Bacteroidales;Bacteroidaceae;Bacteroides;Bacteroides kribbi,131567;2;3379134;1783270;68336;976;200643;171549;815;816;1912894,1912894
Acinetobacter haemolyticus,7154303,cellular organisms;Bacteria;Pseudomonadati;Pseudomonadota;Gammaproteobacteria;Moraxellales;Moraxellaceae;Acinetobacter;Acinetobacter haemolyticus,131567;2;3379134;1224;1236;2887326;468;469;29430,29430
Corynebacterium urealyticum,7132436,cellular organisms;Bacteria;Bacillati;Actinomycetota;Actinomycetes;Mycobacteriales;Corynebacteriaceae;Corynebacterium;Corynebacterium urealyticum,131567;2;1783272;201174;1760;85007;1653;1716;43771,43771
Fusobacterium canifelinum,7129608,cellular organisms;Bacteria;Fusobacteriati;Fusobacteriota;Fusobacteriia;Fusobacteriales;Fusobacteriaceae;Fusobacterium;Fusobacterium canifelinum,131567;2;3384189;32066;203490;203491;203492;848;285729,285729
Mycolicibacterium goodii,7105933,cellular organisms;Bacteria;Bacillati;Actinomycetota;Actinomycetes;Mycobacteriales;Mycobacteriaceae;Mycolicibacterium;Mycolicibacterium goodii,131567;2;1783272;201174;1760;85007;1762;1866885;134601,134601
Acinetobacter ursingii,7099711,cellular organisms;Bacteria;Pseudomonadati;Pseudomonadota;Gammaproteobacteria;Moraxellales;Moraxellaceae;Acinetobacter;Acinetobacter ursingii,131567;2;3379134;1224;1236;2887326;468;469;108980,108980
Enterococcus gallinarum,7096408,cellular organisms;Bacteria;Bacillati;Bacillota;Bacilli;Lactobacillales;Enterococcaceae;Enterococcus;Enterococcus gallinarum,131567;2;1783272;1239;91061;186826;81852;1350;1353,1353
Bacteroides oleiciplenus,7087734,cellular organisms;Bacteria;Pseudomonadati;FCB group;Bacteroidota/Chlorobiota group;Bacteroidota;Bacteroidia;Bacteroidales;Bacteroidaceae;Bacteroides;Bacteroides oleiciplenus,131567;2;3379134;1783270;68336;976;200643;171549;815;816;626931,626931
Pseudomonas protegens,7075815,cellular organisms;Bacteria;Pseudomonadati;Pseudomonadota;Gammaproteobacteria;Pseudomonadales;Pseudomonadaceae;Pseudomonas;Pseudomonas chlororaphis group;Pseudomonas protegens,131567;2;3379134;1224;1236;72274;135621;286;136842;380021,380021
Bacteroides timonensis,7017222,cellular organisms;Bacteria;Pseudomonadati;FCB group;Bacteroidota/Chlorobiota group;Bacteroidota;Bacteroidia;Bacteroidales;Bacteroidaceae;Bacteroides;Bacteroides timonensis,131567;2;3379134;1783270;68336;976;200643;171549;815;816;1470345,1470345
Achromobacter deleyi,6987272,cellular organisms;Bacteria;Pseudomonadati;Pseudomonadota;Betaproteobacteria;Burkholderiales;Alcaligenaceae;Achromobacter;Achromobacter deleyi,131567;2;3379134;1224;28216;80840;506;222;1353891,1353891
Mycolicibacterium hodleri,6986390,cellular organisms;Bacteria;Bacillati;Actinomycetota;Actinomycetes;Mycobacteriales;Mycobacteriaceae;Mycolicibacterium;Mycolicibacterium hodleri,131567;2;1783272;201174;1760;85007;1762;1866885;49897,49897
Mycolicibacterium porcinum,6977991,cellular organisms;Bacteria;Bacillati;Actinomycetota;Actinomycetes;Mycobacteriales;Mycobacteriaceae;Mycolicibacterium;Mycolicibacterium porcinum,131567;2;1783272;201174;1760;85007;1762;1866885;39693,39693
Cupriavidus metallidurans,6941396,cellular organisms;Bacteria;Pseudomonadati;Pseudomonadota;Betaproteobacteria;Burkholderiales;Burkholderiaceae;Cupriavidus;Cupriavidus metallidurans,131567;2;3379134;1224;28216;80840;119060;106589;119219,119219
Burkholderia vietnamiensis,6930411,cellular organisms;Bacteria;Pseudomonadati;Pseudomonadota;Betaproteobacteria;Burkholderiales;Burkholderiaceae;Burkholderia;Burkholderia cepacia complex;Burkholderia vietnamiensis,131567;2;3379134;1224;28216;80840;119060;32008;87882;60552,60552
Mycobacterium bourgelatii,6912804,cellular organisms;Bacteria;Bacillati;Actinomycetota;Actinomycetes;Mycobacteriales;Mycobacteriaceae;Mycobacterium;Mycobacterium bourgelatii,131567;2;1783272;201174;1760;85007;1762;1763;1273442,1273442
Achromobacter insolitus,6893045,cellular organisms;Bacteria;Pseudomonadati;Pseudomonadota;Betaproteobacteria;Burkholderiales;Alcaligenaceae;Achromobacter;Achromobacter insolitus,131567;2;3379134;1224;28216;80840;506;222;217204,217204
Mycobacterium riyadhense,6888178,cellular organisms;Bacteria;Bacillati;Actinomycetota;Actinomycetes;Mycobacteriales;Mycobacteriaceae;Mycobacterium;Mycobacterium riyadhense,131567;2;1783272;201174;1760;85007;1762;1763;486698,486698
Bacillus sp. FDAARGOS_1420,6754466,cellular organisms;Bacteria;Bacillati;Bacillota;Bacilli;Bacillales;Bacillaceae;Bacillus;unclassified Bacillus (in: firmicutes);Bacillus sp. FDAARGOS_1420,131567;2;1783272;1239;91061;1385;186817;1386;185979;2856338,2856338
Mycolicibacterium frederiksbergense,6713618,cellular organisms;Bacteria;Bacillati;Actinomycetota;Actinomycetes;Mycobacteriales;Mycobacteriaceae;Mycolicibacterium;Mycolicibacterium frederiksbergense,131567;2;1783272;201174;1760;85007;1762;1866885;117567,117567
Mycobacterium szulgai,6672659,cellular organisms;Bacteria;Bacillati;Actinomycetota;Actinomycetes;Mycobacteriales;Mycobacteriaceae;Mycobacterium;Mycobacterium szulgai,131567;2;1783272;201174;1760;85007;1762;1763;1787,1787
Enterocloster bolteae,6613968,cellular organisms;Bacteria;Bacillati;Bacillota;Clostridia;Lachnospirales;Lachnospiraceae;Enterocloster;Enterocloster bolteae,131567;2;1783272;1239;186801;3085636;186803;2719313;208479,208479
Paraburkholderia ginsengisoli,6597255,cellular organisms;Bacteria;Pseudomonadati;Pseudomonadota;Betaproteobacteria;Burkholderiales;Burkholderiaceae;Paraburkholderia;Paraburkholderia ginsengisoli,131567;2;3379134;1224;28216;80840;119060;1822464;311231,311231
Streptococcus salivarius,6577636,cellular organisms;Bacteria;Bacillati;Bacillota;Bacilli;Lactobacillales;Streptococcaceae;Streptococcus;Streptococcus salivarius,131567;2;1783272;1239;91061;186826;1300;1301;1304,1304
Mycobacterium kansasii ATCC 12478,6577228,cellular organisms;Bacteria;Bacillati;Actinomycetota;Actinomycetes;Mycobacteriales;Mycobacteriaceae;Mycobacterium;Mycobacterium kansasii;Mycobacterium kansasii ATCC 12478,131567;2;1783272;201174;1760;85007;1762;1763;1768;557599,557599
Bacteroides xylanisolvens,6558523,cellular organisms;Bacteria;Pseudomonadati;FCB group;Bacteroidota/Chlorobiota group;Bacteroidota;Bacteroidia;Bacteroidales;Bacteroidaceae;Bacteroides;Bacteroides xylanisolvens,131567;2;3379134;1783270;68336;976;200643;171549;815;816;371601,371601
Mycobacterium nebraskense,6539988,cellular organisms;Bacteria;Bacillati;Actinomycetota;Actinomycetes;Mycobacteriales;Mycobacteriaceae;Mycobacterium;Mycobacterium nebraskense,131567;2;1783272;201174;1760;85007;1762;1763;244292,244292
Prevotella melaninogenica,6521217,cellular organisms;Bacteria;Pseudomonadati;FCB group;Bacteroidota/Chlorobiota group;Bacteroidota;Bacteroidia;Bacteroidales;Prevotellaceae;Prevotella;Prevotella melaninogenica,131567;2;3379134;1783270;68336;976;200643;171549;171552;838;28132,28132
Pseudomonas sp. FDAARGOS_380,6499364,cellular organisms;Bacteria;Pseudomonadati;Pseudomonadota;Gammaproteobacteria;Pseudomonadales;Pseudomonadaceae;Pseudomonas;unclassified Pseudomonas;Pseudomonas sp. FDAARGOS_380,131567;2;3379134;1224;1236;72274;135621;286;196821;2018067,2018067
Enterococcus durans,6491679,cellular organisms;Bacteria;Bacillati;Bacillota;Bacilli;Lactobacillales;Enterococcaceae;Enterococcus;Enterococcus durans,131567;2;1783272;1239;91061;186826;81852;1350;53345,53345
Mycobacterium paraffinicum,6475312,cellular organisms;Bacteria;Bacillati;Actinomycetota;Actinomycetes;Mycobacteriales;Mycobacteriaceae;Mycobacterium;Mycobacterium paraffinicum,131567;2;1783272;201174;1760;85007;1762;1763;53378,53378
Nocardia sp. FDAARGOS_372,6464747,cellular organisms;Bacteria;Bacillati;Actinomycetota;Actinomycetes;Mycobacteriales;Nocardiaceae;Nocardia;unclassified Nocardia;Nocardia sp. FDAARGOS_372,131567;2;1783272;201174;1760;85007;85025;1817;2637762;2018066,2018066
Babesia microti strain RI,6434485,cellular organisms;Eukaryota;Sar;Alveolata;Apicomplexa;Aconoidasida;Piroplasmida;Babesiidae;Babesia;Babesia microti;Babesia microti strain RI,131567;2759;2698737;33630;5794;422676;5863;32594;5864;5868;1133968,1133968
Mycobacterium pseudokansasii,6425786,cellular organisms;Bacteria;Bacillati;Actinomycetota;Actinomycetes;Mycobacteriales;Mycobacteriaceae;Mycobacterium;Mycobacterium pseudokansasii,131567;2;1783272;201174;1760;85007;1762;1763;2341080,2341080
Mycobacterium liflandii 128FXT,6399543,cellular organisms;Bacteria;Bacillati;Actinomycetota;Actinomycetes;Mycobacteriales;Mycobacteriaceae;Mycobacterium;Mycobacterium ulcerans group;Mycobacterium liflandii;Mycobacterium liflandii 128FXT,131567;2;1783272;201174;1760;85007;1762;1763;2993898;261524;459424,459424
Pseudomonas sp. FDAARGOS_761,6384852,cellular organisms;Bacteria;Pseudomonadati;Pseudomonadota;Gammaproteobacteria;Pseudomonadales;Pseudomonadaceae;Pseudomonas;unclassified Pseudomonas;Pseudomonas sp. FDAARGOS_761,131567;2;3379134;1224;1236;72274;135621;286;196821;2545800,2545800
Bacteroides congonensis,6373337,cellular organisms;Bacteria;Pseudomonadati;FCB group;Bacteroidota/Chlorobiota group;Bacteroidota;Bacteroidia;Bacteroidales;Bacteroidaceae;Bacteroides;Bacteroides congonensis,131567;2;3379134;1783270;68336;976;200643;171549;815;816;1871006,1871006
Bacteroides faecis,6352228,cellular organisms;Bacteria;Pseudomonadati;FCB group;Bacteroidota/Chlorobiota group;Bacteroidota;Bacteroidia;Bacteroidales;Bacteroidaceae;Bacteroides;Bacteroides faecis,131567;2;3379134;1783270;68336;976;200643;171549;815;816;674529,674529
Aneurinibacillus migulanus,6348994,cellular organisms;Bacteria;Bacillati;Bacillota;Bacilli;Bacillales;Paenibacillaceae;Aneurinibacillus group;Aneurinibacillus;Aneurinibacillus migulanus,131567;2;1783272;1239;91061;1385;186822;85151;55079;47500,47500
Mycobacterium attenuatum,6344986,cellular organisms;Bacteria;Bacillati;Actinomycetota;Actinomycetes;Mycobacteriales;Mycobacteriaceae;Mycobacterium;Mycobacterium attenuatum,131567;2;1783272;201174;1760;85007;1762;1763;2341086,2341086
Mycobacterium syngnathidarum,6344489,cellular organisms;Bacteria;Bacillati;Actinomycetota;Actinomycetes;Mycobacteriales;Mycobacteriaceae;Mycobacterium;Mycobacterium syngnathidarum,131567;2;1783272;201174;1760;85007;1762;1763;1908205,1908205
Mycobacterium marinum,6321947,cellular organisms;Bacteria;Bacillati;Actinomycetota;Actinomycetes;Mycobacteriales;Mycobacteriaceae;Mycobacterium;Mycobacterium ulcerans group;Mycobacterium marinum,131567;2;1783272;201174;1760;85007;1762;1763;2993898;1781,1781
Mycobacterium gallinarum,6301681,cellular organisms;Bacteria;Bacillati;Actinomycetota;Actinomycetes;Mycobacteriales;Mycobacteriaceae;Mycobacterium;Mycobacterium gallinarum,131567;2;1783272;201174;1760;85007;1762;1763;39689,39689
Klebsiella sp. FDAARGOS_511,6290193,cellular organisms;Bacteria;Pseudomonadati;Pseudomonadota;Gammaproteobacteria;Enterobacterales;Enterobacteriaceae;Klebsiella/Raoultella group;Klebsiella;unclassified Klebsiella;Klebsiella sp. FDAARGOS_511,131567;2;3379134;1224;1236;91347;543;2890311;570;2608929;2488567,2488567
Bacteroides stercorirosoris,6268181,cellular organisms;Bacteria;Pseudomonadati;FCB group;Bacteroidota/Chlorobiota group;Bacteroidota;Bacteroidia;Bacteroidales;Bacteroidaceae;Bacteroides;Bacteroides stercorirosoris,131567;2;3379134;1783270;68336;976;200643;171549;815;816;871324,871324
Mycobacterium vicinigordonae,6266765,cellular organisms;Bacteria;Bacillati;Actinomycetota;Actinomycetes;Mycobacteriales;Mycobacteriaceae;Mycobacterium;Mycobacterium vicinigordonae,131567;2;1783272;201174;1760;85007;1762;1763;1719132,1719132
Mycolicibacterium vulneris,6266718,cellular organisms;Bacteria;Bacillati;Actinomycetota;Actinomycetes;Mycobacteriales;Mycobacteriaceae;Mycolicibacterium;Mycolicibacterium vulneris,131567;2;1783272;201174;1760;85007;1762;1866885;547163,547163
Mycobacterium numidiamassiliense,6248949,cellular organisms;Bacteria;Bacillati;Actinomycetota;Actinomycetes;Mycobacteriales;Mycobacteriaceae;Mycobacterium;Mycobacterium numidiamassiliense,131567;2;1783272;201174;1760;85007;1762;1763;1841861,1841861
Mycobacterium conspicuum,6237139,cellular organisms;Bacteria;Bacillati;Actinomycetota;Actinomycetes;Mycobacteriales;Mycobacteriaceae;Mycobacterium;Mycobacterium conspicuum,131567;2;1783272;201174;1760;85007;1762;1763;44010,44010
Mycolicibacterium palauense,6230283,cellular organisms;Bacteria;Bacillati;Actinomycetota;Actinomycetes;Mycobacteriales;Mycobacteriaceae;Mycolicibacterium;Mycolicibacterium palauense,131567;2;1783272;201174;1760;85007;1762;1866885;2034511,2034511
Mycobacterium persicum,6217645,cellular organisms;Bacteria;Bacillati;Actinomycetota;Actinomycetes;Mycobacteriales;Mycobacteriaceae;Mycobacterium;Mycobacterium persicum,131567;2;1783272;201174;1760;85007;1762;1763;1487726,1487726
Mycobacterium neglectum,6209311,cellular organisms;Bacteria;Bacillati;Actinomycetota;Actinomycetes;Mycobacteriales;Mycobacteriaceae;Mycobacterium;Mycobacterium neglectum,131567;2;1783272;201174;1760;85007;1762;1763;242737,242737
Agrobacterium sp. FDAARGOS_525,6193908,cellular organisms;Bacteria;Pseudomonadati;Pseudomonadota;Alphaproteobacteria;Hyphomicrobiales;Rhizobiaceae;Rhizobium/Agrobacterium group;Agrobacterium;unclassified Agrobacterium;Agrobacterium sp. FDAARGOS_525,131567;2;3379134;1224;28211;356;82115;227290;357;2632611;2420311,2420311
Mycobacterium simulans,6192024,cellular organisms;Bacteria;Bacillati;Actinomycetota;Actinomycetes;Mycobacteriales;Mycobacteriaceae;Mycobacterium;Mycobacterium simulans,131567;2;1783272;201174;1760;85007;1762;1763;627089,627089
Mycobacterium innocens,6187059,cellular organisms;Bacteria;Bacillati;Actinomycetota;Actinomycetes;Mycobacteriales;Mycobacteriaceae;Mycobacterium;Mycobacterium innocens,131567;2;1783272;201174;1760;85007;1762;1763;2341083,2341083
Mycobacterium scrofulaceum,6170273,cellular organisms;Bacteria;Bacillati;Actinomycetota;Actinomycetes;Mycobacteriales;Mycobacteriaceae;Mycobacterium;Mycobacterium scrofulaceum,131567;2;1783272;201174;1760;85007;1762;1763;1783,1783
Pseudomonas fluorescens,6134597,cellular organisms;Bacteria;Pseudomonadati;Pseudomonadota;Gammaproteobacteria;Pseudomonadales;Pseudomonadaceae;Pseudomonas;Pseudomonas fluorescens group;Pseudomonas fluorescens,131567;2;3379134;1224;1236;72274;135621;286;136843;294,294
Mycolicibacterium pallens,6093551,cellular organisms;Bacteria;Bacillati;Actinomycetota;Actinomycetes;Mycobacteriales;Mycobacteriaceae;Mycolicibacterium;Mycolicibacterium pallens,131567;2;1783272;201174;1760;85007;1762;1866885;370524,370524
Mycolicibacterium senegalense,6086722,cellular organisms;Bacteria;Bacillati;Actinomycetota;Actinomycetes;Mycobacteriales;Mycobacteriaceae;Mycolicibacterium;Mycolicibacterium senegalense,131567;2;1783272;201174;1760;85007;1762;1866885;1796,1796
Mycobacterium paraseoulense,6085955,cellular organisms;Bacteria;Bacillati;Actinomycetota;Actinomycetes;Mycobacteriales;Mycobacteriaceae;Mycobacterium;Mycobacterium paraseoulense,131567;2;1783272;201174;1760;85007;1762;1763;590652,590652
Mycobacterium ulcerans subsp. shinshuense,6066298,cellular organisms;Bacteria;Bacillati;Actinomycetota;Actinomycetes;Mycobacteriales;Mycobacteriaceae;Mycobacterium;Mycobacterium ulcerans group;Mycobacterium ulcerans;Mycobacterium ulcerans subsp. shinshuense,131567;2;1783272;201174;1760;85007;1762;1763;2993898;1809;1124626,1124626
Mycobacterium pseudoshottsii JCM 15466,6061597,cellular organisms;Bacteria;Bacillati;Actinomycetota;Actinomycetes;Mycobacteriales;Mycobacteriaceae;Mycobacterium;Mycobacterium ulcerans group;Mycobacterium pseudoshottsii;Mycobacterium pseudoshottsii JCM 15466,131567;2;1783272;201174;1760;85007;1762;1763;2993898;265949;1136880,1136880
Raoultella ornithinolytica,6040823,cellular organisms;Bacteria;Pseudomonadati;Pseudomonadota;Gammaproteobacteria;Enterobacterales;Enterobacteriaceae;Klebsiella/Raoultella group;Raoultella;Raoultella ornithinolytica,131567;2;3379134;1224;1236;91347;543;2890311;160674;54291,54291
Pediococcus acidilactici,6031256,cellular organisms;Bacteria;Bacillati;Bacillota;Bacilli;Lactobacillales;Lactobacillaceae;Pediococcus;Pediococcus acidilactici group;Pediococcus acidilactici,131567;2;1783272;1239;91061;186826;33958;1253;1670797;1254,1254
Mycobacterium terramassiliense,6029582,cellular organisms;Bacteria;Bacillati;Actinomycetota;Actinomycetes;Mycobacteriales;Mycobacteriaceae;Mycobacterium;Mycobacterium terramassiliense,131567;2;1783272;201174;1760;85007;1762;1763;1841859,1841859
Mycobacterium ostraviense,6027332,cellular organisms;Bacteria;Bacillati;Actinomycetota;Actinomycetes;Mycobacteriales;Mycobacteriaceae;Mycobacterium;Mycobacterium ostraviense,131567;2;1783272;201174;1760;85007;1762;1763;2738409,2738409
Mycobacterium rhizamassiliense,6015470,cellular organisms;Bacteria;Bacillati;Actinomycetota;Actinomycetes;Mycobacteriales;Mycobacteriaceae;Mycobacterium;Mycobacterium rhizamassiliense,131567;2;1783272;201174;1760;85007;1762;1763;1841860,1841860
Mycolicibacterium diernhoferi,5982379,cellular organisms;Bacteria;Bacillati;Actinomycetota;Actinomycetes;Mycobacteriales;Mycobacteriaceae;Mycolicibacterium;Mycolicibacterium diernhoferi,131567;2;1783272;201174;1760;85007;1762;1866885;1801,1801
Mycobacterium branderi,5979623,cellular organisms;Bacteria;Bacillati;Actinomycetota;Actinomycetes;Mycobacteriales;Mycobacteriaceae;Mycobacterium;Mycobacterium branderi,131567;2;1783272;201174;1760;85007;1762;1763;43348,43348
Mycobacterium shottsii,5973149,cellular organisms;Bacteria;Bacillati;Actinomycetota;Actinomycetes;Mycobacteriales;Mycobacteriaceae;Mycobacterium;Mycobacterium ulcerans group;Mycobacterium shottsii,131567;2;1783272;201174;1760;85007;1762;1763;2993898;133549,133549
Budvicia aquatica,5946490,cellular organisms;Bacteria;Pseudomonadati;Pseudomonadota;Gammaproteobacteria;Enterobacterales;Budviciaceae;Budvicia;Budvicia aquatica,131567;2;3379134;1224;1236;91347;1903416;82978;82979,82979
Mycobacterium asiaticum DSM 44297,5938932,cellular organisms;Bacteria;Bacillati;Actinomycetota;Actinomycetes;Mycobacteriales;Mycobacteriaceae;Mycobacterium;Mycobacterium asiaticum;Mycobacterium asiaticum DSM 44297,131567;2;1783272;201174;1760;85007;1762;1763;1790;1265310,1265310
Agrobacterium tumefaciens,5932670,cellular organisms;Bacteria;Pseudomonadati;Pseudomonadota;Alphaproteobacteria;Hyphomicrobiales;Rhizobiaceae;Rhizobium/Agrobacterium group;Agrobacterium;Agrobacterium tumefaciens complex;Agrobacterium tumefaciens,131567;2;3379134;1224;28211;356;82115;227290;357;1183400;358,358
Streptococcus constellatus,5920525,cellular organisms;Bacteria;Bacillati;Bacillota;Bacilli;Lactobacillales;Streptococcaceae;Streptococcus;Streptococcus anginosus group;Streptococcus constellatus,131567;2;1783272;1239;91061;186826;1300;1301;671232;76860,76860
Pseudomonas luteola,5901383,cellular organisms;Bacteria;Pseudomonadati;Pseudomonadota;Gammaproteobacteria;Pseudomonadales;Pseudomonadaceae;Pseudomonas;Pseudomonas luteola,131567;2;3379134;1224;1236;72274;135621;286;47886,47886
Pseudomonas monteilii,5897272,cellular organisms;Bacteria;Pseudomonadati;Pseudomonadota;Gammaproteobacteria;Pseudomonadales;Pseudomonadaceae;Pseudomonas;Pseudomonas putida group;Pseudomonas monteilii,131567;2;3379134;1224;1236;72274;135621;286;136845;76759,76759
Arcanobacterium haemolyticum,5863733,cellular organisms;Bacteria;Bacillati;Actinomycetota;Actinomycetes;Actinomycetales;Actinomycetaceae;Arcanobacterium;Arcanobacterium haemolyticum,131567;2;1783272;201174;1760;2037;2049;28263;28264,28264
Mycobacterium gastri,5816659,cellular organisms;Bacteria;Bacillati;Actinomycetota;Actinomycetes;Mycobacteriales;Mycobacteriaceae;Mycobacterium;Mycobacterium gastri,131567;2;1783272;201174;1760;85007;1762;1763;1777,1777
Mycobacterium ulcerans Agy99,5805761,cellular organisms;Bacteria;Bacillati;Actinomycetota;Actinomycetes;Mycobacteriales;Mycobacteriaceae;Mycobacterium;Mycobacterium ulcerans group;Mycobacterium ulcerans;Mycobacterium ulcerans Agy99,131567;2;1783272;201174;1760;85007;1762;1763;2993898;1809;362242,362242
Bacteroides intestinalis,5785766,cellular organisms;Bacteria;Pseudomonadati;FCB group;Bacteroidota/Chlorobiota group;Bacteroidota;Bacteroidia;Bacteroidales;Bacteroidaceae;Bacteroides;Bacteroides intestinalis,131567;2;3379134;1783270;68336;976;200643;171549;815;816;329854,329854
Mycobacterium helveticum,5772032,cellular organisms;Bacteria;Bacillati;Actinomycetota;Actinomycetes;Mycobacteriales;Mycobacteriaceae;Mycobacterium;Mycobacterium helveticum,131567;2;1783272;201174;1760;85007;1762;1763;2592811,2592811
Bacteroides faecalis,5771427,cellular organisms;Bacteria;Pseudomonadati;FCB group;Bacteroidota/Chlorobiota group;Bacteroidota;Bacteroidia;Bacteroidales;Bacteroidaceae;Bacteroides;Bacteroides faecalis,131567;2;3379134;1783270;68336;976;200643;171549;815;816;2447885,2447885
Bacteroides luhongzhouii,5760088,cellular organisms;Bacteria;Pseudomonadati;FCB group;Bacteroidota/Chlorobiota group;Bacteroidota;Bacteroidia;Bacteroidales;Bacteroidaceae;Bacteroides;Bacteroides luhongzhouii,131567;2;3379134;1783270;68336;976;200643;171549;815;816;2650158,2650158
Cupriavidus gilardii,5760010,cellular organisms;Bacteria;Pseudomonadati;Pseudomonadota;Betaproteobacteria;Burkholderiales;Burkholderiaceae;Cupriavidus;Cupriavidus gilardii,131567;2;3379134;1224;28216;80840;119060;106589;82541,82541
Mycobacterium kyogaense,5759757,cellular organisms;Bacteria;Bacillati;Actinomycetota;Actinomycetes;Mycobacteriales;Mycobacteriaceae;Mycobacterium;Mycobacterium kyogaense,131567;2;1783272;201174;1760;85007;1762;1763;2212479,2212479
Mycolicibacterium holsaticum,5748336,cellular organisms;Bacteria;Bacillati;Actinomycetota;Actinomycetes;Mycobacteriales;Mycobacteriaceae;Mycolicibacterium;Mycolicibacterium holsaticum,131567;2;1783272;201174;1760;85007;1762;1866885;152142,152142
Serratia fonticola,5725385,cellular organisms;Bacteria;Pseudomonadati;Pseudomonadota;Gammaproteobacteria;Enterobacterales;Yersiniaceae;Serratia;Serratia fonticola,131567;2;3379134;1224;1236;91347;1903411;613;47917,47917
Bacillus sp. (in: firmicutes),5703621,cellular organisms;Bacteria;Bacillati;Bacillota;Bacilli;Bacillales;Bacillaceae;Bacillus;unclassified Bacillus (in: firmicutes);Bacillus sp. (in: firmicutes),131567;2;1783272;1239;91061;1385;186817;1386;185979;1409,1409
Bacillus sp. FDAARGOS_527,5701116,cellular organisms;Bacteria;Bacillati;Bacillota;Bacilli;Bacillales;Bacillaceae;Bacillus;unclassified Bacillus (in: firmicutes);Bacillus sp. FDAARGOS_527,131567;2;1783272;1239;91061;1385;186817;1386;185979;2576356,2576356
Mycobacterium alsense,5692845,cellular organisms;Bacteria;Bacillati;Actinomycetota;Actinomycetes;Mycobacteriales;Mycobacteriaceae;Mycobacterium;Mycobacterium alsense,131567;2;1783272;201174;1760;85007;1762;1763;324058,324058
Mycolicibacterium grossiae,5681602,cellular organisms;Bacteria;Bacillati;Actinomycetota;Actinomycetes;Mycobacteriales;Mycobacteriaceae;Mycolicibacterium;Mycolicibacterium grossiae,131567;2;1783272;201174;1760;85007;1762;1866885;1552759,1552759
Bacillus mycoides,5647273,cellular organisms;Bacteria;Bacillati;Bacillota;Bacilli;Bacillales;Bacillaceae;Bacillus;Bacillus cereus group;Bacillus mycoides,131567;2;1783272;1239;91061;1385;186817;1386;86661;1405,1405
Chryseobacterium gleum,5643321,cellular organisms;Bacteria;Pseudomonadati;FCB group;Bacteroidota/Chlorobiota group;Bacteroidota;Flavobacteriia;Flavobacteriales;Weeksellaceae;Chryseobacterium group;Chryseobacterium;Chryseobacterium gleum,131567;2;3379134;1783270;68336;976;117743;200644;2762318;2782232;59732;250,250
Mycobacterium ulcerans,5625184,cellular organisms;Bacteria;Bacillati;Actinomycetota;Actinomycetes;Mycobacteriales;Mycobacteriaceae;Mycobacterium;Mycobacterium ulcerans group;Mycobacterium ulcerans,131567;2;1783272;201174;1760;85007;1762;1763;2993898;1809,1809
Mycobacterium talmoniae,5622166,cellular organisms;Bacteria;Bacillati;Actinomycetota;Actinomycetes;Mycobacteriales;Mycobacteriaceae;Mycobacterium;Mycobacterium talmoniae,131567;2;1783272;201174;1760;85007;1762;1763;1858794,1858794
Bacillus sp. FDAARGOS_235,5608392,cellular organisms;Bacteria;Bacillati;Bacillota;Bacilli;Bacillales;Bacillaceae;Bacillus;Bacillus cereus group;unclassified Bacillus cereus group;Bacillus sp. FDAARGOS_235,131567;2;1783272;1239;91061;1385;186817;1386;86661;2750818;1839798,1839798
Mycobacterium basiliense,5607630,cellular organisms;Bacteria;Bacillati;Actinomycetota;Actinomycetes;Mycobacteriales;Mycobacteriaceae;Mycobacterium;Mycobacterium basiliense,131567;2;1783272;201174;1760;85007;1762;1763;2094119,2094119
Enterobacter cloacae,5602625,cellular organisms;Bacteria;Pseudomonadati;Pseudomonadota;Gammaproteobacteria;Enterobacterales;Enterobacteriaceae;Enterobacter;Enterobacter cloacae complex;Enterobacter cloacae,131567;2;3379134;1224;1236;91347;543;547;354276;550,550
Mycobacterium spongiae,5581157,cellular organisms;Bacteria;Bacillati;Actinomycetota;Actinomycetes;Mycobacteriales;Mycobacteriaceae;Mycobacterium;Mycobacterium spongiae,131567;2;1783272;201174;1760;85007;1762;1763;886343,886343
Corynebacterium aurimucosum,5567250,cellular organisms;Bacteria;Bacillati;Actinomycetota;Actinomycetes;Mycobacteriales;Corynebacteriaceae;Corynebacterium;Corynebacterium aurimucosum,131567;2;1783272;201174;1760;85007;1653;1716;169292,169292
Prevotella nigrescens,5560184,cellular organisms;Bacteria;Pseudomonadati;FCB group;Bacteroidota/Chlorobiota group;Bacteroidota;Bacteroidia;Bacteroidales;Prevotellaceae;Prevotella;Prevotella nigrescens,131567;2;3379134;1783270;68336;976;200643;171549;171552;838;28133,28133
Enterocloster clostridioformis,5539047,cellular organisms;Bacteria;Bacillati;Bacillota;Clostridia;Lachnospirales;Lachnospiraceae;Enterocloster;Enterocloster clostridioformis,131567;2;1783272;1239;186801;3085636;186803;2719313;1531,1531
Jonesia denitrificans,5538444,cellular organisms;Bacteria;Bacillati;Actinomycetota;Actinomycetes;Micrococcales;Jonesiaceae;Jonesia;Jonesia denitrificans,131567;2;1783272;201174;1760;85006;85022;43673;43674,43674
Mycobacterium seoulense,5531300,cellular organisms;Bacteria;Bacillati;Actinomycetota;Actinomycetes;Mycobacteriales;Mycobacteriaceae;Mycobacterium;Mycobacterium seoulense,131567;2;1783272;201174;1760;85007;1762;1763;386911,386911
Haemophilus influenzae,5527848,cellular organisms;Bacteria;Pseudomonadati;Pseudomonadota;Gammaproteobacteria;Pasteurellales;Pasteurellaceae;Haemophilus;Haemophilus influenzae,131567;2;3379134;1224;1236;135625;712;724;727,727
Serratia odorifera,5527432,cellular organisms;Bacteria;Pseudomonadati;Pseudomonadota;Gammaproteobacteria;Enterobacterales;Yersiniaceae;Serratia;Serratia odorifera,131567;2;3379134;1224;1236;91347;1903411;613;618,618
Staphylococcus simulans,5519531,cellular organisms;Bacteria;Bacillati;Bacillota;Bacilli;Bacillales;Staphylococcaceae;Staphylococcus;Staphylococcus simulans,131567;2;1783272;1239;91061;1385;90964;1279;1286,1286
Cedecea neteri,5469298,cellular organisms;Bacteria;Pseudomonadati;Pseudomonadota;Gammaproteobacteria;Enterobacterales;Enterobacteriaceae;Cedecea;Cedecea neteri,131567;2;3379134;1224;1236;91347;543;158483;158822,158822
Bacteroides salyersiae,5455251,cellular organisms;Bacteria;Pseudomonadati;FCB group;Bacteroidota/Chlorobiota group;Bacteroidota;Bacteroidia;Bacteroidales;Bacteroidaceae;Bacteroides;Bacteroides salyersiae,131567;2;3379134;1783270;68336;976;200643;171549;815;816;291644,291644
Mycobacterium bohemicum,5420516,cellular organisms;Bacteria;Bacillati;Actinomycetota;Actinomycetes;Mycobacteriales;Mycobacteriaceae;Mycobacterium;Mycobacterium bohemicum,131567;2;1783272;201174;1760;85007;1762;1763;56425,56425
Bacteroides reticulotermitis,5382020,cellular organisms;Bacteria;Pseudomonadati;FCB group;Bacteroidota/Chlorobiota group;Bacteroidota;Bacteroidia;Bacteroidales;Bacteroidaceae;Bacteroides;Bacteroides reticulotermitis,131567;2;3379134;1783270;68336;976;200643;171549;815;816;1133319,1133319
Staphylococcus condimenti,5377574,cellular organisms;Bacteria;Bacillati;Bacillota;Bacilli;Bacillales;Staphylococcaceae;Staphylococcus;Staphylococcus condimenti,131567;2;1783272;1239;91061;1385;90964;1279;70255,70255
Mycobacterium neumannii,5376391,cellular organisms;Bacteria;Bacillati;Actinomycetota;Actinomycetes;Mycobacteriales;Mycobacteriaceae;Mycobacterium;Mycobacterium neumannii,131567;2;1783272;201174;1760;85007;1762;1763;2048551,2048551
Chryseobacterium arthrosphaerae,5361872,cellular organisms;Bacteria;Pseudomonadati;FCB group;Bacteroidota/Chlorobiota group;Bacteroidota;Flavobacteriia;Flavobacteriales;Weeksellaceae;Chryseobacterium group;Chryseobacterium;Chryseobacterium arthrosphaerae,131567;2;3379134;1783270;68336;976;117743;200644;2762318;2782232;59732;651561,651561
Mycobacterium kyorinense,5355645,cellular organisms;Bacteria;Bacillati;Actinomycetota;Actinomycetes;Mycobacteriales;Mycobacteriaceae;Mycobacterium;Mycobacterium kyorinense,131567;2;1783272;201174;1760;85007;1762;1763;487514,487514
Pandoraea apista,5326503,cellular organisms;Bacteria;Pseudomonadati;Pseudomonadota;Betaproteobacteria;Burkholderiales;Burkholderiaceae;Pandoraea;Pandoraea apista,131567;2;3379134;1224;28216;80840;119060;93217;93218,93218
Mycobacterium cookii,5318517,cellular organisms;Bacteria;Bacillati;Actinomycetota;Actinomycetes;Mycobacteriales;Mycobacteriaceae;Mycobacterium;Mycobacterium cookii,131567;2;1783272;201174;1760;85007;1762;1763;1775,1775
Bacteroides bouchesdurhonensis,5308568,cellular organisms;Bacteria;Pseudomonadati;FCB group;Bacteroidota/Chlorobiota group;Bacteroidota;Bacteroidia;Bacteroidales;Bacteroidaceae;Bacteroides;Bacteroides bouchesdurhonensis,131567;2;3379134;1783270;68336;976;200643;171549;815;816;1841855,1841855
Mycobacterium malmoense,5298816,cellular organisms;Bacteria;Bacillati;Actinomycetota;Actinomycetes;Mycobacteriales;Mycobacteriaceae;Mycobacterium;Mycobacterium malmoense,131567;2;1783272;201174;1760;85007;1762;1763;1780,1780
Flavobacterium hibernum,5283672,cellular organisms;Bacteria;Pseudomonadati;FCB group;Bacteroidota/Chlorobiota group;Bacteroidota;Flavobacteriia;Flavobacteriales;Flavobacteriaceae;Flavobacterium;Flavobacterium hibernum,131567;2;3379134;1783270;68336;976;117743;200644;49546;237;37752,37752
Pantoea ananatis,5279242,cellular organisms;Bacteria;Pseudomonadati;Pseudomonadota;Gammaproteobacteria;Enterobacterales;Erwiniaceae;Pantoea;Pantoea ananatis,131567;2;3379134;1224;1236;91347;1903409;53335;553,553
Pseudomonas oryzihabitans,5264913,cellular organisms;Bacteria;Pseudomonadati;Pseudomonadota;Gammaproteobacteria;Pseudomonadales;Pseudomonadaceae;Pseudomonas;Pseudomonas putida group;Pseudomonas oryzihabitans,131567;2;3379134;1224;1236;72274;135621;286;136845;47885,47885
Bacteroides acidifaciens,5258315,cellular organisms;Bacteria;Pseudomonadati;FCB group;Bacteroidota/Chlorobiota group;Bacteroidota;Bacteroidia;Bacteroidales;Bacteroidaceae;Bacteroides;Bacteroides acidifaciens,131567;2;3379134;1783270;68336;976;200643;171549;815;816;85831,85831
Mycobacterium xenopi,5251936,cellular organisms;Bacteria;Bacillati;Actinomycetota;Actinomycetes;Mycobacteriales;Mycobacteriaceae;Mycobacterium;Mycobacterium xenopi,131567;2;1783272;201174;1760;85007;1762;1763;1789,1789
Kytococcus sedentarius,5232324,cellular organisms;Bacteria;Bacillati;Actinomycetota;Actinomycetes;Micrococcales;Kytococcaceae;Kytococcus;Kytococcus sedentarius,131567;2;1783272;201174;1760;85006;2805426;57499;1276,1276
Mycobacterium decipiens,5225940,cellular organisms;Bacteria;Bacillati;Actinomycetota;Actinomycetes;Mycobacteriales;Mycobacteriaceae;Mycobacterium;Mycobacterium decipiens,131567;2;1783272;201174;1760;85007;1762;1763;1430326,1430326
Prescottella equi,5218699,cellular organisms;Bacteria;Bacillati;Actinomycetota;Actinomycetes;Mycobacteriales;Nocardiaceae;Prescottella;Prescottella equi,131567;2;1783272;201174;1760;85007;85025;2979332;43767,43767
Serratia ureilytica,5200450,cellular organisms;Bacteria;Pseudomonadati;Pseudomonadota;Gammaproteobacteria;Enterobacterales;Yersiniaceae;Serratia;Serratia ureilytica,131567;2;3379134;1224;1236;91347;1903411;613;300181,300181
Aneurinibacillus aneurinilyticus,5197231,cellular organisms;Bacteria;Bacillati;Bacillota;Bacilli;Bacillales;Paenibacillaceae;Aneurinibacillus group;Aneurinibacillus;Aneurinibacillus aneurinilyticus,131567;2;1783272;1239;91061;1385;186822;85151;55079;1391,1391
Bacteroides zhangwenhongii,5182575,cellular organisms;Bacteria;Pseudomonadati;FCB group;Bacteroidota/Chlorobiota group;Bacteroidota;Bacteroidia;Bacteroidales;Bacteroidaceae;Bacteroides;Bacteroides zhangwenhongii,131567;2;3379134;1783270;68336;976;200643;171549;815;816;2650157,2650157
Corynebacterium jeikeium,5179048,cellular organisms;Bacteria;Bacillati;Actinomycetota;Actinomycetes;Mycobacteriales;Corynebacteriaceae;Corynebacterium;Corynebacterium jeikeium,131567;2;1783272;201174;1760;85007;1653;1716;38289,38289
Roseomonas sp. FDAARGOS_362,5174209,cellular organisms;Bacteria;Pseudomonadati;Pseudomonadota;Alphaproteobacteria;Acetobacterales;Roseomonadaceae;Roseomonas;unclassified Roseomonas;Roseomonas sp. FDAARGOS_362,131567;2;3379134;1224;28211;3120395;3385906;125216;2617492;2018065,2018065
Brucella anthropi,5173962,cellular organisms;Bacteria;Pseudomonadati;Pseudomonadota;Alphaproteobacteria;Hyphomicrobiales;Brucellaceae;Brucella/Ochrobactrum group;Brucella;Brucella anthropi,131567;2;3379134;1224;28211;356;118882;2826938;234;529,529
Helicobacter pylori,5146120,cellular organisms;Bacteria;Pseudomonadati;Campylobacterota;Epsilonproteobacteria;Campylobacterales;Helicobacteraceae;Helicobacter;Helicobacter pylori,131567;2;3379134;29547;3031852;213849;72293;209;210,210
Mycobacterium lehmannii,5130549,cellular organisms;Bacteria;Bacillati;Actinomycetota;Actinomycetes;Mycobacteriales;Mycobacteriaceae;Mycobacterium;Mycobacterium lehmannii,131567;2;1783272;201174;1760;85007;1762;1763;2048550,2048550
Mycobacteroides abscessus,5118231,cellular organisms;Bacteria;Bacillati;Actinomycetota;Actinomycetes;Mycobacteriales;Mycobacteriaceae;Mycobacteroides;Mycobacteroides abscessus,131567;2;1783272;201174;1760;85007;1762;670516;36809,36809
Leclercia adecarboxylata,5100422,cellular organisms;Bacteria;Pseudomonadati;Pseudomonadota;Gammaproteobacteria;Enterobacterales;Enterobacteriaceae;Leclercia;Leclercia adecarboxylata,131567;2;3379134;1224;1236;91347;543;83654;83655,83655
Mycobacterium lacus,5092988,cellular organisms;Bacteria;Bacillati;Actinomycetota;Actinomycetes;Mycobacteriales;Mycobacteriaceae;Mycobacterium;Mycobacterium lacus,131567;2;1783272;201174;1760;85007;1762;1763;169765,169765
Shewanella sp. FDAARGOS_354,5069981,cellular organisms;Bacteria;Pseudomonadati;Pseudomonadota;Gammaproteobacteria;Alteromonadales;Shewanellaceae;Shewanella;unclassified Shewanella;Shewanella sp. FDAARGOS_354,131567;2;3379134;1224;1236;135622;267890;22;196818;1930557,1930557
Staphylococcus warneri,5049815,cellular organisms;Bacteria;Bacillati;Bacillota;Bacilli;Bacillales;Staphylococcaceae;Staphylococcus;Staphylococcus warneri,131567;2;1783272;1239;91061;1385;90964;1279;1292,1292
Coxsackievirus A6,5043431,Viruses;Riboviria;Orthornavirae;Pisuviricota;Pisoniviricetes;Picornavirales;Picornaviridae;Ensavirinae;Enterovirus;Enterovirus A;Coxsackievirus A6,10239;2559587;2732396;2732408;2732506;464095;12058;2946630;12059;138948;86107,86107
Prescottella equi 103S,5043170,cellular organisms;Bacteria;Bacillati;Actinomycetota;Actinomycetes;Mycobacteriales;Nocardiaceae;Prescottella;Prescottella equi;Prescottella equi 103S,131567;2;1783272;201174;1760;85007;85025;2979332;43767;685727,685727
Enterobacter bugandensis,5037689,cellular organisms;Bacteria;Pseudomonadati;Pseudomonadota;Gammaproteobacteria;Enterobacterales;Enterobacteriaceae;Enterobacter;Enterobacter bugandensis,131567;2;3379134;1224;1236;91347;543;547;881260,881260
Salmonella enterica subsp. enterica serovar Infantis,5026850,cellular organisms;Bacteria;Pseudomonadati;Pseudomonadota;Gammaproteobacteria;Enterobacterales;Enterobacteriaceae;Salmonella;Salmonella enterica;Salmonella enterica subsp. enterica;Salmonella enterica subsp. enterica serovar Infantis,131567;2;3379134;1224;1236;91347;543;590;28901;59201;595,595
Bacteroides neonati,5025334,cellular organisms;Bacteria;Pseudomonadati;FCB group;Bacteroidota/Chlorobiota group;Bacteroidota;Bacteroidia;Bacteroidales;Bacteroidaceae;Bacteroides;Bacteroides neonati,131567;2;3379134;1783270;68336;976;200643;171549;815;816;1347393,1347393
Citrobacter pasteurii,5021319,cellular organisms;Bacteria;Pseudomonadati;Pseudomonadota;Gammaproteobacteria;Enterobacterales;Enterobacteriaceae;Citrobacter;Citrobacter pasteurii,131567;2;3379134;1224;1236;91347;543;544;1563222,1563222
Neisseria mucosa,5008700,cellular organisms;Bacteria;Pseudomonadati;Pseudomonadota;Betaproteobacteria;Neisseriales;Neisseriaceae;Neisseria;Neisseria mucosa,131567;2;3379134;1224;28216;206351;481;482;488,488
Bacteroides finegoldii,4999807,cellular organisms;Bacteria;Pseudomonadati;FCB group;Bacteroidota/Chlorobiota group;Bacteroidota;Bacteroidia;Bacteroidales;Bacteroidaceae;Bacteroides;Bacteroides finegoldii,131567;2;3379134;1783270;68336;976;200643;171549;815;816;338188,338188
Roseomonas mucosa,4996294,cellular organisms;Bacteria;Pseudomonadati;Pseudomonadota;Alphaproteobacteria;Acetobacterales;Roseomonadaceae;Roseomonas;Roseomonas mucosa,131567;2;3379134;1224;28211;3120395;3385906;125216;207340,207340
Staphylococcus pettenkoferi,4995988,cellular organisms;Bacteria;Bacillati;Bacillota;Bacilli;Bacillales;Staphylococcaceae;Staphylococcus;Staphylococcus pettenkoferi,131567;2;1783272;1239;91061;1385;90964;1279;170573,170573
Vibrio furnissii,4993326,cellular organisms;Bacteria;Pseudomonadati;Pseudomonadota;Gammaproteobacteria;Vibrionales;Vibrionaceae;Vibrio;Vibrio furnissii,131567;2;3379134;1224;1236;135623;641;662;29494,29494
Cutibacterium acnes,4989871,cellular organisms;Bacteria;Bacillati;Actinomycetota;Actinomycetes;Propionibacteriales;Propionibacteriaceae;Cutibacterium;Cutibacterium acnes,131567;2;1783272;201174;1760;85009;31957;1912216;1747,1747
enterovirus D68,4965977,Viruses;Riboviria;Orthornavirae;Pisuviricota;Pisoniviricetes;Picornavirales;Picornaviridae;Ensavirinae;Enterovirus;Enterovirus D;enterovirus D68,10239;2559587;2732396;2732408;2732506;464095;12058;2946630;12059;138951;42789,42789
Citrobacter farmeri,4964815,cellular organisms;Bacteria;Pseudomonadati;Pseudomonadota;Gammaproteobacteria;Enterobacterales;Enterobacteriaceae;Citrobacter;Citrobacter farmeri,131567;2;3379134;1224;1236;91347;543;544;67824,67824
Yersinia sp. FDAARGOS_228,4963041,cellular organisms;Bacteria;Pseudomonadati;Pseudomonadota;Gammaproteobacteria;Enterobacterales;Yersiniaceae;Yersinia;unclassified Yersinia (in: enterobacteria);Yersinia sp. FDAARGOS_228,131567;2;3379134;1224;1236;91347;1903411;629;2653513;1839800,1839800
Bacteroides ndongoniae,4949270,cellular organisms;Bacteria;Pseudomonadati;FCB group;Bacteroidota/Chlorobiota group;Bacteroidota;Bacteroidia;Bacteroidales;Bacteroidaceae;Bacteroides;Bacteroides ndongoniae,131567;2;3379134;1783270;68336;976;200643;171549;815;816;1903262,1903262
Salmonella enterica subsp. enterica serovar Hadar,4944234,cellular organisms;Bacteria;Pseudomonadati;Pseudomonadota;Gammaproteobacteria;Enterobacterales;Enterobacteriaceae;Salmonella;Salmonella enterica;Salmonella enterica subsp. enterica;Salmonella enterica subsp. enterica serovar Hadar,131567;2;3379134;1224;1236;91347;543;590;28901;59201;149385,149385
Corynebacterium propinquum,4941429,cellular organisms;Bacteria;Bacillati;Actinomycetota;Actinomycetes;Mycobacteriales;Corynebacteriaceae;Corynebacterium;Corynebacterium propinquum,131567;2;1783272;201174;1760;85007;1653;1716;43769,43769
Aeromonas sp. FDAARGOS 1402,4922539,cellular organisms;Bacteria;Pseudomonadati;Pseudomonadota;Gammaproteobacteria;Aeromonadales;Aeromonadaceae;Aeromonas;unclassified Aeromonas;Aeromonas sp. FDAARGOS 1402,131567;2;3379134;1224;1236;135624;84642;642;257493;2778051,2778051
Bacteroides uniformis CL03T12C37,4920161,cellular organisms;Bacteria;Pseudomonadati;FCB group;Bacteroidota/Chlorobiota group;Bacteroidota;Bacteroidia;Bacteroidales;Bacteroidaceae;Bacteroides;Bacteroides uniformis;Bacteroides uniformis CL03T12C37,131567;2;3379134;1783270;68336;976;200643;171549;815;816;820;997890,997890
Bacteroides gallinarum DSM 18171 = JCM 13658,4917576,cellular organisms;Bacteria;Pseudomonadati;FCB group;Bacteroidota/Chlorobiota group;Bacteroidota;Bacteroidia;Bacteroidales;Bacteroidaceae;Bacteroides;Bacteroides gallinarum;Bacteroides gallinarum DSM 18171 = JCM 13658,131567;2;3379134;1783270;68336;976;200643;171549;815;816;376806;1121096,1121096
Salmonella enterica subsp. enterica serovar Bredeney,4908087,cellular organisms;Bacteria;Pseudomonadati;Pseudomonadota;Gammaproteobacteria;Enterobacterales;Enterobacteriaceae;Salmonella;Salmonella enterica;Salmonella enterica subsp. enterica;Salmonella enterica subsp. enterica serovar Bredeney,131567;2;3379134;1224;1236;91347;543;590;28901;59201;134047,134047
Rothia kristinae,4891576,cellular organisms;Bacteria;Bacillati;Actinomycetota;Actinomycetes;Micrococcales;Micrococcaceae;Rothia;Rothia kristinae,131567;2;1783272;201174;1760;85006;1268;32207;37923,37923
Bacteroides rodentium JCM 16496,4884492,cellular organisms;Bacteria;Pseudomonadati;FCB group;Bacteroidota/Chlorobiota group;Bacteroidota;Bacteroidia;Bacteroidales;Bacteroidaceae;Bacteroides;Bacteroides rodentium;Bacteroides rodentium JCM 16496,131567;2;3379134;1783270;68336;976;200643;171549;815;816;691816;1236512,1236512
Pantoea sp. FDAARGOS_194,4877138,cellular organisms;Bacteria;Pseudomonadati;Pseudomonadota;Gammaproteobacteria;Enterobacterales;Erwiniaceae;Pantoea;unclassified Pantoea;Pantoea sp. FDAARGOS_194,131567;2;3379134;1224;1236;91347;1903409;53335;2630326;1975707,1975707
Enterobacter cloacae complex sp.,4876999,cellular organisms;Bacteria;Pseudomonadati;Pseudomonadota;Gammaproteobacteria;Enterobacterales;Enterobacteriaceae;Enterobacter;Enterobacter cloacae complex;unclassified Enterobacter cloacae complex;Enterobacter cloacae complex sp.,131567;2;3379134;1224;1236;91347;543;547;354276;2757714;2027919,2027919
Mycobacterium heckeshornense,4865109,cellular organisms;Bacteria;Bacillati;Actinomycetota;Actinomycetes;Mycobacteriales;Mycobacteriaceae;Mycobacterium;Mycobacterium heckeshornense,131567;2;1783272;201174;1760;85007;1762;1763;110505,110505
Pseudomonas fulva,4865091,cellular organisms;Bacteria;Pseudomonadati;Pseudomonadota;Gammaproteobacteria;Pseudomonadales;Pseudomonadaceae;Pseudomonas;Pseudomonas putida group;Pseudomonas fulva,131567;2;3379134;1224;1236;72274;135621;286;136845;47880,47880
Serratia sp. FDAARGOS_506,4862745,cellular organisms;Bacteria;Pseudomonadati;Pseudomonadota;Gammaproteobacteria;Enterobacterales;Yersiniaceae;Serratia;unclassified Serratia (in: enterobacteria);Serratia sp. FDAARGOS_506,131567;2;3379134;1224;1236;91347;1903411;613;2647522;2420306,2420306
Lysinibacillus macroides,4862621,cellular organisms;Bacteria;Bacillati;Bacillota;Bacilli;Bacillales;Bacillaceae;Lysinibacillus;Lysinibacillus macroides,131567;2;1783272;1239;91061;1385;186817;400634;33935,33935
Bordetella hinzii,4860452,cellular organisms;Bacteria;Pseudomonadati;Pseudomonadota;Betaproteobacteria;Burkholderiales;Alcaligenaceae;Bordetella;Bordetella hinzii,131567;2;3379134;1224;28216;80840;506;517;103855,103855
Mycolicibacter virginiensis,4849424,cellular organisms;Bacteria;Bacillati;Actinomycetota;Actinomycetes;Mycobacteriales;Mycobacteriaceae;Mycolicibacter;Mycolicibacter virginiensis,131567;2;1783272;201174;1760;85007;1762;1073531;1795032,1795032
Aeromonas sp. FDAARGOS 1408,4844434,cellular organisms;Bacteria;Pseudomonadati;Pseudomonadota;Gammaproteobacteria;Aeromonadales;Aeromonadaceae;Aeromonas;unclassified Aeromonas;Aeromonas sp. FDAARGOS 1408,131567;2;3379134;1224;1236;135624;84642;642;257493;2778057,2778057
Mycobacterium shimoidei,4842631,cellular organisms;Bacteria;Bacillati;Actinomycetota;Actinomycetes;Mycobacteriales;Mycobacteriaceae;Mycobacterium;Mycobacterium shimoidei,131567;2;1783272;201174;1760;85007;1762;1763;29313,29313
Bacteroides caecimuris,4839927,cellular organisms;Bacteria;Pseudomonadati;FCB group;Bacteroidota/Chlorobiota group;Bacteroidota;Bacteroidia;Bacteroidales;Bacteroidaceae;Bacteroides;Bacteroides caecimuris,131567;2;3379134;1783270;68336;976;200643;171549;815;816;1796613,1796613
"Salmonella enterica subsp. houtenae serovar 50:g,z51:-",4839711,"cellular organisms;Bacteria;Pseudomonadati;Pseudomonadota;Gammaproteobacteria;Enterobacterales;Enterobacteriaceae;Salmonella;Salmonella enterica;Salmonella enterica subsp. houtenae;Salmonella enterica subsp. houtenae serovar 50:g,z51:-",131567;2;3379134;1224;1236;91347;543;590;28901;59205;1173947,1173947
Salmonella enterica subsp. enterica serovar Saintpaul,4838098,cellular organisms;Bacteria;Pseudomonadati;Pseudomonadota;Gammaproteobacteria;Enterobacterales;Enterobacteriaceae;Salmonella;Salmonella enterica;Salmonella enterica subsp. enterica;Salmonella enterica subsp. enterica serovar Saintpaul,131567;2;3379134;1224;1236;91347;543;590;28901;59201;90105,90105
Mycobacterium avium subsp. paratuberculosis,4832477,cellular organisms;Bacteria;Bacillati;Actinomycetota;Actinomycetes;Mycobacteriales;Mycobacteriaceae;Mycobacterium;Mycobacterium avium complex (MAC);Mycobacterium avium;Mycobacterium avium subsp. paratuberculosis,131567;2;1783272;201174;1760;85007;1762;1763;120793;1764;1770,1770
Aeromonas sp. FDAARGOS 1403,4819779,cellular organisms;Bacteria;Pseudomonadati;Pseudomonadota;Gammaproteobacteria;Aeromonadales;Aeromonadaceae;Aeromonas;unclassified Aeromonas;Aeromonas sp. FDAARGOS 1403,131567;2;3379134;1224;1236;135624;84642;642;257493;2778052,2778052
Ralstonia pickettii,4818052,cellular organisms;Bacteria;Pseudomonadati;Pseudomonadota;Betaproteobacteria;Burkholderiales;Burkholderiaceae;Ralstonia;Ralstonia pickettii,131567;2;3379134;1224;28216;80840;119060;48736;329,329
Cedecea sp. FDAARGOS_727,4817482,cellular organisms;Bacteria;Pseudomonadati;Pseudomonadota;Gammaproteobacteria;Enterobacterales;Enterobacteriaceae;Cedecea;unclassified Cedecea;Cedecea sp. FDAARGOS_727,131567;2;3379134;1224;1236;91347;543;158483;2649846;2545798,2545798
Butyricimonas virosa,4813143,cellular organisms;Bacteria;Pseudomonadati;FCB group;Bacteroidota/Chlorobiota group;Bacteroidota;Bacteroidia;Bacteroidales;Odoribacteraceae;Butyricimonas;Butyricimonas virosa,131567;2;3379134;1783270;68336;976;200643;171549;1853231;574697;544645,544645
Pantoea vagans,4808855,cellular organisms;Bacteria;Pseudomonadati;Pseudomonadota;Gammaproteobacteria;Enterobacterales;Erwiniaceae;Pantoea;Pantoea vagans,131567;2;3379134;1224;1236;91347;1903409;53335;470934,470934
Bacteroides faecichinchillae,4806522,cellular organisms;Bacteria;Pseudomonadati;FCB group;Bacteroidota/Chlorobiota group;Bacteroidota;Bacteroidia;Bacteroidales;Bacteroidaceae;Bacteroides;Bacteroides faecichinchillae,131567;2;3379134;1783270;68336;976;200643;171549;815;816;871325,871325
Bordetella parapertussis,4800737,cellular organisms;Bacteria;Pseudomonadati;Pseudomonadota;Betaproteobacteria;Burkholderiales;Alcaligenaceae;Bordetella;Bordetella parapertussis,131567;2;3379134;1224;28216;80840;506;517;519,519
Mycolicibacter heraklionensis,4799517,cellular organisms;Bacteria;Bacillati;Actinomycetota;Actinomycetes;Mycobacteriales;Mycobacteriaceae;Mycolicibacter;Mycolicibacter heraklionensis,131567;2;1783272;201174;1760;85007;1762;1073531;512402,512402
Aeromonas sp. FDAARGOS 1417,4793224,cellular organisms;Bacteria;Pseudomonadati;Pseudomonadota;Gammaproteobacteria;Aeromonadales;Aeromonadaceae;Aeromonas;unclassified Aeromonas;Aeromonas sp. FDAARGOS 1417,131567;2;3379134;1224;1236;135624;84642;642;257493;2778066,2778066
Mycobacterium noviomagense,4779798,cellular organisms;Bacteria;Bacillati;Actinomycetota;Actinomycetes;Mycobacteriales;Mycobacteriaceae;Mycobacterium;Mycobacterium noviomagense,131567;2;1783272;201174;1760;85007;1762;1763;459858,459858
Mycobacterium celatum,4773526,cellular organisms;Bacteria;Bacillati;Actinomycetota;Actinomycetes;Mycobacteriales;Mycobacteriaceae;Mycobacterium;Mycobacterium celatum,131567;2;1783272;201174;1760;85007;1762;1763;28045,28045
Salmonella enterica subsp. enterica serovar Ohio,4747007,cellular organisms;Bacteria;Pseudomonadati;Pseudomonadota;Gammaproteobacteria;Enterobacterales;Enterobacteriaceae;Salmonella;Salmonella enterica;Salmonella enterica subsp. enterica;Salmonella enterica subsp. enterica serovar Ohio,131567;2;3379134;1224;1236;91347;543;590;28901;59201;117541,117541
Aeromonas sp. FDAARGOS 1404,4738672,cellular organisms;Bacteria;Pseudomonadati;Pseudomonadota;Gammaproteobacteria;Aeromonadales;Aeromonadaceae;Aeromonas;unclassified Aeromonas;Aeromonas sp. FDAARGOS 1404,131567;2;3379134;1224;1236;135624;84642;642;257493;2778053,2778053
Porphyromonas gingivalis ATCC 33277,4734760,cellular organisms;Bacteria;Pseudomonadati;FCB group;Bacteroidota/Chlorobiota group;Bacteroidota;Bacteroidia;Bacteroidales;Porphyromonadaceae;Porphyromonas;Porphyromonas gingivalis;Porphyromonas gingivalis ATCC 33277,131567;2;3379134;1783270;68336;976;200643;171549;171551;836;837;431947,431947
Mycobacterium fragae,4731047,cellular organisms;Bacteria;Bacillati;Actinomycetota;Actinomycetes;Mycobacteriales;Mycobacteriaceae;Mycobacterium;Mycobacterium fragae,131567;2;1783272;201174;1760;85007;1762;1763;1260918,1260918
Yersinia kristensenii,4730788,cellular organisms;Bacteria;Pseudomonadati;Pseudomonadota;Gammaproteobacteria;Enterobacterales;Yersiniaceae;Yersinia;Yersinia kristensenii,131567;2;3379134;1224;1236;91347;1903411;629;28152,28152
Bacteroides uniformis,4728573,cellular organisms;Bacteria;Pseudomonadati;FCB group;Bacteroidota/Chlorobiota group;Bacteroidota;Bacteroidia;Bacteroidales;Bacteroidaceae;Bacteroides;Bacteroides uniformis,131567;2;3379134;1783270;68336;976;200643;171549;815;816;820,820
Citrobacter sp. FDAARGOS_156,4727498,cellular organisms;Bacteria;Pseudomonadati;Pseudomonadota;Gammaproteobacteria;Enterobacterales;Enterobacteriaceae;Citrobacter;unclassified Citrobacter;Citrobacter sp. FDAARGOS_156,131567;2;3379134;1224;1236;91347;543;544;2644389;1702170,1702170
Comamonas terrigena,4710225,cellular organisms;Bacteria;Pseudomonadati;Pseudomonadota;Betaproteobacteria;Burkholderiales;Comamonadaceae;Comamonas;Comamonas terrigena,131567;2;3379134;1224;28216;80840;80864;283;32013,32013
Aeromonas sp. FDAARGOS 1407,4701520,cellular organisms;Bacteria;Pseudomonadati;Pseudomonadota;Gammaproteobacteria;Aeromonadales;Aeromonadaceae;Aeromonas;unclassified Aeromonas;Aeromonas sp. FDAARGOS 1407,131567;2;3379134;1224;1236;135624;84642;642;257493;2778056,2778056
Bacillus licheniformis,4693369,cellular organisms;Bacteria;Bacillati;Bacillota;Bacilli;Bacillales;Bacillaceae;Bacillus;Bacillus subtilis group;Bacillus licheniformis,131567;2;1783272;1239;91061;1385;186817;1386;653685;1402,1402
Pantoea agglomerans,4692018,cellular organisms;Bacteria;Pseudomonadati;Pseudomonadota;Gammaproteobacteria;Enterobacterales;Erwiniaceae;Pantoea;Pantoea agglomerans group;Pantoea agglomerans,131567;2;3379134;1224;1236;91347;1903409;53335;1654067;549,549
Peribacillus psychrosaccharolyticus,4681292,cellular organisms;Bacteria;Bacillati;Bacillota;Bacilli;Bacillales;Bacillaceae;Peribacillus;Peribacillus psychrosaccharolyticus,131567;2;1783272;1239;91061;1385;186817;2675229;1407,1407
Lacrimispora saccharolytica,4678070,cellular organisms;Bacteria;Bacillati;Bacillota;Clostridia;Lachnospirales;Lachnospiraceae;Lacrimispora;Lacrimispora saccharolytica,131567;2;1783272;1239;186801;3085636;186803;2719231;84030,84030
Moraxella nonliquefaciens,4667090,cellular organisms;Bacteria;Pseudomonadati;Pseudomonadota;Gammaproteobacteria;Moraxellales;Moraxellaceae;Moraxella;Moraxella nonliquefaciens,131567;2;3379134;1224;1236;2887326;468;475;478,478
Shewanella putrefaciens,4659617,cellular organisms;Bacteria;Pseudomonadati;Pseudomonadota;Gammaproteobacteria;Alteromonadales;Shewanellaceae;Shewanella;Shewanella putrefaciens,131567;2;3379134;1224;1236;135622;267890;22;24,24
Aeromonas sp. FDAARGOS 1406,4645825,cellular organisms;Bacteria;Pseudomonadati;Pseudomonadota;Gammaproteobacteria;Aeromonadales;Aeromonadaceae;Aeromonas;unclassified Aeromonas;Aeromonas sp. FDAARGOS 1406,131567;2;3379134;1224;1236;135624;84642;642;257493;2778055,2778055
Elizabethkingia bruuniana,4632013,cellular organisms;Bacteria;Pseudomonadati;FCB group;Bacteroidota/Chlorobiota group;Bacteroidota;Flavobacteriia;Flavobacteriales;Weeksellaceae;Elizabethkingia;Elizabethkingia bruuniana,131567;2;3379134;1783270;68336;976;117743;200644;2762318;308865;1756149,1756149
Leptospira interrogans serovar Copenhageni,4630763,cellular organisms;Bacteria;Pseudomonadati;Spirochaetota;Spirochaetia;Leptospirales;Leptospiraceae;Leptospira;Leptospira interrogans;Leptospira interrogans serovar Copenhageni,131567;2;3379134;203691;203692;1643688;170;171;173;44275,44275
Aeromonas allosaccharophila,4630407,cellular organisms;Bacteria;Pseudomonadati;Pseudomonadota;Gammaproteobacteria;Aeromonadales;Aeromonadaceae;Aeromonas;Aeromonas allosaccharophila,131567;2;3379134;1224;1236;135624;84642;642;656,656
Poliovirus 2,4622123,Viruses;Riboviria;Orthornavirae;Pisuviricota;Pisoniviricetes;Picornavirales;Picornaviridae;Ensavirinae;Enterovirus;Enterovirus C;Poliovirus 2,10239;2559587;2732396;2732408;2732506;464095;12058;2946630;12059;138950;12083,12083
Aeromonas sp. FDAARGOS 1405,4614193,cellular organisms;Bacteria;Pseudomonadati;Pseudomonadota;Gammaproteobacteria;Aeromonadales;Aeromonadaceae;Aeromonas;unclassified Aeromonas;Aeromonas sp. FDAARGOS 1405,131567;2;3379134;1224;1236;135624;84642;642;257493;2778054,2778054
Aeromonas sp. FDAARGOS 1419,4588770,cellular organisms;Bacteria;Pseudomonadati;Pseudomonadota;Gammaproteobacteria;Aeromonadales;Aeromonadaceae;Aeromonas;unclassified Aeromonas;Aeromonas sp. FDAARGOS 1419,131567;2;3379134;1224;1236;135624;84642;642;257493;2778068,2778068
Salmonella enterica subsp. enterica serovar Paratyphi A,4588003,cellular organisms;Bacteria;Pseudomonadati;Pseudomonadota;Gammaproteobacteria;Enterobacterales;Enterobacteriaceae;Salmonella;Salmonella enterica;Salmonella enterica subsp. enterica;Salmonella enterica subsp. enterica serovar Paratyphi A,131567;2;3379134;1224;1236;91347;543;590;28901;59201;54388,54388
Aeromonas veronii,4561870,cellular organisms;Bacteria;Pseudomonadati;Pseudomonadota;Gammaproteobacteria;Aeromonadales;Aeromonadaceae;Aeromonas;Aeromonas veronii,131567;2;3379134;1224;1236;135624;84642;642;654,654
Atlantibacter hermannii,4554875,cellular organisms;Bacteria;Pseudomonadati;Pseudomonadota;Gammaproteobacteria;Enterobacterales;Enterobacteriaceae;Atlantibacter;Atlantibacter hermannii,131567;2;3379134;1224;1236;91347;543;1903434;565,565
Aeromonas jandaei,4551079,cellular organisms;Bacteria;Pseudomonadati;Pseudomonadota;Gammaproteobacteria;Aeromonadales;Aeromonadaceae;Aeromonas;Aeromonas jandaei,131567;2;3379134;1224;1236;135624;84642;642;650,650
Shigella boydii,4548972,cellular organisms;Bacteria;Pseudomonadati;Pseudomonadota;Gammaproteobacteria;Enterobacterales;Enterobacteriaceae;Shigella;Shigella boydii,131567;2;3379134;1224;1236;91347;543;620;621,621
Aeromonas sp. FDAARGOS 1411,4539453,cellular organisms;Bacteria;Pseudomonadati;Pseudomonadota;Gammaproteobacteria;Aeromonadales;Aeromonadaceae;Aeromonas;unclassified Aeromonas;Aeromonas sp. FDAARGOS 1411,131567;2;3379134;1224;1236;135624;84642;642;257493;2778060,2778060
Acinetobacter sp. FDAARGOS_559,4531518,cellular organisms;Bacteria;Pseudomonadati;Pseudomonadota;Gammaproteobacteria;Moraxellales;Moraxellaceae;Acinetobacter;unclassified Acinetobacter;Acinetobacter sp. FDAARGOS_559,131567;2;3379134;1224;1236;2887326;468;469;196816;2420304,2420304
Aeromonas sp. FDAARGOS 1416,4518831,cellular organisms;Bacteria;Pseudomonadati;Pseudomonadota;Gammaproteobacteria;Aeromonadales;Aeromonadaceae;Aeromonas;unclassified Aeromonas;Aeromonas sp. FDAARGOS 1416,131567;2;3379134;1224;1236;135624;84642;642;257493;2778065,2778065
Aeromonas sp. FDAARGOS 1410,4510294,cellular organisms;Bacteria;Pseudomonadati;Pseudomonadota;Gammaproteobacteria;Aeromonadales;Aeromonadaceae;Aeromonas;unclassified Aeromonas;Aeromonas sp. FDAARGOS 1410,131567;2;3379134;1224;1236;135624;84642;642;257493;2778059,2778059
Mycobacterium shinjukuense,4504020,cellular organisms;Bacteria;Bacillati;Actinomycetota;Actinomycetes;Mycobacteriales;Mycobacteriaceae;Mycobacterium;Mycobacterium shinjukuense,131567;2;1783272;201174;1760;85007;1762;1763;398694,398694
Aeromonas sp. FDAARGOS 1414,4493834,cellular organisms;Bacteria;Pseudomonadati;Pseudomonadota;Gammaproteobacteria;Aeromonadales;Aeromonadaceae;Aeromonas;unclassified Aeromonas;Aeromonas sp. FDAARGOS 1414,131567;2;3379134;1224;1236;135624;84642;642;257493;2778063,2778063
Mycobacterium novum,4458926,cellular organisms;Bacteria;Bacillati;Actinomycetota;Actinomycetes;Mycobacteriales;Mycobacteriaceae;Mycobacterium;Mycobacterium novum,131567;2;1783272;201174;1760;85007;1762;1763;2492438,2492438
Aeromonas sp. FDAARGOS 1418,4454045,cellular organisms;Bacteria;Pseudomonadati;Pseudomonadota;Gammaproteobacteria;Aeromonadales;Aeromonadaceae;Aeromonas;unclassified Aeromonas;Aeromonas sp. FDAARGOS 1418,131567;2;3379134;1224;1236;135624;84642;642;257493;2778067,2778067
Streptococcus gallolyticus,4449209,cellular organisms;Bacteria;Bacillati;Bacillota;Bacilli;Lactobacillales;Streptococcaceae;Streptococcus;Streptococcus gallolyticus,131567;2;1783272;1239;91061;186826;1300;1301;315405,315405
Anaerococcus murdochii,4422675,cellular organisms;Bacteria;Bacillati;Bacillota;Tissierellia;Tissierellales;Peptoniphilaceae;Anaerococcus;Anaerococcus murdochii,131567;2;1783272;1239;1737404;1737405;1570339;165779;411577,411577
Aeromonas enteropelogenes,4416959,cellular organisms;Bacteria;Pseudomonadati;Pseudomonadota;Gammaproteobacteria;Aeromonadales;Aeromonadaceae;Aeromonas;Aeromonas enteropelogenes,131567;2;3379134;1224;1236;135624;84642;642;29489,29489
Stutzerimonas balearica,4411233,cellular organisms;Bacteria;Pseudomonadati;Pseudomonadota;Gammaproteobacteria;Pseudomonadales;Pseudomonadaceae;Stutzerimonas;Stutzerimonas stutzeri group;Stutzerimonas balearica,131567;2;3379134;1224;1236;72274;135621;2901164;136846;74829,74829
Stutzerimonas frequens,4394686,cellular organisms;Bacteria;Pseudomonadati;Pseudomonadota;Gammaproteobacteria;Pseudomonadales;Pseudomonadaceae;Stutzerimonas;Stutzerimonas stutzeri group;Stutzerimonas frequens,131567;2;3379134;1224;1236;72274;135621;2901164;136846;2968969,2968969
Aeromonas sp. FDAARGOS 1409,4377952,cellular organisms;Bacteria;Pseudomonadati;Pseudomonadota;Gammaproteobacteria;Aeromonadales;Aeromonadaceae;Aeromonas;unclassified Aeromonas;Aeromonas sp. FDAARGOS 1409,131567;2;3379134;1224;1236;135624;84642;642;257493;2778058,2778058
Aeromonas sp. FDAARGOS 1415,4346429,cellular organisms;Bacteria;Pseudomonadati;Pseudomonadota;Gammaproteobacteria;Aeromonadales;Aeromonadaceae;Aeromonas;unclassified Aeromonas;Aeromonas sp. FDAARGOS 1415,131567;2;3379134;1224;1236;135624;84642;642;257493;2778064,2778064
Chryseobacterium gallinarum,4338935,cellular organisms;Bacteria;Pseudomonadati;FCB group;Bacteroidota/Chlorobiota group;Bacteroidota;Flavobacteriia;Flavobacteriales;Weeksellaceae;Chryseobacterium group;Chryseobacterium;Chryseobacterium gallinarum,131567;2;3379134;1783270;68336;976;117743;200644;2762318;2782232;59732;1324352,1324352
Macrococcoides caseolyticum,4337686,cellular organisms;Bacteria;Bacillati;Bacillota;Bacilli;Bacillales;Staphylococcaceae;Macrococcoides;Macrococcoides caseolyticum,131567;2;1783272;1239;91061;1385;90964;3076173;69966,69966
Mycobacterium botniense,4335050,cellular organisms;Bacteria;Bacillati;Actinomycetota;Actinomycetes;Mycobacteriales;Mycobacteriaceae;Mycobacterium;Mycobacterium botniense,131567;2;1783272;201174;1760;85007;1762;1763;84962,84962
Bacteroides fluxus YIT 12057,4330716,cellular organisms;Bacteria;Pseudomonadati;FCB group;Bacteroidota/Chlorobiota group;Bacteroidota;Bacteroidia;Bacteroidales;Bacteroidaceae;Bacteroides;Bacteroides fluxus;Bacteroides fluxus YIT 12057,131567;2;3379134;1783270;68336;976;200643;171549;815;816;626930;763034,763034
Mobiluncus curtisii,4317346,cellular organisms;Bacteria;Bacillati;Actinomycetota;Actinomycetes;Actinomycetales;Actinomycetaceae;Mobiluncus;Mobiluncus curtisii,131567;2;1783272;201174;1760;2037;2049;2050;2051,2051
Roseobacter denitrificans,4308791,cellular organisms;Bacteria;Pseudomonadati;Pseudomonadota;Alphaproteobacteria;Rhodobacterales;Roseobacteraceae;Roseobacter;Roseobacter denitrificans,131567;2;3379134;1224;28211;204455;2854170;2433;2434,2434
Acinetobacter sp. FDAARGOS_558,4282746,cellular organisms;Bacteria;Pseudomonadati;Pseudomonadota;Gammaproteobacteria;Moraxellales;Moraxellaceae;Acinetobacter;unclassified Acinetobacter;Acinetobacter sp. FDAARGOS_558,131567;2;3379134;1224;1236;2887326;468;469;196816;2420303,2420303
Streptococcus anginosus,4265455,cellular organisms;Bacteria;Bacillati;Bacillota;Bacilli;Lactobacillales;Streptococcaceae;Streptococcus;Streptococcus anginosus group;Streptococcus anginosus,131567;2;1783272;1239;91061;186826;1300;1301;671232;1328,1328
Mycobacterium haemophilum DSM 44634,4235765,cellular organisms;Bacteria;Bacillati;Actinomycetota;Actinomycetes;Mycobacteriales;Mycobacteriaceae;Mycobacterium;Mycobacterium haemophilum;Mycobacterium haemophilum DSM 44634,131567;2;1783272;201174;1760;85007;1762;1763;29311;1202450,1202450
Bacteroides gallinaceum,4220680,cellular organisms;Bacteria;Pseudomonadati;FCB group;Bacteroidota/Chlorobiota group;Bacteroidota;Bacteroidia;Bacteroidales;Bacteroidaceae;Bacteroides;Bacteroides gallinaceum,131567;2;3379134;1783270;68336;976;200643;171549;815;816;1462571,1462571
Leuconostoc pseudomesenteroides,4210082,cellular organisms;Bacteria;Bacillati;Bacillota;Bacilli;Lactobacillales;Lactobacillaceae;Leuconostoc;Leuconostoc pseudomesenteroides,131567;2;1783272;1239;91061;186826;33958;1243;33968,33968
Streptococcus pneumoniae,4177067,cellular organisms;Bacteria;Bacillati;Bacillota;Bacilli;Lactobacillales;Streptococcaceae;Streptococcus;Streptococcus pneumoniae,131567;2;1783272;1239;91061;186826;1300;1301;1313,1313
Acinetobacter sp. FDAARGOS_560,4166595,cellular organisms;Bacteria;Pseudomonadati;Pseudomonadota;Gammaproteobacteria;Moraxellales;Moraxellaceae;Acinetobacter;unclassified Acinetobacter;Acinetobacter sp. FDAARGOS_560,131567;2;3379134;1224;1236;2887326;468;469;196816;2420305,2420305
Prevotella marseillensis,4160700,cellular organisms;Bacteria;Pseudomonadati;FCB group;Bacteroidota/Chlorobiota group;Bacteroidota;Bacteroidia;Bacteroidales;Prevotellaceae;Prevotella;Prevotella marseillensis,131567;2;3379134;1783270;68336;976;200643;171549;171552;838;2479840,2479840
Bordetella pertussis 18323,4136096,cellular organisms;Bacteria;Pseudomonadati;Pseudomonadota;Betaproteobacteria;Burkholderiales;Alcaligenaceae;Bordetella;Bordetella pertussis;Bordetella pertussis 18323,131567;2;3379134;1224;28216;80840;506;517;520;568706,568706
Acinetobacter sp. FDAARGOS_131,4127634,cellular organisms;Bacteria;Pseudomonadati;Pseudomonadota;Gammaproteobacteria;Moraxellales;Moraxellaceae;Acinetobacter;Acinetobacter calcoaceticus/baumannii complex;unclassified Acinetobacter calcoaceticus/baumannii complex;Acinetobacter sp. FDAARGOS_131,131567;2;3379134;1224;1236;2887326;468;469;909768;2881046;1876769,1876769
Acinetobacter sp. FDAARGOS_495,4126262,cellular organisms;Bacteria;Pseudomonadati;Pseudomonadota;Gammaproteobacteria;Moraxellales;Moraxellaceae;Acinetobacter;unclassified Acinetobacter;Acinetobacter sp. FDAARGOS_495,131567;2;3379134;1224;1236;2887326;468;469;196816;2420302,2420302
Bacteroides luti,4118748,cellular organisms;Bacteria;Pseudomonadati;FCB group;Bacteroidota/Chlorobiota group;Bacteroidota;Bacteroidia;Bacteroidales;Bacteroidaceae;Bacteroides;Bacteroides luti,131567;2;3379134;1783270;68336;976;200643;171549;815;816;1297750,1297750
Phocaeicola coprophilus,4113613,cellular organisms;Bacteria;Pseudomonadati;FCB group;Bacteroidota/Chlorobiota group;Bacteroidota;Bacteroidia;Bacteroidales;Bacteroidaceae;Phocaeicola;Phocaeicola coprophilus,131567;2;3379134;1783270;68336;976;200643;171549;815;909656;387090,387090
Segatella hominis,4105402,cellular organisms;Bacteria;Pseudomonadati;FCB group;Bacteroidota/Chlorobiota group;Bacteroidota;Bacteroidia;Bacteroidales;Prevotellaceae;Segatella;Segatella hominis,131567;2;3379134;1783270;68336;976;200643;171549;171552;2974251;2518605,2518605
Acinetobacter sp. FDAARGOS_541,4081028,cellular organisms;Bacteria;Pseudomonadati;Pseudomonadota;Gammaproteobacteria;Moraxellales;Moraxellaceae;Acinetobacter;unclassified Acinetobacter;Acinetobacter sp. FDAARGOS_541,131567;2;3379134;1224;1236;2887326;468;469;196816;2420312,2420312
Prevotella conceptionensis 9403948,4080115,cellular organisms;Bacteria;Pseudomonadati;FCB group;Bacteroidota/Chlorobiota group;Bacteroidota;Bacteroidia;Bacteroidales;Prevotellaceae;Prevotella;Prevotella conceptionensis;Prevotella conceptionensis 9403948,131567;2;3379134;1783270;68336;976;200643;171549;171552;838;340486;1197728,1197728
Bacteroides mediterraneensis,4075696,cellular organisms;Bacteria;Pseudomonadati;FCB group;Bacteroidota/Chlorobiota group;Bacteroidota;Bacteroidia;Bacteroidales;Bacteroidaceae;Bacteroides;Bacteroides mediterraneensis,131567;2;3379134;1783270;68336;976;200643;171549;815;816;1841856,1841856
Bacteroides ihuae,4063701,cellular organisms;Bacteria;Pseudomonadati;FCB group;Bacteroidota/Chlorobiota group;Bacteroidota;Bacteroidia;Bacteroidales;Bacteroidaceae;Bacteroides;Bacteroides ihuae,131567;2;3379134;1783270;68336;976;200643;171549;815;816;1852362,1852362
Bacillus subtilis,4045619,cellular organisms;Bacteria;Bacillati;Bacillota;Bacilli;Bacillales;Bacillaceae;Bacillus;Bacillus subtilis group;Bacillus subtilis,131567;2;1783272;1239;91061;1385;186817;1386;653685;1423,1423
Stutzerimonas degradans,4042123,cellular organisms;Bacteria;Pseudomonadati;Pseudomonadota;Gammaproteobacteria;Pseudomonadales;Pseudomonadaceae;Stutzerimonas;Stutzerimonas stutzeri group;Stutzerimonas degradans,131567;2;3379134;1224;1236;72274;135621;2901164;136846;2968968,2968968
Acinetobacter sp. FDAARGOS_493,4021456,cellular organisms;Bacteria;Pseudomonadati;Pseudomonadota;Gammaproteobacteria;Moraxellales;Moraxellaceae;Acinetobacter;unclassified Acinetobacter;Acinetobacter sp. FDAARGOS_493,131567;2;3379134;1224;1236;2887326;468;469;196816;2420300,2420300
Acinetobacter seifertii,3999049,cellular organisms;Bacteria;Pseudomonadati;Pseudomonadota;Gammaproteobacteria;Moraxellales;Moraxellaceae;Acinetobacter;Acinetobacter calcoaceticus/baumannii complex;Acinetobacter seifertii,131567;2;3379134;1224;1236;2887326;468;469;909768;1530123,1530123
Bacteroides helcogenes P 36-108,3998906,cellular organisms;Bacteria;Pseudomonadati;FCB group;Bacteroidota/Chlorobiota group;Bacteroidota;Bacteroidia;Bacteroidales;Bacteroidaceae;Bacteroides;Bacteroides helcogenes;Bacteroides helcogenes P 36-108,131567;2;3379134;1783270;68336;976;200643;171549;815;816;290053;693979,693979
Grimontia hollisae,3998439,cellular organisms;Bacteria;Pseudomonadati;Pseudomonadota;Gammaproteobacteria;Vibrionales;Vibrionaceae;Grimontia;Grimontia hollisae,131567;2;3379134;1224;1236;135623;641;246861;673,673
Providencia alcalifaciens,3990106,cellular organisms;Bacteria;Pseudomonadati;Pseudomonadota;Gammaproteobacteria;Enterobacterales;Morganellaceae;Providencia;Providencia alcalifaciens,131567;2;3379134;1224;1236;91347;1903414;586;126385,126385
Bacteroides togonis,3977103,cellular organisms;Bacteria;Pseudomonadati;FCB group;Bacteroidota/Chlorobiota group;Bacteroidota;Bacteroidia;Bacteroidales;Bacteroidaceae;Bacteroides;Bacteroides togonis,131567;2;3379134;1783270;68336;976;200643;171549;815;816;1917883,1917883
Bacteroides ilei,3974623,cellular organisms;Bacteria;Pseudomonadati;FCB group;Bacteroidota/Chlorobiota group;Bacteroidota;Bacteroidia;Bacteroidales;Bacteroidaceae;Bacteroides;Bacteroides ilei,131567;2;3379134;1783270;68336;976;200643;171549;815;816;1907658,1907658
Acinetobacter sp. FDAARGOS_494,3953244,cellular organisms;Bacteria;Pseudomonadati;Pseudomonadota;Gammaproteobacteria;Moraxellales;Moraxellaceae;Acinetobacter;unclassified Acinetobacter;Acinetobacter sp. FDAARGOS_494,131567;2;3379134;1224;1236;2887326;468;469;196816;2420301,2420301
Rhodanobacter sp. FDAARGOS 1247,3922638,cellular organisms;Bacteria;Pseudomonadati;Pseudomonadota;Gammaproteobacteria;Lysobacterales;Rhodanobacteraceae;Rhodanobacter;unclassified Rhodanobacter;Rhodanobacter sp. FDAARGOS 1247,131567;2;3379134;1224;1236;135614;1775411;75309;2621553;2778082,2778082
Hallella mizrahii,3920788,cellular organisms;Bacteria;Pseudomonadati;FCB group;Bacteroidota/Chlorobiota group;Bacteroidota;Bacteroidia;Bacteroidales;Prevotellaceae;Hallella;Hallella mizrahii,131567;2;3379134;1783270;68336;976;200643;171549;171552;52228;2606637,2606637
Acinetobacter calcoaceticus,3915231,cellular organisms;Bacteria;Pseudomonadati;Pseudomonadota;Gammaproteobacteria;Moraxellales;Moraxellaceae;Acinetobacter;Acinetobacter calcoaceticus/baumannii complex;Acinetobacter calcoaceticus,131567;2;3379134;1224;1236;2887326;468;469;909768;471,471
Prevotella jejuni,3913006,cellular organisms;Bacteria;Pseudomonadati;FCB group;Bacteroidota/Chlorobiota group;Bacteroidota;Bacteroidia;Bacteroidales;Prevotellaceae;Prevotella;Prevotella jejuni,131567;2;3379134;1783270;68336;976;200643;171549;171552;838;1177574,1177574
Bacteroides cutis,3903522,cellular organisms;Bacteria;Pseudomonadati;FCB group;Bacteroidota/Chlorobiota group;Bacteroidota;Bacteroidia;Bacteroidales;Bacteroidaceae;Bacteroides;Bacteroides cutis,131567;2;3379134;1783270;68336;976;200643;171549;815;816;2024197,2024197
Bacteroides clarus,3897457,cellular organisms;Bacteria;Pseudomonadati;FCB group;Bacteroidota/Chlorobiota group;Bacteroidota;Bacteroidia;Bacteroidales;Bacteroidaceae;Bacteroides;Bacteroides clarus,131567;2;3379134;1783270;68336;976;200643;171549;815;816;626929,626929
Bacteroides stercoris,3883826,cellular organisms;Bacteria;Pseudomonadati;FCB group;Bacteroidota/Chlorobiota group;Bacteroidota;Bacteroidia;Bacteroidales;Bacteroidaceae;Bacteroides;Bacteroides stercoris,131567;2;3379134;1783270;68336;976;200643;171549;815;816;46506,46506
Acinetobacter septicus,3860318,cellular organisms;Bacteria;Pseudomonadati;Pseudomonadota;Gammaproteobacteria;Moraxellales;Moraxellaceae;Acinetobacter;Acinetobacter septicus,131567;2;3379134;1224;1236;2887326;468;469;465797,465797
Proteus penneri,3850796,cellular organisms;Bacteria;Pseudomonadati;Pseudomonadota;Gammaproteobacteria;Enterobacterales;Morganellaceae;Proteus;Proteus penneri,131567;2;3379134;1224;1236;91347;1903414;583;102862,102862
Moraxella catarrhalis,3849965,cellular organisms;Bacteria;Pseudomonadati;Pseudomonadota;Gammaproteobacteria;Moraxellales;Moraxellaceae;Moraxella;Moraxella catarrhalis,131567;2;3379134;1224;1236;2887326;468;475;480,480
Streptococcus intermedius,3847383,cellular organisms;Bacteria;Bacillati;Bacillota;Bacilli;Lactobacillales;Streptococcaceae;Streptococcus;Streptococcus anginosus group;Streptococcus intermedius,131567;2;1783272;1239;91061;186826;1300;1301;671232;1338,1338
Plesiomonas shigelloides,3827531,cellular organisms;Bacteria;Pseudomonadati;Pseudomonadota;Gammaproteobacteria;Enterobacterales;Enterobacteriaceae;Plesiomonas;Plesiomonas shigelloides,131567;2;3379134;1224;1236;91347;543;702;703,703
Acinetobacter sp. FDAARGOS_515,3820331,cellular organisms;Bacteria;Pseudomonadati;Pseudomonadota;Gammaproteobacteria;Moraxellales;Moraxellaceae;Acinetobacter;unclassified Acinetobacter;Acinetobacter sp. FDAARGOS_515,131567;2;3379134;1224;1236;2887326;468;469;196816;2420307,2420307
Edwardsiella hoshinae,3817113,cellular organisms;Bacteria;Pseudomonadati;Pseudomonadota;Gammaproteobacteria;Enterobacterales;Hafniaceae;Edwardsiella;Edwardsiella hoshinae,131567;2;3379134;1224;1236;91347;1903412;635;93378,93378
Xylanibacter rarus,3788330,cellular organisms;Bacteria;Pseudomonadati;FCB group;Bacteroidota/Chlorobiota group;Bacteroidota;Bacteroidia;Bacteroidales;Prevotellaceae;Xylanibacter;Xylanibacter rarus,131567;2;3379134;1783270;68336;976;200643;171549;171552;558436;1676614,1676614
Bacteroides caecigallinarum,3766773,cellular organisms;Bacteria;Pseudomonadati;FCB group;Bacteroidota/Chlorobiota group;Bacteroidota;Bacteroidia;Bacteroidales;Bacteroidaceae;Bacteroides;Bacteroides caecigallinarum,131567;2;3379134;1783270;68336;976;200643;171549;815;816;1411144,1411144
Leyella lascolaii,3765112,cellular organisms;Bacteria;Pseudomonadati;FCB group;Bacteroidota/Chlorobiota group;Bacteroidota;Bacteroidia;Bacteroidales;Prevotellaceae;Leyella;Leyella lascolaii,131567;2;3379134;1783270;68336;976;200643;171549;171552;2974265;1776379,1776379
Streptococcus lutetiensis,3764645,cellular organisms;Bacteria;Bacillati;Bacillota;Bacilli;Lactobacillales;Streptococcaceae;Streptococcus;Streptococcus lutetiensis,131567;2;1783272;1239;91061;186826;1300;1301;150055,150055
Streptococcus mitis,3737716,cellular organisms;Bacteria;Bacillati;Bacillota;Bacilli;Lactobacillales;Streptococcaceae;Streptococcus;Streptococcus mitis,131567;2;1783272;1239;91061;186826;1300;1301;28037,28037
Peptoniphilus harei,3721536,cellular organisms;Bacteria;Bacillati;Bacillota;Tissierellia;Tissierellales;Peptoniphilaceae;Peptoniphilus;Peptoniphilus harei,131567;2;1783272;1239;1737404;1737405;1570339;162289;54005,54005
Chryseobacterium sp. FDAARGOS 1104,3699485,cellular organisms;Bacteria;Pseudomonadati;FCB group;Bacteroidota/Chlorobiota group;Bacteroidota;Flavobacteriia;Flavobacteriales;Weeksellaceae;Chryseobacterium group;Chryseobacterium;unclassified Chryseobacterium;Chryseobacterium sp. FDAARGOS 1104,131567;2;3379134;1783270;68336;976;117743;200644;2762318;2782232;59732;2593645;2778077,2778077
Bacteroides graminisolvens DSM 19988 = JCM 15093,3633399,cellular organisms;Bacteria;Pseudomonadati;FCB group;Bacteroidota/Chlorobiota group;Bacteroidota;Bacteroidia;Bacteroidales;Bacteroidaceae;Bacteroides;Bacteroides graminisolvens;Bacteroides graminisolvens DSM 19988 = JCM 15093,131567;2;3379134;1783270;68336;976;200643;171549;815;816;477666;1121097,1121097
[Clostridium] scindens,3619096,cellular organisms;Bacteria;Bacillati;Bacillota;Clostridia;Lachnospirales;Lachnospiraceae;Lachnoclostridium;[Clostridium] scindens,131567;2;1783272;1239;186801;3085636;186803;1506553;29347,29347
Bacteroides heparinolyticus,3608975,cellular organisms;Bacteria;Pseudomonadati;FCB group;Bacteroidota/Chlorobiota group;Bacteroidota;Bacteroidia;Bacteroidales;Bacteroidaceae;Bacteroides;Bacteroides heparinolyticus,131567;2;3379134;1783270;68336;976;200643;171549;815;816;28113,28113
Segatella copri DSM 18205,3551614,cellular organisms;Bacteria;Pseudomonadati;FCB group;Bacteroidota/Chlorobiota group;Bacteroidota;Bacteroidia;Bacteroidales;Prevotellaceae;Segatella;Segatella copri;Segatella copri DSM 18205,131567;2;3379134;1783270;68336;976;200643;171549;171552;2974251;165179;537011,537011
Enterococcus sp. FDAARGOS_375,3549293,cellular organisms;Bacteria;Bacillati;Bacillota;Bacilli;Lactobacillales;Enterococcaceae;Enterococcus;unclassified Enterococcus;Enterococcus sp. FDAARGOS_375,131567;2;1783272;1239;91061;186826;81852;1350;2608891;2060307,2060307
Brevundimonas diminuta,3549082,cellular organisms;Bacteria;Pseudomonadati;Pseudomonadota;Alphaproteobacteria;Caulobacterales;Caulobacteraceae;Brevundimonas;Brevundimonas diminuta,131567;2;3379134;1224;28211;204458;76892;41275;293,293
Fusobacterium ulcerans,3537675,cellular organisms;Bacteria;Fusobacteriati;Fusobacteriota;Fusobacteriia;Fusobacteriales;Fusobacteriaceae;Fusobacterium;Fusobacterium ulcerans,131567;2;3384189;32066;203490;203491;203492;848;861,861
Hoylesella shahii DSM 15611 = JCM 12083,3511526,cellular organisms;Bacteria;Pseudomonadati;FCB group;Bacteroidota/Chlorobiota group;Bacteroidota;Bacteroidia;Bacteroidales;Prevotellaceae;Hoylesella;Hoylesella shahii;Hoylesella shahii DSM 15611 = JCM 12083,131567;2;3379134;1783270;68336;976;200643;171549;171552;2974257;228603;1122991,1122991
Hoylesella loescheii DSM 19665 = JCM 12249 = ATCC 15930,3508589,cellular organisms;Bacteria;Pseudomonadati;FCB group;Bacteroidota/Chlorobiota group;Bacteroidota;Bacteroidia;Bacteroidales;Prevotellaceae;Hoylesella;Hoylesella loescheii;Hoylesella loescheii DSM 19665 = JCM 12249 = ATCC 15930,131567;2;3379134;1783270;68336;976;200643;171549;171552;2974257;840;1122985,1122985
Gardnerella vaginalis,3487573,cellular organisms;Bacteria;Bacillati;Actinomycetota;Actinomycetes;Bifidobacteriales;Bifidobacteriaceae;Gardnerella;Gardnerella vaginalis,131567;2;1783272;201174;1760;85004;31953;2701;2702,2702
Acinetobacter sp. FDAARGOS_724,3468292,cellular organisms;Bacteria;Pseudomonadati;Pseudomonadota;Gammaproteobacteria;Moraxellales;Moraxellaceae;Acinetobacter;unclassified Acinetobacter;Acinetobacter sp. FDAARGOS_724,131567;2;3379134;1224;1236;2887326;468;469;196816;2545797,2545797
Arachnia propionica,3467615,cellular organisms;Bacteria;Bacillati;Actinomycetota;Actinomycetes;Propionibacteriales;Propionibacteriaceae;Arachnia;Arachnia propionica,131567;2;1783272;201174;1760;85009;31957;2801844;1750,1750
Legionella pneumophila subsp. pneumophila,3460518,cellular organisms;Bacteria;Pseudomonadati;Pseudomonadota;Gammaproteobacteria;Legionellales;Legionellaceae;Legionella;Legionella pneumophila;Legionella pneumophila subsp. pneumophila,131567;2;3379134;1224;1236;118969;444;445;446;91891,91891
Segatella paludivivens DSM 17968 = JCM 13650,3455832,cellular organisms;Bacteria;Pseudomonadati;FCB group;Bacteroidota/Chlorobiota group;Bacteroidota;Bacteroidia;Bacteroidales;Prevotellaceae;Segatella;Segatella paludivivens;Segatella paludivivens DSM 17968 = JCM 13650,131567;2;3379134;1783270;68336;976;200643;171549;171552;2974251;185294;1122990,1122990
Agrilactobacillus composti DSM 18527 = JCM 14202,3449704,cellular organisms;Bacteria;Bacillati;Bacillota;Bacilli;Lactobacillales;Lactobacillaceae;Agrilactobacillus;Agrilactobacillus composti;Agrilactobacillus composti DSM 18527 = JCM 14202,131567;2;1783272;1239;91061;186826;33958;2767875;398555;1423734,1423734
Xylanibacter ruminicola,3439340,cellular organisms;Bacteria;Pseudomonadati;FCB group;Bacteroidota/Chlorobiota group;Bacteroidota;Bacteroidia;Bacteroidales;Prevotellaceae;Xylanibacter;Xylanibacter ruminicola,131567;2;3379134;1783270;68336;976;200643;171549;171552;558436;839,839
Hallella multisaccharivorax DSM 17128,3388644,cellular organisms;Bacteria;Pseudomonadati;FCB group;Bacteroidota/Chlorobiota group;Bacteroidota;Bacteroidia;Bacteroidales;Prevotellaceae;Hallella;Hallella multisaccharivorax;Hallella multisaccharivorax DSM 17128,131567;2;3379134;1783270;68336;976;200643;171549;171552;52228;310514;688246,688246
Campylobacter ureolyticus,3386077,cellular organisms;Bacteria;Pseudomonadati;Campylobacterota;Epsilonproteobacteria;Campylobacterales;Campylobacteraceae;Campylobacter;Campylobacter ureolyticus,131567;2;3379134;29547;3031852;213849;72294;194;827,827
Acinetobacter radioresistens,3377444,cellular organisms;Bacteria;Pseudomonadati;Pseudomonadota;Gammaproteobacteria;Moraxellales;Moraxellaceae;Acinetobacter;Acinetobacter radioresistens,131567;2;3379134;1224;1236;2887326;468;469;40216,40216
Coprococcus comes,3373067,cellular organisms;Bacteria;Bacillati;Bacillota;Clostridia;Lachnospirales;Lachnospiraceae;Coprococcus;Coprococcus comes,131567;2;1783272;1239;186801;3085636;186803;33042;410072,410072
Bacteroides pyogenes,3371970,cellular organisms;Bacteria;Pseudomonadati;FCB group;Bacteroidota/Chlorobiota group;Bacteroidota;Bacteroidia;Bacteroidales;Bacteroidaceae;Bacteroides;Bacteroides pyogenes,131567;2;3379134;1783270;68336;976;200643;171549;815;816;310300,310300
Bacteroides zoogleoformans,3361794,cellular organisms;Bacteria;Pseudomonadati;FCB group;Bacteroidota/Chlorobiota group;Bacteroidota;Bacteroidia;Bacteroidales;Bacteroidaceae;Bacteroides;Bacteroides zoogleoformans,131567;2;3379134;1783270;68336;976;200643;171549;815;816;28119,28119
Prevotella dentalis DSM 3688,3350206,cellular organisms;Bacteria;Pseudomonadati;FCB group;Bacteroidota/Chlorobiota group;Bacteroidota;Bacteroidia;Bacteroidales;Prevotellaceae;Prevotella;Prevotella dentalis;Prevotella dentalis DSM 3688,131567;2;3379134;1783270;68336;976;200643;171549;171552;838;52227;908937,908937
Fusobacterium varium ATCC 27725,3346458,cellular organisms;Bacteria;Fusobacteriati;Fusobacteriota;Fusobacteriia;Fusobacteriales;Fusobacteriaceae;Fusobacterium;Fusobacterium varium;Fusobacterium varium ATCC 27725,131567;2;3384189;32066;203490;203491;203492;848;856;469618,469618
Brevundimonas vesicularis,3345527,cellular organisms;Bacteria;Pseudomonadati;Pseudomonadota;Alphaproteobacteria;Caulobacterales;Caulobacteraceae;Brevundimonas;Brevundimonas vesicularis,131567;2;3379134;1224;28211;204458;76892;41275;41276,41276
Heyndrickxia coagulans,3342828,cellular organisms;Bacteria;Bacillati;Bacillota;Bacilli;Bacillales;Bacillaceae;Heyndrickxia;Heyndrickxia coagulans,131567;2;1783272;1239;91061;1385;186817;2837504;1398,1398
Prevotella ihumii,3323400,cellular organisms;Bacteria;Pseudomonadati;FCB group;Bacteroidota/Chlorobiota group;Bacteroidota;Bacteroidia;Bacteroidales;Prevotellaceae;Prevotella;Prevotella ihumii,131567;2;3379134;1783270;68336;976;200643;171549;171552;838;1917878,1917878
Brucella canis,3312764,cellular organisms;Bacteria;Pseudomonadati;Pseudomonadota;Alphaproteobacteria;Hyphomicrobiales;Brucellaceae;Brucella/Ochrobactrum group;Brucella;Brucella canis,131567;2;3379134;1224;28211;356;118882;2826938;234;36855,36855
Prevotella scopos JCM 17725,3303745,cellular organisms;Bacteria;Pseudomonadati;FCB group;Bacteroidota/Chlorobiota group;Bacteroidota;Bacteroidia;Bacteroidales;Prevotellaceae;Prevotella;Prevotella scopos;Prevotella scopos JCM 17725,131567;2;3379134;1783270;68336;976;200643;171549;171552;838;589437;1236518,1236518
Bacteroides caecicola,3299531,cellular organisms;Bacteria;Pseudomonadati;FCB group;Bacteroidota/Chlorobiota group;Bacteroidota;Bacteroidia;Bacteroidales;Bacteroidaceae;Bacteroides;Bacteroides caecicola,131567;2;3379134;1783270;68336;976;200643;171549;815;816;1462569,1462569
Segatella bryantii,3296581,cellular organisms;Bacteria;Pseudomonadati;FCB group;Bacteroidota/Chlorobiota group;Bacteroidota;Bacteroidia;Bacteroidales;Prevotellaceae;Segatella;Segatella bryantii,131567;2;3379134;1783270;68336;976;200643;171549;171552;2974251;77095,77095
Xylanibacter oryzae DSM 17970,3287991,cellular organisms;Bacteria;Pseudomonadati;FCB group;Bacteroidota/Chlorobiota group;Bacteroidota;Bacteroidia;Bacteroidales;Prevotellaceae;Xylanibacter;Xylanibacter oryzae;Xylanibacter oryzae DSM 17970,131567;2;3379134;1783270;68336;976;200643;171549;171552;558436;185293;915438,915438
Enterococcus sp. FDAARGOS_553,3283483,cellular organisms;Bacteria;Bacillati;Bacillota;Bacilli;Lactobacillales;Enterococcaceae;Enterococcus;unclassified Enterococcus;Enterococcus sp. FDAARGOS_553,131567;2;1783272;1239;91061;186826;81852;1350;2608891;2420313,2420313
Hallella bergensis DSM 17361,3273670,cellular organisms;Bacteria;Pseudomonadati;FCB group;Bacteroidota/Chlorobiota group;Bacteroidota;Bacteroidia;Bacteroidales;Prevotellaceae;Hallella;Hallella bergensis;Hallella bergensis DSM 17361,131567;2;3379134;1783270;68336;976;200643;171549;171552;52228;242750;585502,585502
Prevotella fusca JCM 17724,3261806,cellular organisms;Bacteria;Pseudomonadati;FCB group;Bacteroidota/Chlorobiota group;Bacteroidota;Bacteroidia;Bacteroidales;Prevotellaceae;Prevotella;Prevotella fusca;Prevotella fusca JCM 17724,131567;2;3379134;1783270;68336;976;200643;171549;171552;838;589436;1236517,1236517
Xylanibacter brevis P6B11,3216972,cellular organisms;Bacteria;Pseudomonadati;FCB group;Bacteroidota/Chlorobiota group;Bacteroidota;Bacteroidia;Bacteroidales;Prevotellaceae;Xylanibacter;Xylanibacter brevis;Xylanibacter brevis P6B11,131567;2;3379134;1783270;68336;976;200643;171549;171552;558436;83231;1410666,1410666
Mycobacterium lepromatosis,3206741,cellular organisms;Bacteria;Bacillati;Actinomycetota;Actinomycetes;Mycobacteriales;Mycobacteriaceae;Mycobacterium;Mycobacterium lepromatosis,131567;2;1783272;201174;1760;85007;1762;1763;480418,480418
Mediterraneibacter gnavus,3196940,cellular organisms;Bacteria;Bacillati;Bacillota;Clostridia;Lachnospirales;Lachnospiraceae;Mediterraneibacter;Mediterraneibacter gnavus,131567;2;1783272;1239;186801;3085636;186803;2316020;33038,33038
Actinomyces oris,3190396,cellular organisms;Bacteria;Bacillati;Actinomycetota;Actinomycetes;Actinomycetales;Actinomycetaceae;Actinomyces;Actinomyces oris,131567;2;1783272;201174;1760;2037;2049;1654;544580,544580
Mycobacterium leprae,3187112,cellular organisms;Bacteria;Bacillati;Actinomycetota;Actinomycetes;Mycobacteriales;Mycobacteriaceae;Mycobacterium;Mycobacterium leprae,131567;2;1783272;201174;1760;85007;1762;1763;1769,1769
Prevotella melaninogenica ATCC 25845,3168282,cellular organisms;Bacteria;Pseudomonadati;FCB group;Bacteroidota/Chlorobiota group;Bacteroidota;Bacteroidia;Bacteroidales;Prevotellaceae;Prevotella;Prevotella melaninogenica;Prevotella melaninogenica ATCC 25845,131567;2;3379134;1783270;68336;976;200643;171549;171552;838;28132;553174,553174
Segatella oris,3168212,cellular organisms;Bacteria;Pseudomonadati;FCB group;Bacteroidota/Chlorobiota group;Bacteroidota;Bacteroidia;Bacteroidales;Prevotellaceae;Segatella;Segatella oris,131567;2;3379134;1783270;68336;976;200643;171549;171552;2974251;28135,28135
Psychrobacter sp. FDAARGOS_221,3160997,cellular organisms;Bacteria;Pseudomonadati;Pseudomonadota;Gammaproteobacteria;Moraxellales;Moraxellaceae;Psychrobacter;unclassified Psychrobacter;Psychrobacter sp. FDAARGOS_221,131567;2;3379134;1224;1236;2887326;468;497;196806;1975705,1975705
Actinomyces naeslundii,3152123,cellular organisms;Bacteria;Bacillati;Actinomycetota;Actinomycetes;Actinomycetales;Actinomycetaceae;Actinomyces;Actinomyces naeslundii,131567;2;1783272;201174;1760;2037;2049;1654;1655,1655
Segatella maculosa OT 289,3151214,cellular organisms;Bacteria;Pseudomonadati;FCB group;Bacteroidota/Chlorobiota group;Bacteroidota;Bacteroidia;Bacteroidales;Prevotellaceae;Segatella;Segatella maculosa;Segatella maculosa OT 289,131567;2;3379134;1783270;68336;976;200643;171549;171552;2974251;439703;999422,999422
Mycobacterium uberis,3122721,cellular organisms;Bacteria;Bacillati;Actinomycetota;Actinomycetes;Mycobacteriales;Mycobacteriaceae;Mycobacterium;Mycobacterium uberis,131567;2;1783272;201174;1760;85007;1762;1763;2162698,2162698
Segatella buccae,3122366,cellular organisms;Bacteria;Pseudomonadati;FCB group;Bacteroidota/Chlorobiota group;Bacteroidota;Bacteroidia;Bacteroidales;Prevotellaceae;Segatella;Segatella buccae,131567;2;3379134;1783270;68336;976;200643;171549;171552;2974251;28126,28126
Prevotella pectinovora,3120120,cellular organisms;Bacteria;Pseudomonadati;FCB group;Bacteroidota/Chlorobiota group;Bacteroidota;Bacteroidia;Bacteroidales;Prevotellaceae;Prevotella;Prevotella pectinovora,131567;2;3379134;1783270;68336;976;200643;171549;171552;838;1602169,1602169
Prevotella pallens,3108714,cellular organisms;Bacteria;Pseudomonadati;FCB group;Bacteroidota/Chlorobiota group;Bacteroidota;Bacteroidia;Bacteroidales;Prevotellaceae;Prevotella;Prevotella pallens,131567;2;3379134;1783270;68336;976;200643;171549;171552;838;60133,60133
Psychrobacter cryohalolentis,3108645,cellular organisms;Bacteria;Pseudomonadati;Pseudomonadota;Gammaproteobacteria;Moraxellales;Moraxellaceae;Psychrobacter;Psychrobacter cryohalolentis,131567;2;3379134;1224;1236;2887326;468;497;330922,330922
Prevotella denticola,3106544,cellular organisms;Bacteria;Pseudomonadati;FCB group;Bacteroidota/Chlorobiota group;Bacteroidota;Bacteroidia;Bacteroidales;Prevotellaceae;Prevotella;Prevotella denticola,131567;2;3379134;1783270;68336;976;200643;171549;171552;838;28129,28129
Segatella salivae F0493,3099908,cellular organisms;Bacteria;Pseudomonadati;FCB group;Bacteroidota/Chlorobiota group;Bacteroidota;Bacteroidia;Bacteroidales;Prevotellaceae;Segatella;Segatella salivae;Segatella salivae F0493,131567;2;3379134;1783270;68336;976;200643;171549;171552;2974251;228604;1395125,1395125
Leyella stercorea DSM 18206,3097322,cellular organisms;Bacteria;Pseudomonadati;FCB group;Bacteroidota/Chlorobiota group;Bacteroidota;Bacteroidia;Bacteroidales;Prevotellaceae;Leyella;Leyella stercorea;Leyella stercorea DSM 18206,131567;2;3379134;1783270;68336;976;200643;171549;171552;2974265;363265;1002367,1002367
Prevotella illustrans,3088950,cellular organisms;Bacteria;Pseudomonadati;FCB group;Bacteroidota/Chlorobiota group;Bacteroidota;Bacteroidia;Bacteroidales;Prevotellaceae;Prevotella;Prevotella illustrans,131567;2;3379134;1783270;68336;976;200643;171549;171552;838;2800387,2800387
Propionibacterium acidifaciens,3072768,cellular organisms;Bacteria;Bacillati;Actinomycetota;Actinomycetes;Propionibacteriales;Propionibacteriaceae;Propionibacterium;Propionibacterium acidifaciens,131567;2;1783272;201174;1760;85009;31957;1743;556499,556499
Dermacoccus nishinomiyaensis,3072433,cellular organisms;Bacteria;Bacillati;Actinomycetota;Actinomycetes;Micrococcales;Dermacoccaceae;Dermacoccus;Dermacoccus nishinomiyaensis,131567;2;1783272;201174;1760;85006;145357;57495;1274,1274
Prevotella disiens,3051352,cellular organisms;Bacteria;Pseudomonadati;FCB group;Bacteroidota/Chlorobiota group;Bacteroidota;Bacteroidia;Bacteroidales;Prevotellaceae;Prevotella;Prevotella disiens,131567;2;3379134;1783270;68336;976;200643;171549;171552;838;28130,28130
Hoylesella buccalis ATCC 35310,3033961,cellular organisms;Bacteria;Pseudomonadati;FCB group;Bacteroidota/Chlorobiota group;Bacteroidota;Bacteroidia;Bacteroidales;Prevotellaceae;Hoylesella;Hoylesella buccalis;Hoylesella buccalis ATCC 35310,131567;2;3379134;1783270;68336;976;200643;171549;171552;2974257;28127;679190,679190
Sutterella wadsworthensis,3026517,cellular organisms;Bacteria;Pseudomonadati;Pseudomonadota;Betaproteobacteria;Burkholderiales;Sutterellaceae;Sutterella;Sutterella wadsworthensis,131567;2;3379134;1224;28216;80840;995019;40544;40545,40545
Prevotella multiformis,3025491,cellular organisms;Bacteria;Pseudomonadati;FCB group;Bacteroidota/Chlorobiota group;Bacteroidota;Bacteroidia;Bacteroidales;Prevotellaceae;Prevotella;Prevotella multiformis,131567;2;3379134;1783270;68336;976;200643;171549;171552;838;282402,282402
Lacticaseibacillus paracasei subsp. paracasei 8700:2,3025352,cellular organisms;Bacteria;Bacillati;Bacillota;Bacilli;Lactobacillales;Lactobacillaceae;Lacticaseibacillus;Lacticaseibacillus paracasei;Lacticaseibacillus paracasei subsp. paracasei;Lacticaseibacillus paracasei subsp. paracasei 8700:2,131567;2;1783272;1239;91061;186826;33958;2759736;1597;47714;537973,537973
Segatella baroniae F0067,3024338,cellular organisms;Bacteria;Pseudomonadati;FCB group;Bacteroidota/Chlorobiota group;Bacteroidota;Bacteroidia;Bacteroidales;Prevotellaceae;Segatella;Segatella baroniae;Segatella baroniae F0067,131567;2;3379134;1783270;68336;976;200643;171549;171552;2974251;305719;1115809,1115809
Prevotella aurantiaca JCM 15754,3002170,cellular organisms;Bacteria;Pseudomonadati;FCB group;Bacteroidota/Chlorobiota group;Bacteroidota;Bacteroidia;Bacteroidales;Prevotellaceae;Prevotella;Prevotella aurantiaca;Prevotella aurantiaca JCM 15754,131567;2;3379134;1783270;68336;976;200643;171549;171552;838;596085;1236508,1236508
Hoylesella timonensis,3000907,cellular organisms;Bacteria;Pseudomonadati;FCB group;Bacteroidota/Chlorobiota group;Bacteroidota;Bacteroidia;Bacteroidales;Prevotellaceae;Hoylesella;Hoylesella timonensis,131567;2;3379134;1783270;68336;976;200643;171549;171552;2974257;386414,386414
Prevotella histicola,2999514,cellular organisms;Bacteria;Pseudomonadati;FCB group;Bacteroidota/Chlorobiota group;Bacteroidota;Bacteroidia;Bacteroidales;Prevotellaceae;Prevotella;Prevotella histicola,131567;2;3379134;1783270;68336;976;200643;171549;171552;838;470565,470565
Hallella colorans,2936680,cellular organisms;Bacteria;Pseudomonadati;FCB group;Bacteroidota/Chlorobiota group;Bacteroidota;Bacteroidia;Bacteroidales;Prevotellaceae;Hallella;Hallella colorans,131567;2;3379134;1783270;68336;976;200643;171549;171552;52228;1703337,1703337
Listeria welshimeri,2934720,cellular organisms;Bacteria;Bacillati;Bacillota;Bacilli;Bacillales;Listeriaceae;Listeria;Listeria welshimeri,131567;2;1783272;1239;91061;1385;186820;1637;1643,1643
Staphylococcus aureus M13048,2929152,cellular organisms;Bacteria;Bacillati;Bacillota;Bacilli;Bacillales;Staphylococcaceae;Staphylococcus;Staphylococcus aureus;Staphylococcus aureus M13048,131567;2;1783272;1239;91061;1385;90964;1279;1280;1412756,1412756
Prevotella phocaeensis,2922118,cellular organisms;Bacteria;Pseudomonadati;FCB group;Bacteroidota/Chlorobiota group;Bacteroidota;Bacteroidia;Bacteroidales;Prevotellaceae;Prevotella;Prevotella phocaeensis,131567;2;3379134;1783270;68336;976;200643;171549;171552;838;1776388,1776388
Corynebacterium freneyi,2881812,cellular organisms;Bacteria;Bacillati;Actinomycetota;Actinomycetes;Mycobacteriales;Corynebacteriaceae;Corynebacterium;Corynebacterium freneyi,131567;2;1783272;201174;1760;85007;1653;1716;134034,134034
Staphylococcus aureus M0920,2879183,cellular organisms;Bacteria;Bacillati;Bacillota;Bacilli;Bacillales;Staphylococcaceae;Staphylococcus;Staphylococcus aureus;Staphylococcus aureus M0920,131567;2;1783272;1239;91061;1385;90964;1279;1280;1388691,1388691
Hoylesella enoeca,2861432,cellular organisms;Bacteria;Pseudomonadati;FCB group;Bacteroidota/Chlorobiota group;Bacteroidota;Bacteroidia;Bacteroidales;Prevotellaceae;Hoylesella;Hoylesella enoeca,131567;2;3379134;1783270;68336;976;200643;171549;171552;2974257;76123,76123
Staphylococcus aureus T32092,2861101,cellular organisms;Bacteria;Bacillati;Bacillota;Bacilli;Bacillales;Staphylococcaceae;Staphylococcus;Staphylococcus aureus;Staphylococcus aureus T32092,131567;2;1783272;1239;91061;1385;90964;1279;1280;1421888,1421888
Staphylococcus aureus M1457,2856582,cellular organisms;Bacteria;Bacillati;Bacillota;Bacilli;Bacillales;Staphylococcaceae;Staphylococcus;Staphylococcus aureus;Staphylococcus aureus M1457,131567;2;1783272;1239;91061;1385;90964;1279;1280;1398067,1398067
Mammaliicoccus sciuri,2853815,cellular organisms;Bacteria;Bacillati;Bacillota;Bacilli;Bacillales;Staphylococcaceae;Mammaliicoccus;Mammaliicoccus sciuri,131567;2;1783272;1239;91061;1385;90964;2803850;1296,1296
Hoylesella saccharolytica F0055,2853490,cellular organisms;Bacteria;Pseudomonadati;FCB group;Bacteroidota/Chlorobiota group;Bacteroidota;Bacteroidia;Bacteroidales;Prevotellaceae;Hoylesella;Hoylesella saccharolytica;Hoylesella saccharolytica F0055,131567;2;3379134;1783270;68336;976;200643;171549;171552;2974257;633701;1127699,1127699
Staphylococcus aureus M53356,2848913,cellular organisms;Bacteria;Bacillati;Bacillota;Bacilli;Bacillales;Staphylococcaceae;Staphylococcus;Staphylococcus aureus;Staphylococcus aureus M53356,131567;2;1783272;1239;91061;1385;90964;1279;1280;1412673,1412673
Prevotella veroralis DSM 19559 = JCM 6290,2845746,cellular organisms;Bacteria;Pseudomonadati;FCB group;Bacteroidota/Chlorobiota group;Bacteroidota;Bacteroidia;Bacteroidales;Prevotellaceae;Prevotella;Prevotella veroralis;Prevotella veroralis DSM 19559 = JCM 6290,131567;2;3379134;1783270;68336;976;200643;171549;171552;838;28137;1122993,1122993
Hoylesella oralis ATCC 33269,2839537,cellular organisms;Bacteria;Pseudomonadati;FCB group;Bacteroidota/Chlorobiota group;Bacteroidota;Bacteroidia;Bacteroidales;Prevotellaceae;Hoylesella;Hoylesella oralis;Hoylesella oralis ATCC 33269,131567;2;3379134;1783270;68336;976;200643;171549;171552;2974257;28134;873533,873533
Micrococcus sp. FDAARGOS_333,2837475,cellular organisms;Bacteria;Bacillati;Actinomycetota;Actinomycetes;Micrococcales;Micrococcaceae;Micrococcus;unclassified Micrococcus;Micrococcus sp. FDAARGOS_333,131567;2;1783272;201174;1760;85006;1268;1269;2620948;1930558,1930558
Oligella ureolytica,2832856,cellular organisms;Bacteria;Pseudomonadati;Pseudomonadota;Betaproteobacteria;Burkholderiales;Alcaligenaceae;Oligella;Oligella ureolytica,131567;2;3379134;1224;28216;80840;506;90243;90244,90244
Fusobacterium mortiferum,2822577,cellular organisms;Bacteria;Fusobacteriati;Fusobacteriota;Fusobacteriia;Fusobacteriales;Fusobacteriaceae;Fusobacterium;Fusobacterium mortiferum,131567;2;3384189;32066;203490;203491;203492;848;850,850
Corynebacterium xerosis,2821525,cellular organisms;Bacteria;Bacillati;Actinomycetota;Actinomycetes;Mycobacteriales;Corynebacteriaceae;Corynebacterium;Corynebacterium xerosis,131567;2;1783272;201174;1760;85007;1653;1716;1725,1725
Segatella oulorum F0390,2805893,cellular organisms;Bacteria;Pseudomonadati;FCB group;Bacteroidota/Chlorobiota group;Bacteroidota;Bacteroidia;Bacteroidales;Prevotellaceae;Segatella;Segatella oulorum;Segatella oulorum F0390,131567;2;3379134;1783270;68336;976;200643;171549;171552;2974251;28136;702438,702438
Prevotella falsenii DSM 22864 = JCM 15124,2800241,cellular organisms;Bacteria;Pseudomonadati;FCB group;Bacteroidota/Chlorobiota group;Bacteroidota;Bacteroidia;Bacteroidales;Prevotellaceae;Prevotella;Prevotella falsenii;Prevotella falsenii DSM 22864 = JCM 15124,131567;2;3379134;1783270;68336;976;200643;171549;171552;838;515414;1122983,1122983
Prevotella corporis DSM 18810 = JCM 8529,2800206,cellular organisms;Bacteria;Pseudomonadati;FCB group;Bacteroidota/Chlorobiota group;Bacteroidota;Bacteroidia;Bacteroidales;Prevotellaceae;Prevotella;Prevotella corporis;Prevotella corporis DSM 18810 = JCM 8529,131567;2;3379134;1783270;68336;976;200643;171549;171552;838;28128;1122981,1122981
Corynebacterium sp. FDAARGOS 1242,2774993,cellular organisms;Bacteria;Bacillati;Actinomycetota;Actinomycetes;Mycobacteriales;Corynebacteriaceae;Corynebacterium;unclassified Corynebacterium;Corynebacterium sp. FDAARGOS 1242,131567;2;1783272;201174;1760;85007;1653;1716;2624378;2778078,2778078
Prevotella intermedia,2764740,cellular organisms;Bacteria;Pseudomonadati;FCB group;Bacteroidota/Chlorobiota group;Bacteroidota;Bacteroidia;Bacteroidales;Prevotellaceae;Prevotella;Prevotella intermedia,131567;2;3379134;1783270;68336;976;200643;171549;171552;838;28131,28131
Bacteroides coprosuis,2763468,cellular organisms;Bacteria;Pseudomonadati;FCB group;Bacteroidota/Chlorobiota group;Bacteroidota;Bacteroidia;Bacteroidales;Bacteroidaceae;Bacteroides;Bacteroides coprosuis,131567;2;3379134;1783270;68336;976;200643;171549;815;816;151276,151276
Human bocavirus,2727913,Viruses;Monodnaviria;Shotokuvirae;Cossaviricota;Quintoviricetes;Piccovirales;Parvoviridae;Parvovirinae;Bocaparvovirus;unclassified Bocaparvovirus;Human bocavirus,10239;2731342;2732092;2732415;2732422;2732534;10780;40119;1507401;1507402;329641,329641
Hoylesella pleuritidis F0068,2709958,cellular organisms;Bacteria;Pseudomonadati;FCB group;Bacteroidota/Chlorobiota group;Bacteroidota;Bacteroidia;Bacteroidales;Prevotellaceae;Hoylesella;Hoylesella pleuritidis;Hoylesella pleuritidis F0068,131567;2;3379134;1783270;68336;976;200643;171549;171552;2974257;407975;1081904,1081904
Kocuria rhizophila,2697877,cellular organisms;Bacteria;Bacillati;Actinomycetota;Actinomycetes;Micrococcales;Micrococcaceae;Kocuria;Kocuria rhizophila,131567;2;1783272;201174;1760;85006;1268;57493;72000,72000
Prevotella koreensis,2691540,cellular organisms;Bacteria;Pseudomonadati;FCB group;Bacteroidota/Chlorobiota group;Bacteroidota;Bacteroidia;Bacteroidales;Prevotellaceae;Prevotella;Prevotella koreensis,131567;2;3379134;1783270;68336;976;200643;171549;171552;838;2490854,2490854
Fusobacterium necrophorum,2678402,cellular organisms;Bacteria;Fusobacteriati;Fusobacteriota;Fusobacteriia;Fusobacteriales;Fusobacteriaceae;Fusobacterium;Fusobacterium necrophorum,131567;2;3384189;32066;203490;203491;203492;848;859,859
Segatella albensis DSM 11370 = JCM 12258,2668851,cellular organisms;Bacteria;Pseudomonadati;FCB group;Bacteroidota/Chlorobiota group;Bacteroidota;Bacteroidia;Bacteroidales;Prevotellaceae;Segatella;Segatella albensis;Segatella albensis DSM 11370 = JCM 12258,131567;2;3379134;1783270;68336;976;200643;171549;171552;2974251;77768;1122978,1122978
Mobiluncus mulieris,2662734,cellular organisms;Bacteria;Bacillati;Actinomycetota;Actinomycetes;Actinomycetales;Actinomycetaceae;Mobiluncus;Mobiluncus mulieris,131567;2;1783272;201174;1760;2037;2049;2050;2052,2052
Capnocytophaga sp. FDAARGOS_737,2652717,cellular organisms;Bacteria;Pseudomonadati;FCB group;Bacteroidota/Chlorobiota group;Bacteroidota;Flavobacteriia;Flavobacteriales;Flavobacteriaceae;Capnocytophaga;unclassified Capnocytophaga;Capnocytophaga sp. FDAARGOS_737,131567;2;3379134;1783270;68336;976;117743;200644;49546;1016;2640652;2545799,2545799
Corynebacterium bovis,2652195,cellular organisms;Bacteria;Bacillati;Actinomycetota;Actinomycetes;Mycobacteriales;Corynebacteriaceae;Corynebacterium;Corynebacterium bovis,131567;2;1783272;201174;1760;85007;1653;1716;36808,36808
Bacteroides propionicifaciens DSM 19291 = JCM 14649,2634691,cellular organisms;Bacteria;Pseudomonadati;FCB group;Bacteroidota/Chlorobiota group;Bacteroidota;Bacteroidia;Bacteroidales;Bacteroidaceae;Bacteroides;Bacteroides propionicifaciens;Bacteroides propionicifaciens DSM 19291 = JCM 14649,131567;2;3379134;1783270;68336;976;200643;171549;815;816;392838;1121099,1121099
Hoylesella nanceiensis,2627131,cellular organisms;Bacteria;Pseudomonadati;FCB group;Bacteroidota/Chlorobiota group;Bacteroidota;Bacteroidia;Bacteroidales;Prevotellaceae;Hoylesella;Hoylesella nanceiensis,131567;2;3379134;1783270;68336;976;200643;171549;171552;2974257;425941,425941
Capnocytophaga ochracea,2615469,cellular organisms;Bacteria;Pseudomonadati;FCB group;Bacteroidota/Chlorobiota group;Bacteroidota;Flavobacteriia;Flavobacteriales;Flavobacteriaceae;Capnocytophaga;Capnocytophaga ochracea,131567;2;3379134;1783270;68336;976;117743;200644;49546;1016;1018,1018
Fusobacterium periodonticum ATCC 33693,2615003,cellular organisms;Bacteria;Fusobacteriati;Fusobacteriota;Fusobacteriia;Fusobacteriales;Fusobacteriaceae;Fusobacterium;Fusobacterium periodonticum;Fusobacterium periodonticum ATCC 33693,131567;2;3384189;32066;203490;203491;203492;848;860;546275,546275
Staphylococcus sp. FDAARGOS_39,2598175,cellular organisms;Bacteria;Bacillati;Bacillota;Bacilli;Bacillales;Staphylococcaceae;Staphylococcus;unclassified Staphylococcus;Staphylococcus sp. FDAARGOS_39,131567;2;1783272;1239;91061;1385;90964;1279;91994;2201033,2201033
Prevotella brunnea,2585079,cellular organisms;Bacteria;Pseudomonadati;FCB group;Bacteroidota/Chlorobiota group;Bacteroidota;Bacteroidia;Bacteroidales;Prevotellaceae;Prevotella;Prevotella brunnea,131567;2;3379134;1783270;68336;976;200643;171549;171552;838;2508867,2508867
Rothia aeria,2583917,cellular organisms;Bacteria;Bacillati;Actinomycetota;Actinomycetes;Micrococcales;Micrococcaceae;Rothia;Rothia aeria,131567;2;1783272;201174;1760;85006;1268;32207;172042,172042
Hoylesella marshii DSM 16973 = JCM 13450,2559358,cellular organisms;Bacteria;Pseudomonadati;FCB group;Bacteroidota/Chlorobiota group;Bacteroidota;Bacteroidia;Bacteroidales;Prevotellaceae;Hoylesella;Hoylesella marshii;Hoylesella marshii DSM 16973 = JCM 13450,131567;2;3379134;1783270;68336;976;200643;171549;171552;2974257;189722;862515,862515
Prevotella dentasini JCM 15908,2546609,cellular organisms;Bacteria;Pseudomonadati;FCB group;Bacteroidota/Chlorobiota group;Bacteroidota;Bacteroidia;Bacteroidales;Prevotellaceae;Prevotella;Prevotella dentasini;Prevotella dentasini JCM 15908,131567;2;3379134;1783270;68336;976;200643;171549;171552;838;589537;1236509,1236509
Rothia dentocariosa,2533415,cellular organisms;Bacteria;Bacillati;Actinomycetota;Actinomycetes;Micrococcales;Micrococcaceae;Rothia;Rothia dentocariosa,131567;2;1783272;201174;1760;85006;1268;32207;2047,2047
Mammaliicoccus fleurettii,2527550,cellular organisms;Bacteria;Bacillati;Bacillota;Bacilli;Bacillales;Staphylococcaceae;Mammaliicoccus;Mammaliicoccus fleurettii,131567;2;1783272;1239;91061;1385;90964;2803850;150056,150056
Corynebacterium kefirresidentii,2523206,cellular organisms;Bacteria;Bacillati;Actinomycetota;Actinomycetes;Mycobacteriales;Corynebacteriaceae;Corynebacterium;Corynebacterium kefirresidentii,131567;2;1783272;201174;1760;85007;1653;1716;1979527,1979527
Prevotella bivia DSM 20514,2521238,cellular organisms;Bacteria;Pseudomonadati;FCB group;Bacteroidota/Chlorobiota group;Bacteroidota;Bacteroidia;Bacteroidales;Prevotellaceae;Prevotella;Prevotella bivia;Prevotella bivia DSM 20514,131567;2;3379134;1783270;68336;976;200643;171549;171552;838;28125;868129,868129
Corynebacterium riegelii,2519232,cellular organisms;Bacteria;Bacillati;Actinomycetota;Actinomycetes;Mycobacteriales;Corynebacteriaceae;Corynebacterium;Corynebacterium riegelii,131567;2;1783272;201174;1760;85007;1653;1716;156976,156976
Oligella urethralis,2511315,cellular organisms;Bacteria;Pseudomonadati;Pseudomonadota;Betaproteobacteria;Burkholderiales;Alcaligenaceae;Oligella;Oligella urethralis,131567;2;3379134;1224;28216;80840;506;90243;90245,90245
Corynebacterium coyleae,2510261,cellular organisms;Bacteria;Bacillati;Actinomycetota;Actinomycetes;Mycobacteriales;Corynebacteriaceae;Corynebacterium;Corynebacterium coyleae,131567;2;1783272;201174;1760;85007;1653;1716;53374,53374
Corynebacterium macginleyi,2493537,cellular organisms;Bacteria;Bacillati;Actinomycetota;Actinomycetes;Mycobacteriales;Corynebacteriaceae;Corynebacterium;Corynebacterium macginleyi,131567;2;1783272;201174;1760;85007;1653;1716;38290,38290
Corynebacterium diphtheriae,2489049,cellular organisms;Bacteria;Bacillati;Actinomycetota;Actinomycetes;Mycobacteriales;Corynebacteriaceae;Corynebacterium;Corynebacterium diphtheriae,131567;2;1783272;201174;1760;85007;1653;1716;1717,1717
Prevotella micans F0438,2487950,cellular organisms;Bacteria;Pseudomonadati;FCB group;Bacteroidota/Chlorobiota group;Bacteroidota;Bacteroidia;Bacteroidales;Prevotellaceae;Prevotella;Prevotella micans;Prevotella micans F0438,131567;2;3379134;1783270;68336;976;200643;171549;171552;838;189723;883158,883158
Staphylococcus felis,2479522,cellular organisms;Bacteria;Bacillati;Bacillota;Bacilli;Bacillales;Staphylococcaceae;Staphylococcus;Staphylococcus felis,131567;2;1783272;1239;91061;1385;90964;1279;46127,46127
Fusobacterium polymorphum,2455060,cellular organisms;Bacteria;Fusobacteriati;Fusobacteriota;Fusobacteriia;Fusobacteriales;Fusobacteriaceae;Fusobacterium;Fusobacterium polymorphum,131567;2;3384189;32066;203490;203491;203492;848;76857,76857
Corynebacterium ulcerans,2453751,cellular organisms;Bacteria;Bacillati;Actinomycetota;Actinomycetes;Mycobacteriales;Corynebacteriaceae;Corynebacterium;Corynebacterium ulcerans,131567;2;1783272;201174;1760;85007;1653;1716;65058,65058
Streptococcus sp. FDAARGOS_192,2435494,cellular organisms;Bacteria;Bacillati;Bacillota;Bacilli;Lactobacillales;Streptococcaceae;Streptococcus;unclassified Streptococcus;Streptococcus sp. FDAARGOS_192,131567;2;1783272;1239;91061;186826;1300;1301;2608887;1839799,1839799
Schaalia odontolytica,2432635,cellular organisms;Bacteria;Bacillati;Actinomycetota;Actinomycetes;Actinomycetales;Actinomycetaceae;Schaalia;Schaalia odontolytica,131567;2;1783272;201174;1760;2037;2049;2529408;1660,1660
Fusobacterium hwasookii ChDC F206,2430523,cellular organisms;Bacteria;Fusobacteriati;Fusobacteriota;Fusobacteriia;Fusobacteriales;Fusobacteriaceae;Fusobacterium;Fusobacterium hwasookii;Fusobacterium hwasookii ChDC F206,131567;2;3384189;32066;203490;203491;203492;848;1583098;1307443,1307443
Rothia mucilaginosa,2408770,cellular organisms;Bacteria;Bacillati;Actinomycetota;Actinomycetes;Micrococcales;Micrococcaceae;Rothia;Rothia mucilaginosa,131567;2;1783272;201174;1760;85006;1268;32207;43675,43675
Aggregatibacter aphrophilus,2406785,cellular organisms;Bacteria;Pseudomonadati;Pseudomonadota;Gammaproteobacteria;Pasteurellales;Pasteurellaceae;Aggregatibacter;Aggregatibacter aphrophilus,131567;2;3379134;1224;1236;135625;712;416916;732,732
Lactobacillus crispatus,2386960,cellular organisms;Bacteria;Bacillati;Bacillota;Bacilli;Lactobacillales;Lactobacillaceae;Lactobacillus;Lactobacillus crispatus,131567;2;1783272;1239;91061;186826;33958;1578;47770,47770
Porphyromonas gingivalis 381,2378872,cellular organisms;Bacteria;Pseudomonadati;FCB group;Bacteroidota/Chlorobiota group;Bacteroidota;Bacteroidia;Bacteroidales;Porphyromonadaceae;Porphyromonas;Porphyromonas gingivalis;Porphyromonas gingivalis 381,131567;2;3379134;1783270;68336;976;200643;171549;171551;836;837;1403335,1403335
Prevotella amnii,2378563,cellular organisms;Bacteria;Pseudomonadati;FCB group;Bacteroidota/Chlorobiota group;Bacteroidota;Bacteroidia;Bacteroidales;Prevotellaceae;Prevotella;Prevotella amnii,131567;2;3379134;1783270;68336;976;200643;171549;171552;838;419005,419005
Porphyromonas gingivalis AJW4,2372492,cellular organisms;Bacteria;Pseudomonadati;FCB group;Bacteroidota/Chlorobiota group;Bacteroidota;Bacteroidia;Bacteroidales;Porphyromonadaceae;Porphyromonas;Porphyromonas gingivalis;Porphyromonas gingivalis AJW4,131567;2;3379134;1783270;68336;976;200643;171549;171551;836;837;1403336,1403336
Streptococcus sanguinis,2358846,cellular organisms;Bacteria;Bacillati;Bacillota;Bacilli;Lactobacillales;Streptococcaceae;Streptococcus;Streptococcus sanguinis,131567;2;1783272;1239;91061;186826;1300;1301;1305,1305
Staphylococcus saccharolyticus,2346516,cellular organisms;Bacteria;Bacillati;Bacillota;Bacilli;Bacillales;Staphylococcaceae;Staphylococcus;Staphylococcus saccharolyticus,131567;2;1783272;1239;91061;1385;90964;1279;33028,33028
Porphyromonas gingivalis W83,2343476,cellular organisms;Bacteria;Pseudomonadati;FCB group;Bacteroidota/Chlorobiota group;Bacteroidota;Bacteroidia;Bacteroidales;Porphyromonadaceae;Porphyromonas;Porphyromonas gingivalis;Porphyromonas gingivalis W83,131567;2;3379134;1783270;68336;976;200643;171549;171551;836;837;242619,242619
Porphyromonas gingivalis TDC60,2339898,cellular organisms;Bacteria;Pseudomonadati;FCB group;Bacteroidota/Chlorobiota group;Bacteroidota;Bacteroidia;Bacteroidales;Porphyromonadaceae;Porphyromonas;Porphyromonas gingivalis;Porphyromonas gingivalis TDC60,131567;2;3379134;1783270;68336;976;200643;171549;171551;836;837;1030843,1030843
Porphyromonas gingivalis F0568,2334744,cellular organisms;Bacteria;Pseudomonadati;FCB group;Bacteroidota/Chlorobiota group;Bacteroidota;Bacteroidia;Bacteroidales;Porphyromonadaceae;Porphyromonas;Porphyromonas gingivalis;Porphyromonas gingivalis F0568,131567;2;3379134;1783270;68336;976;200643;171549;171551;836;837;1227269,1227269
Porphyromonas gingivalis SJD2,2329548,cellular organisms;Bacteria;Pseudomonadati;FCB group;Bacteroidota/Chlorobiota group;Bacteroidota;Bacteroidia;Bacteroidales;Porphyromonadaceae;Porphyromonas;Porphyromonas gingivalis;Porphyromonas gingivalis SJD2,131567;2;3379134;1783270;68336;976;200643;171549;171551;836;837;1211023,1211023
Streptococcus parapneumoniae,2327012,cellular organisms;Bacteria;Bacillati;Bacillota;Bacilli;Lactobacillales;Streptococcaceae;Streptococcus;Streptococcus parapneumoniae,131567;2;1783272;1239;91061;186826;1300;1301;2993430,2993430
Peptoniphilus asaccharolyticus,2320207,cellular organisms;Bacteria;Bacillati;Bacillota;Tissierellia;Tissierellales;Peptoniphilaceae;Peptoniphilus;Peptoniphilus asaccharolyticus,131567;2;1783272;1239;1737404;1737405;1570339;162289;1258,1258
Streptococcus equinus,2311542,cellular organisms;Bacteria;Bacillati;Bacillota;Bacilli;Lactobacillales;Streptococcaceae;Streptococcus;Streptococcus equinus,131567;2;1783272;1239;91061;186826;1300;1301;1335,1335
Porphyromonas gingivalis F0566,2306092,cellular organisms;Bacteria;Pseudomonadati;FCB group;Bacteroidota/Chlorobiota group;Bacteroidota;Bacteroidia;Bacteroidales;Porphyromonadaceae;Porphyromonas;Porphyromonas gingivalis;Porphyromonas gingivalis F0566,131567;2;3379134;1783270;68336;976;200643;171549;171551;836;837;1321822,1321822
Porphyromonas gingivalis SJD11,2298088,cellular organisms;Bacteria;Pseudomonadati;FCB group;Bacteroidota/Chlorobiota group;Bacteroidota;Bacteroidia;Bacteroidales;Porphyromonadaceae;Porphyromonas;Porphyromonas gingivalis;Porphyromonas gingivalis SJD11,131567;2;3379134;1783270;68336;976;200643;171549;171551;836;837;1297566,1297566
Dermabacter vaginalis,2289305,cellular organisms;Bacteria;Bacillati;Actinomycetota;Actinomycetes;Micrococcales;Dermabacteraceae;Dermabacter;Dermabacter vaginalis,131567;2;1783272;201174;1760;85006;85020;36739;1630135,1630135
Porphyromonas gingivalis F0570,2282791,cellular organisms;Bacteria;Pseudomonadati;FCB group;Bacteroidota/Chlorobiota group;Bacteroidota;Bacteroidia;Bacteroidales;Porphyromonadaceae;Porphyromonas;Porphyromonas gingivalis;Porphyromonas gingivalis F0570,131567;2;3379134;1783270;68336;976;200643;171549;171551;836;837;1227271,1227271
Bifidobacterium breve,2275646,cellular organisms;Bacteria;Bacillati;Actinomycetota;Actinomycetes;Bifidobacteriales;Bifidobacteriaceae;Bifidobacterium;Bifidobacterium breve,131567;2;1783272;201174;1760;85004;31953;1678;1685,1685
Porphyromonas gingivalis SJD5,2275493,cellular organisms;Bacteria;Pseudomonadati;FCB group;Bacteroidota/Chlorobiota group;Bacteroidota;Bacteroidia;Bacteroidales;Porphyromonadaceae;Porphyromonas;Porphyromonas gingivalis;Porphyromonas gingivalis SJD5,131567;2;3379134;1783270;68336;976;200643;171549;171551;836;837;1297565,1297565
Porphyromonas gingivalis SJD12,2264936,cellular organisms;Bacteria;Pseudomonadati;FCB group;Bacteroidota/Chlorobiota group;Bacteroidota;Bacteroidia;Bacteroidales;Porphyromonadaceae;Porphyromonas;Porphyromonas gingivalis;Porphyromonas gingivalis SJD12,131567;2;3379134;1783270;68336;976;200643;171549;171551;836;837;1297567,1297567
Peptostreptococcus anaerobius,2256756,cellular organisms;Bacteria;Bacillati;Bacillota;Clostridia;Peptostreptococcales;Peptostreptococcaceae;Peptostreptococcus;Peptostreptococcus anaerobius,131567;2;1783272;1239;186801;3082720;186804;1257;1261,1261
Porphyromonas gingivalis SJD4,2249706,cellular organisms;Bacteria;Pseudomonadati;FCB group;Bacteroidota/Chlorobiota group;Bacteroidota;Bacteroidia;Bacteroidales;Porphyromonadaceae;Porphyromonas;Porphyromonas gingivalis;Porphyromonas gingivalis SJD4,131567;2;3379134;1783270;68336;976;200643;171549;171551;836;837;1297564,1297564
Porphyromonas gingivalis F0569,2249227,cellular organisms;Bacteria;Pseudomonadati;FCB group;Bacteroidota/Chlorobiota group;Bacteroidota;Bacteroidia;Bacteroidales;Porphyromonadaceae;Porphyromonas;Porphyromonas gingivalis;Porphyromonas gingivalis F0569,131567;2;3379134;1783270;68336;976;200643;171549;171551;836;837;1227270,1227270
Porphyromonas gingivalis A7A1-28,2249024,cellular organisms;Bacteria;Pseudomonadati;FCB group;Bacteroidota/Chlorobiota group;Bacteroidota;Bacteroidia;Bacteroidales;Porphyromonadaceae;Porphyromonas;Porphyromonas gingivalis;Porphyromonas gingivalis A7A1-28,131567;2;3379134;1783270;68336;976;200643;171549;171551;836;837;1403338,1403338
Porphyromonas gingivalis F0185,2246368,cellular organisms;Bacteria;Pseudomonadati;FCB group;Bacteroidota/Chlorobiota group;Bacteroidota;Bacteroidia;Bacteroidales;Porphyromonadaceae;Porphyromonas;Porphyromonas gingivalis;Porphyromonas gingivalis F0185,131567;2;3379134;1783270;68336;976;200643;171549;171551;836;837;1321821,1321821
Porphyromonas gingivalis W50,2242062,cellular organisms;Bacteria;Pseudomonadati;FCB group;Bacteroidota/Chlorobiota group;Bacteroidota;Bacteroidia;Bacteroidales;Porphyromonadaceae;Porphyromonas;Porphyromonas gingivalis;Porphyromonas gingivalis W50,131567;2;3379134;1783270;68336;976;200643;171549;171551;836;837;1125722,1125722
Peptoniphilus asaccharolyticus DSM 20463,2232586,cellular organisms;Bacteria;Bacillati;Bacillota;Tissierellia;Tissierellales;Peptoniphilaceae;Peptoniphilus;Peptoniphilus asaccharolyticus;Peptoniphilus asaccharolyticus DSM 20463,131567;2;1783272;1239;1737404;1737405;1570339;162289;1258;573058,573058
Kingella denitrificans,2220058,cellular organisms;Bacteria;Pseudomonadati;Pseudomonadota;Betaproteobacteria;Neisseriales;Neisseriaceae;Kingella;Kingella denitrificans,131567;2;3379134;1224;28216;206351;481;32257;502,502
Porphyromonas gingivalis W4087,2216597,cellular organisms;Bacteria;Pseudomonadati;FCB group;Bacteroidota/Chlorobiota group;Bacteroidota;Bacteroidia;Bacteroidales;Porphyromonadaceae;Porphyromonas;Porphyromonas gingivalis;Porphyromonas gingivalis W4087,131567;2;3379134;1783270;68336;976;200643;171549;171551;836;837;1321823,1321823
Staphylococcus auricularis,2216575,cellular organisms;Bacteria;Bacillati;Bacillota;Bacilli;Bacillales;Staphylococcaceae;Staphylococcus;Staphylococcus auricularis,131567;2;1783272;1239;91061;1385;90964;1279;29379,29379
Fusobacterium pseudoperiodonticum,2216236,cellular organisms;Bacteria;Fusobacteriati;Fusobacteriota;Fusobacteriia;Fusobacteriales;Fusobacteriaceae;Fusobacterium;Fusobacterium pseudoperiodonticum,131567;2;3384189;32066;203490;203491;203492;848;2663009,2663009
Eikenella corrodens,2192571,cellular organisms;Bacteria;Pseudomonadati;Pseudomonadota;Betaproteobacteria;Neisseriales;Neisseriaceae;Eikenella;Eikenella corrodens,131567;2;3379134;1224;28216;206351;481;538;539,539
Streptococcus sp. 'group B',2178261,cellular organisms;Bacteria;Bacillati;Bacillota;Bacilli;Lactobacillales;Streptococcaceae;Streptococcus;unclassified Streptococcus;Streptococcus sp. 'group B',131567;2;1783272;1239;91061;186826;1300;1301;2608887;1319,1319
Peptostreptococcus porci,2163094,cellular organisms;Bacteria;Bacillati;Bacillota;Clostridia;Peptostreptococcales;Peptostreptococcaceae;Peptostreptococcus;Peptostreptococcus porci,131567;2;1783272;1239;186801;3082720;186804;1257;2652282,2652282
Streptococcus sp. FDAARGOS_521,2157002,cellular organisms;Bacteria;Bacillati;Bacillota;Bacilli;Lactobacillales;Streptococcaceae;Streptococcus;unclassified Streptococcus;Streptococcus sp. FDAARGOS_521,131567;2;1783272;1239;91061;186826;1300;1301;2608887;2420309,2420309
Haemophilus parainfluenzae,2141704,cellular organisms;Bacteria;Pseudomonadati;Pseudomonadota;Gammaproteobacteria;Pasteurellales;Pasteurellaceae;Haemophilus;Haemophilus parainfluenzae,131567;2;3379134;1224;1236;135625;712;724;729,729
Veillonella parvula,2132299,cellular organisms;Bacteria;Bacillati;Bacillota;Negativicutes;Veillonellales;Veillonellaceae;Veillonella;Veillonella parvula,131567;2;1783272;1239;909932;1843489;31977;29465;29466,29466
Aggregatibacter actinomycetemcomitans,2105378,cellular organisms;Bacteria;Pseudomonadati;Pseudomonadota;Gammaproteobacteria;Pasteurellales;Pasteurellaceae;Aggregatibacter;Aggregatibacter actinomycetemcomitans,131567;2;3379134;1224;1236;135625;712;416916;714,714
Fusobacterium perfoetens ATCC 29250,2103008,cellular organisms;Bacteria;Fusobacteriati;Fusobacteriota;Fusobacteriia;Fusobacteriales;Fusobacteriaceae;Fusobacterium;Fusobacterium perfoetens;Fusobacterium perfoetens ATCC 29250,131567;2;3384189;32066;203490;203491;203492;848;852;1408439,1408439
Streptococcus sp. FDAARGOS_522,2101126,cellular organisms;Bacteria;Bacillati;Bacillota;Bacilli;Lactobacillales;Streptococcaceae;Streptococcus;unclassified Streptococcus;Streptococcus sp. FDAARGOS_522,131567;2;1783272;1239;91061;186826;1300;1301;2608887;2420310,2420310
Streptococcus sp. FDAARGOS_520,2099619,cellular organisms;Bacteria;Bacillati;Bacillota;Bacilli;Lactobacillales;Streptococcaceae;Streptococcus;unclassified Streptococcus;Streptococcus sp. FDAARGOS_520,131567;2;1783272;1239;91061;186826;1300;1301;2608887;2420308,2420308
Haemophilus parahaemolyticus,2093459,cellular organisms;Bacteria;Pseudomonadati;Pseudomonadota;Gammaproteobacteria;Pasteurellales;Pasteurellaceae;Haemophilus;Haemophilus parahaemolyticus,131567;2;3379134;1224;1236;135625;712;724;735,735
Finegoldia magna,2090058,cellular organisms;Bacteria;Bacillati;Bacillota;Tissierellia;Tissierellales;Peptoniphilaceae;Finegoldia;Finegoldia magna,131567;2;1783272;1239;1737404;1737405;1570339;150022;1260,1260
Peptostreptococcus russellii,2082949,cellular organisms;Bacteria;Bacillati;Bacillota;Clostridia;Peptostreptococcales;Peptostreptococcaceae;Peptostreptococcus;Peptostreptococcus russellii,131567;2;1783272;1239;186801;3082720;186804;1257;215200,215200
Fusobacterium necrophorum subsp. funduliforme,2082099,cellular organisms;Bacteria;Fusobacteriati;Fusobacteriota;Fusobacteriia;Fusobacteriales;Fusobacteriaceae;Fusobacterium;Fusobacterium necrophorum;Fusobacterium necrophorum subsp. funduliforme,131567;2;3384189;32066;203490;203491;203492;848;859;143387,143387
Gemella haemolysans,2081429,cellular organisms;Bacteria;Bacillati;Bacillota;Bacilli;Bacillales;Gemellaceae;Gemella;Gemella haemolysans,131567;2;1783272;1239;91061;1385;539738;1378;1379,1379
Leuconostoc mesenteroides,2075758,cellular organisms;Bacteria;Bacillati;Bacillota;Bacilli;Lactobacillales;Lactobacillaceae;Leuconostoc;Leuconostoc mesenteroides,131567;2;1783272;1239;91061;186826;33958;1243;1245,1245
Porphyromonas endodontalis ATCC 35406,2064508,cellular organisms;Bacteria;Pseudomonadati;FCB group;Bacteroidota/Chlorobiota group;Bacteroidota;Bacteroidia;Bacteroidales;Porphyromonadaceae;Porphyromonas;Porphyromonas endodontalis;Porphyromonas endodontalis ATCC 35406,131567;2;3379134;1783270;68336;976;200643;171549;171551;836;28124;553175,553175
Aggregatibacter segnis,2062506,cellular organisms;Bacteria;Pseudomonadati;Pseudomonadota;Gammaproteobacteria;Pasteurellales;Pasteurellaceae;Aggregatibacter;Aggregatibacter segnis,131567;2;3379134;1224;1236;135625;712;416916;739,739
Streptococcus toyakuensis,2055023,cellular organisms;Bacteria;Bacillati;Bacillota;Bacilli;Lactobacillales;Streptococcaceae;Streptococcus;Streptococcus toyakuensis,131567;2;1783272;1239;91061;186826;1300;1301;2819619,2819619
Peptostreptococcus canis,2051154,cellular organisms;Bacteria;Bacillati;Bacillota;Clostridia;Peptostreptococcales;Peptostreptococcaceae;Peptostreptococcus;Peptostreptococcus canis,131567;2;1783272;1239;186801;3082720;186804;1257;1159213,1159213
Abiotrophia defectiva,2046826,cellular organisms;Bacteria;Bacillati;Bacillota;Bacilli;Lactobacillales;Aerococcaceae;Abiotrophia;Abiotrophia defectiva,131567;2;1783272;1239;91061;186826;186827;46123;46125,46125
Schaalia meyeri,2033037,cellular organisms;Bacteria;Bacillati;Actinomycetota;Actinomycetes;Actinomycetales;Actinomycetaceae;Schaalia;Schaalia meyeri,131567;2;1783272;201174;1760;2037;2049;2529408;52773,52773
Coxiella burnetii RSA 493,2032807,cellular organisms;Bacteria;Pseudomonadati;Pseudomonadota;Gammaproteobacteria;Legionellales;Coxiellaceae;Coxiella;Coxiella burnetii;Coxiella burnetii RSA 493,131567;2;3379134;1224;1236;118969;118968;776;777;227377,227377
Coxsackievirus A16,2027750,Viruses;Riboviria;Orthornavirae;Pisuviricota;Pisoniviricetes;Picornavirales;Picornaviridae;Ensavirinae;Enterovirus;Enterovirus A;Coxsackievirus A16,10239;2559587;2732396;2732408;2732506;464095;12058;2946630;12059;138948;31704,31704
Fusobacterium necrogenes,2015236,cellular organisms;Bacteria;Fusobacteriati;Fusobacteriota;Fusobacteriia;Fusobacteriales;Fusobacteriaceae;Fusobacterium;Fusobacterium necrogenes,131567;2;3384189;32066;203490;203491;203492;848;858,858
Bartonella henselae str. Houston-1,2014752,cellular organisms;Bacteria;Pseudomonadati;Pseudomonadota;Alphaproteobacteria;Hyphomicrobiales;Bartonellaceae;Bartonella;Bartonella henselae;Bartonella henselae str. Houston-1,131567;2;3379134;1224;28211;356;772;773;38323;283166,283166
Aerococcus viridans,2003760,cellular organisms;Bacteria;Bacillati;Bacillota;Bacilli;Lactobacillales;Aerococcaceae;Aerococcus;Aerococcus viridans,131567;2;1783272;1239;91061;186826;186827;1375;1377,1377
Streptococcus viridans,1998575,cellular organisms;Bacteria;Bacillati;Bacillota;Bacilli;Lactobacillales;Streptococcaceae;Streptococcus;Streptococcus viridans,131567;2;1783272;1239;91061;186826;1300;1301;78535,78535
Streptococcus sp. FDAARGOS_256,1995178,cellular organisms;Bacteria;Bacillati;Bacillota;Bacilli;Lactobacillales;Streptococcaceae;Streptococcus;unclassified Streptococcus;Streptococcus sp. FDAARGOS_256,131567;2;1783272;1239;91061;186826;1300;1301;2608887;1975706,1975706
Haemophilus aegyptius,1993271,cellular organisms;Bacteria;Pseudomonadati;Pseudomonadota;Gammaproteobacteria;Pasteurellales;Pasteurellaceae;Haemophilus;Haemophilus aegyptius,131567;2;3379134;1224;1236;135625;712;724;197575,197575
Peptostreptococcus stomatis DSM 17678,1988044,cellular organisms;Bacteria;Bacillati;Bacillota;Clostridia;Peptostreptococcales;Peptostreptococcaceae;Peptostreptococcus;Peptostreptococcus stomatis;Peptostreptococcus stomatis DSM 17678,131567;2;1783272;1239;186801;3082720;186804;1257;341694;596315,596315
Arcanobacterium haemolyticum DSM 20595,1986154,cellular organisms;Bacteria;Bacillati;Actinomycetota;Actinomycetes;Actinomycetales;Actinomycetaceae;Arcanobacterium;Arcanobacterium haemolyticum;Arcanobacterium haemolyticum DSM 20595,131567;2;1783272;201174;1760;2037;2049;28263;28264;644284,644284
Aerococcus urinae,1974256,cellular organisms;Bacteria;Bacillati;Bacillota;Bacilli;Lactobacillales;Aerococcaceae;Aerococcus;Aerococcus urinae,131567;2;1783272;1239;91061;186826;186827;1375;1376,1376
Peptococcus niger,1968473,cellular organisms;Bacteria;Bacillati;Bacillota;Clostridia;Eubacteriales;Peptococcaceae;Peptococcus;Peptococcus niger,131567;2;1783272;1239;186801;186802;186807;2740;2741,2741
Granulicatella adiacens,1965420,cellular organisms;Bacteria;Bacillati;Bacillota;Bacilli;Lactobacillales;Carnobacteriaceae;Granulicatella;Granulicatella adiacens,131567;2;1783272;1239;91061;186826;186828;117563;46124,46124
Streptococcus infantarius,1958742,cellular organisms;Bacteria;Bacillati;Bacillota;Bacilli;Lactobacillales;Streptococcaceae;Streptococcus;Streptococcus infantarius,131567;2;1783272;1239;91061;186826;1300;1301;102684,102684
Weissella paramesenteroides,1947910,cellular organisms;Bacteria;Bacillati;Bacillota;Bacilli;Lactobacillales;Lactobacillaceae;Weissella;Weissella paramesenteroides,131567;2;1783272;1239;91061;186826;33958;46255;1249,1249
Bartonella henselae,1946727,cellular organisms;Bacteria;Pseudomonadati;Pseudomonadota;Alphaproteobacteria;Hyphomicrobiales;Bartonellaceae;Bartonella;Bartonella henselae,131567;2;3379134;1224;28211;356;772;773;38323,38323
Haemophilus haemolyticus M21127,1945624,cellular organisms;Bacteria;Pseudomonadati;Pseudomonadota;Gammaproteobacteria;Pasteurellales;Pasteurellaceae;Haemophilus;Haemophilus haemolyticus;Haemophilus haemolyticus M21127,131567;2;3379134;1224;1236;135625;712;724;726;1028804,1028804
Fusobacterium russii ATCC 25533,1941804,cellular organisms;Bacteria;Fusobacteriati;Fusobacteriota;Fusobacteriia;Fusobacteriales;Fusobacteriaceae;Fusobacterium;Fusobacterium russii;Fusobacterium russii ATCC 25533,131567;2;3384189;32066;203490;203491;203492;848;854;1278306,1278306
Coxsackievirus A10,1933568,Viruses;Riboviria;Orthornavirae;Pisuviricota;Pisoniviricetes;Picornavirales;Picornaviridae;Ensavirinae;Enterovirus;Enterovirus A;Coxsackievirus A10,10239;2559587;2732396;2732408;2732506;464095;12058;2946630;12059;138948;42769,42769
Streptococcus sp. FDAARGOS_146,1930245,cellular organisms;Bacteria;Bacillati;Bacillota;Bacilli;Lactobacillales;Streptococcaceae;Streptococcus;unclassified Streptococcus;Streptococcus sp. FDAARGOS_146,131567;2;1783272;1239;91061;186826;1300;1301;2608887;1702171,1702171
Leuconostoc falkenbergense,1898884,cellular organisms;Bacteria;Bacillati;Bacillota;Bacilli;Lactobacillales;Lactobacillaceae;Leuconostoc;Leuconostoc falkenbergense,131567;2;1783272;1239;91061;186826;33958;1243;2766470,2766470
Anaerococcus obesiensis,1894618,cellular organisms;Bacteria;Bacillati;Bacillota;Tissierellia;Tissierellales;Peptoniphilaceae;Anaerococcus;Anaerococcus obesiensis,131567;2;1783272;1239;1737404;1737405;1570339;165779;1287640,1287640
Anaerococcus vaginalis,1893964,cellular organisms;Bacteria;Bacillati;Bacillota;Tissierellia;Tissierellales;Peptoniphilaceae;Anaerococcus;Anaerococcus vaginalis,131567;2;1783272;1239;1737404;1737405;1570339;165779;33037,33037
Haemophilus haemolyticus M19501,1884911,cellular organisms;Bacteria;Pseudomonadati;Pseudomonadota;Gammaproteobacteria;Pasteurellales;Pasteurellaceae;Haemophilus;Haemophilus haemolyticus;Haemophilus haemolyticus M19501,131567;2;3379134;1224;1236;135625;712;724;726;1028803,1028803
Campylobacter jejuni subsp. doylei,1845051,cellular organisms;Bacteria;Pseudomonadati;Campylobacterota;Epsilonproteobacteria;Campylobacterales;Campylobacteraceae;Campylobacter;Campylobacter jejuni;Campylobacter jejuni subsp. doylei,131567;2;3379134;29547;3031852;213849;72294;194;197;32021,32021
Neisseria cinerea,1832901,cellular organisms;Bacteria;Pseudomonadati;Pseudomonadota;Betaproteobacteria;Neisseriales;Neisseriaceae;Neisseria;Neisseria cinerea,131567;2;3379134;1224;28216;206351;481;482;483,483
Haemophilus haemolyticus HK386,1822726,cellular organisms;Bacteria;Pseudomonadati;Pseudomonadota;Gammaproteobacteria;Pasteurellales;Pasteurellaceae;Haemophilus;Haemophilus haemolyticus;Haemophilus haemolyticus HK386,131567;2;3379134;1224;1236;135625;712;724;726;1095742,1095742
rhinovirus A1B,1817612,Viruses;Riboviria;Orthornavirae;Pisuviricota;Pisoniviricetes;Picornavirales;Picornaviridae;Ensavirinae;Enterovirus;Rhinovirus A;rhinovirus A1B,10239;2559587;2732396;2732408;2732506;464095;12058;2946630;12059;147711;2777147,2777147
Fusobacterium massiliense,1809170,cellular organisms;Bacteria;Fusobacteriati;Fusobacteriota;Fusobacteriia;Fusobacteriales;Fusobacteriaceae;Fusobacterium;Fusobacterium massiliense,131567;2;3384189;32066;203490;203491;203492;848;1852365,1852365
Campylobacter jejuni subsp. jejuni,1806444,cellular organisms;Bacteria;Pseudomonadati;Campylobacterota;Epsilonproteobacteria;Campylobacterales;Campylobacteraceae;Campylobacter;Campylobacter jejuni;Campylobacter jejuni subsp. jejuni,131567;2;3379134;29547;3031852;213849;72294;194;197;32022,32022
Gemella sanguinis,1796606,cellular organisms;Bacteria;Bacillati;Bacillota;Bacilli;Bacillales;Gemellaceae;Gemella;Gemella sanguinis,131567;2;1783272;1239;91061;1385;539738;1378;84135,84135
Gemella morbillorum,1779451,cellular organisms;Bacteria;Bacillati;Bacillota;Bacilli;Bacillales;Gemellaceae;Gemella;Gemella morbillorum,131567;2;1783272;1239;91061;1385;539738;1378;29391,29391
Campylobacter hominis,1718079,cellular organisms;Bacteria;Pseudomonadati;Campylobacterota;Epsilonproteobacteria;Campylobacterales;Campylobacteraceae;Campylobacter;Campylobacter hominis,131567;2;3379134;29547;3031852;213849;72294;194;76517,76517
Parvimonas micra,1715975,cellular organisms;Bacteria;Bacillati;Bacillota;Tissierellia;Tissierellales;Peptoniphilaceae;Parvimonas;Parvimonas micra,131567;2;1783272;1239;1737404;1737405;1570339;543311;33033,33033
[Haemophilus] ducreyi,1701311,cellular organisms;Bacteria;Pseudomonadati;Pseudomonadota;Gammaproteobacteria;Pasteurellales;Pasteurellaceae;Haemophilus;[Haemophilus] ducreyi,131567;2;3379134;1224;1236;135625;712;724;730,730
Streptobacillus moniliformis,1685928,cellular organisms;Bacteria;Fusobacteriati;Fusobacteriota;Fusobacteriia;Fusobacteriales;Leptotrichiaceae;Streptobacillus;Streptobacillus moniliformis,131567;2;3384189;32066;203490;203491;1129771;34104;34105,34105
Fusobacterium gonidiaformans ATCC 25563,1678881,cellular organisms;Bacteria;Fusobacteriati;Fusobacteriota;Fusobacteriia;Fusobacteriales;Fusobacteriaceae;Fusobacterium;Fusobacterium gonidiaformans;Fusobacterium gonidiaformans ATCC 25563,131567;2;3384189;32066;203490;203491;203492;848;849;469615,469615
Poliovirus 3,1672166,Viruses;Riboviria;Orthornavirae;Pisuviricota;Pisoniviricetes;Picornavirales;Picornaviridae;Ensavirinae;Enterovirus;Enterovirus C;Poliovirus 3,10239;2559587;2732396;2732408;2732506;464095;12058;2946630;12059;138950;12086,12086
Getah virus,1650439,Viruses;Riboviria;Orthornavirae;Kitrinoviricota;Alsuviricetes;Martellivirales;Togaviridae;Alphavirus;Getah virus,10239;2559587;2732396;2732406;2732461;2732544;11018;11019;59300,59300
Campylobacter upsaliensis,1650243,cellular organisms;Bacteria;Pseudomonadati;Campylobacterota;Epsilonproteobacteria;Campylobacterales;Campylobacteraceae;Campylobacter;Campylobacter upsaliensis,131567;2;3379134;29547;3031852;213849;72294;194;28080,28080
Lactobacillus jensenii,1609019,cellular organisms;Bacteria;Bacillati;Bacillota;Bacilli;Lactobacillales;Lactobacillaceae;Lactobacillus;Lactobacillus jensenii,131567;2;1783272;1239;91061;186826;33958;1578;109790,109790
Campylobacter lari,1513367,cellular organisms;Bacteria;Pseudomonadati;Campylobacterota;Epsilonproteobacteria;Campylobacterales;Campylobacteraceae;Campylobacter;Campylobacter lari,131567;2;3379134;29547;3031852;213849;72294;194;201,201
Fannyhessea vaginae,1447017,cellular organisms;Bacteria;Bacillati;Actinomycetota;Coriobacteriia;Coriobacteriales;Atopobiaceae;Fannyhessea;Fannyhessea vaginae,131567;2;1783272;201174;84998;84999;1643824;2767327;82135,82135
Bartonella bacilliformis,1443410,cellular organisms;Bacteria;Pseudomonadati;Pseudomonadota;Alphaproteobacteria;Hyphomicrobiales;Bartonellaceae;Bartonella;Bartonella bacilliformis,131567;2;3379134;1224;28211;356;772;773;774,774
Borreliella burgdorferi,1340423,cellular organisms;Bacteria;Pseudomonadati;Spirochaetota;Spirochaetia;Spirochaetales;Borreliaceae;Borreliella;Borreliella burgdorferi,131567;2;3379134;203691;203692;136;1643685;64895;139,139
Poliovirus 1,1250691,Viruses;Riboviria;Orthornavirae;Pisuviricota;Pisoniviricetes;Picornavirales;Picornaviridae;Ensavirinae;Enterovirus;Enterovirus C;Poliovirus 1,10239;2559587;2732396;2732408;2732506;464095;12058;2946630;12059;138950;12080,12080
Chlamydia pneumoniae TW-183,1225935,cellular organisms;Bacteria;Pseudomonadati;PVC group;Chlamydiota;Chlamydiia;Chlamydiales;Chlamydiaceae;Chlamydia/Chlamydophila group;Chlamydia;Chlamydia pneumoniae;Chlamydia pneumoniae TW-183,131567;2;3379134;1783257;204428;204429;51291;809;1113537;810;83558;182082,182082
Chlamydia psittaci 6BC,1179220,cellular organisms;Bacteria;Pseudomonadati;PVC group;Chlamydiota;Chlamydiia;Chlamydiales;Chlamydiaceae;Chlamydia/Chlamydophila group;Chlamydia;Chlamydia psittaci;Chlamydia psittaci 6BC,131567;2;3379134;1783257;204428;204429;51291;809;1113537;810;83554;331636,331636
Treponema pallidum str. Fribourg-Blanc,1140481,cellular organisms;Bacteria;Pseudomonadati;Spirochaetota;Spirochaetia;Spirochaetales;Treponemataceae;Treponema;Treponema pallidum;Treponema pallidum str. Fribourg-Blanc,131567;2;3379134;203691;203692;136;2845253;157;160;1155775,1155775
Treponema pallidum subsp. pallidum str. Sea 81-4,1139203,cellular organisms;Bacteria;Pseudomonadati;Spirochaetota;Spirochaetia;Spirochaetales;Treponemataceae;Treponema;Treponema pallidum;Treponema pallidum subsp. pallidum;Treponema pallidum subsp. pallidum str. Sea 81-4,131567;2;3379134;203691;203692;136;2845253;157;160;161;1095955,1095955
Treponema pallidum subsp. endemicum str. Bosnia A,1137653,cellular organisms;Bacteria;Pseudomonadati;Spirochaetota;Spirochaetia;Spirochaetales;Treponemataceae;Treponema;Treponema pallidum;Treponema pallidum subsp. endemicum;Treponema pallidum subsp. endemicum str. Bosnia A,131567;2;3379134;203691;203692;136;2845253;157;160;53436;1155776,1155776
Chlamydia trachomatis D/UW-3/CX,1042519,cellular organisms;Bacteria;Pseudomonadati;PVC group;Chlamydiota;Chlamydiia;Chlamydiales;Chlamydiaceae;Chlamydia/Chlamydophila group;Chlamydia;Chlamydia trachomatis;Chlamydia trachomatis D/UW-3/CX,131567;2;3379134;1783257;204428;204429;51291;809;1113537;810;813;272561,272561
rhinovirus A101,939815,Viruses;Riboviria;Orthornavirae;Pisuviricota;Pisoniviricetes;Picornavirales;Picornaviridae;Ensavirinae;Enterovirus;Rhinovirus A;rhinovirus A101,10239;2559587;2732396;2732408;2732506;464095;12058;2946630;12059;147711;1219381,1219381
Tropheryma whipplei str. Twist,927303,cellular organisms;Bacteria;Bacillati;Actinomycetota;Actinomycetes;Micrococcales;Tropherymataceae;Tropheryma;Tropheryma whipplei;Tropheryma whipplei str. Twist,131567;2;1783272;201174;1760;85006;2805591;2038;2039;203267,203267
Tropheryma whipplei TW08/27,925938,cellular organisms;Bacteria;Bacillati;Actinomycetota;Actinomycetes;Micrococcales;Tropherymataceae;Tropheryma;Tropheryma whipplei;Tropheryma whipplei TW08/27,131567;2;1783272;201174;1760;85006;2805591;2038;2039;218496,218496
Mycoplasmoides pneumoniae,823017,cellular organisms;Bacteria;Bacillati;Mycoplasmatota;Mycoplasmoidales;Mycoplasmoidaceae;Mycoplasmoides;Mycoplasmoides pneumoniae,131567;2;1783272;544448;2790996;2790998;2995234;2104,2104
Metamycoplasma salivarium,728347,cellular organisms;Bacteria;Bacillati;Mycoplasmatota;Mycoplasmoidales;Metamycoplasmataceae;Metamycoplasma;Metamycoplasma salivarium,131567;2;1783272;544448;2790996;2895623;2895509;2124,2124
Echovirus E11,710965,Viruses;Riboviria;Orthornavirae;Pisuviricota;Pisoniviricetes;Picornavirales;Picornaviridae;Ensavirinae;Enterovirus;Enterovirus B;Echovirus E11,10239;2559587;2732396;2732408;2732506;464095;12058;2946630;12059;138949;12078,12078
Coxsackievirus B5,690775,Viruses;Riboviria;Orthornavirae;Pisuviricota;Pisoniviricetes;Picornavirales;Picornaviridae;Ensavirinae;Enterovirus;Enterovirus B;Coxsackievirus B5,10239;2559587;2732396;2732408;2732506;464095;12058;2946630;12059;138949;12074,12074
rhinovirus B6,593459,Viruses;Riboviria;Orthornavirae;Pisuviricota;Pisoniviricetes;Picornavirales;Picornaviridae;Ensavirinae;Enterovirus;Rhinovirus B;rhinovirus B6,10239;2559587;2732396;2732408;2732506;464095;12058;2946630;12059;147712;147681,147681
Mycoplasmoides genitalium G37,580076,cellular organisms;Bacteria;Bacillati;Mycoplasmatota;Mycoplasmoidales;Mycoplasmoidaceae;Mycoplasmoides;Mycoplasmoides genitalium;Mycoplasmoides genitalium G37,131567;2;1783272;544448;2790996;2790998;2995234;2097;243273,243273
Coxsackievirus A4,504851,Viruses;Riboviria;Orthornavirae;Pisuviricota;Pisoniviricetes;Picornavirales;Picornaviridae;Ensavirinae;Enterovirus;Enterovirus A;Coxsackievirus A4,10239;2559587;2732396;2732408;2732506;464095;12058;2946630;12059;138948;42785,42785
Homo sapiens neanderthalensis,503086,cellular organisms;Eukaryota;Opisthokonta;Metazoa;Eumetazoa;Bilateria;Deuterostomia;Chordata;Craniata;Vertebrata;Gnathostomata;Teleostomi;Euteleostomi;Sarcopterygii;Dipnotetrapodomorpha;Tetrapoda;Amniota;Mammalia;Theria;Eutheria;Boreoeutheria;Euarchontoglires;Primates;Haplorrhini;Simiiformes;Catarrhini;Hominoidea;Hominidae;Homininae;Homo;Homo sapiens;Homo sapiens neanderthalensis,131567;2759;33154;33208;6072;33213;33511;7711;89593;7742;7776;117570;117571;8287;1338369;32523;32524;40674;32525;9347;1437010;314146;9443;376913;314293;9526;314295;9604;207598;9605;9606;63221,63221
Coxsackievirus A24,447196,Viruses;Riboviria;Orthornavirae;Pisuviricota;Pisoniviricetes;Picornavirales;Picornaviridae;Ensavirinae;Enterovirus;Enterovirus C;Coxsackievirus A24,10239;2559587;2732396;2732408;2732506;464095;12058;2946630;12059;138950;12089,12089
Vaccinia virus,409099,Viruses;Varidnaviria;Bamfordvirae;Nucleocytoviricota;Pokkesviricetes;Chitovirales;Poxviridae;Chordopoxvirinae;Orthopoxvirus;Vaccinia virus,10239;2732004;2732005;2732007;2732525;2732527;10240;10241;10242;10245,10245
Monkeypox virus,394067,Viruses;Varidnaviria;Bamfordvirae;Nucleocytoviricota;Pokkesviricetes;Chitovirales;Poxviridae;Chordopoxvirinae;Orthopoxvirus;Monkeypox virus,10239;2732004;2732005;2732007;2732525;2732527;10240;10241;10242;10244,10244
Variola virus,372353,Viruses;Varidnaviria;Bamfordvirae;Nucleocytoviricota;Pokkesviricetes;Chitovirales;Poxviridae;Chordopoxvirinae;Orthopoxvirus;Variola virus,10239;2732004;2732005;2732007;2732525;2732527;10240;10241;10242;10255,10255
rhinovirus C11,353358,Viruses;Riboviria;Orthornavirae;Pisuviricota;Pisoniviricetes;Picornavirales;Picornaviridae;Ensavirinae;Enterovirus;Rhinovirus C;rhinovirus C11,10239;2559587;2732396;2732408;2732506;464095;12058;2946630;12059;463676;1240004,1240004
Coxsackievirus B3,335424,Viruses;Riboviria;Orthornavirae;Pisuviricota;Pisoniviricetes;Picornavirales;Picornaviridae;Ensavirinae;Enterovirus;Enterovirus B;Coxsackievirus B3,10239;2559587;2732396;2732408;2732506;464095;12058;2946630;12059;138949;12072,12072
rhinovirus C17,331915,Viruses;Riboviria;Orthornavirae;Pisuviricota;Pisoniviricetes;Picornavirales;Picornaviridae;Ensavirinae;Enterovirus;Rhinovirus C;rhinovirus C17,10239;2559587;2732396;2732408;2732506;464095;12058;2946630;12059;463676;1219404,1219404
Echovirus E6,324360,Viruses;Riboviria;Orthornavirae;Pisuviricota;Pisoniviricetes;Picornavirales;Picornaviridae;Ensavirinae;Enterovirus;Enterovirus B;Echovirus E6,10239;2559587;2732396;2732408;2732506;464095;12058;2946630;12059;138949;12062,12062
rhinovirus C20,311569,Viruses;Riboviria;Orthornavirae;Pisuviricota;Pisoniviricetes;Picornavirales;Picornaviridae;Ensavirinae;Enterovirus;Rhinovirus C;rhinovirus C20,10239;2559587;2732396;2732408;2732506;464095;12058;2946630;12059;463676;1418062,1418062
Enterovirus D,306315,Viruses;Riboviria;Orthornavirae;Pisuviricota;Pisoniviricetes;Picornavirales;Picornaviridae;Ensavirinae;Enterovirus;Enterovirus D,10239;2559587;2732396;2732408;2732506;464095;12058;2946630;12059;138951,138951
rhinovirus A78,276650,Viruses;Riboviria;Orthornavirae;Pisuviricota;Pisoniviricetes;Picornavirales;Picornaviridae;Ensavirinae;Enterovirus;Rhinovirus A;rhinovirus A78,10239;2559587;2732396;2732408;2732506;464095;12058;2946630;12059;147711;147685,147685
Coxsackievirus A2,275908,Viruses;Riboviria;Orthornavirae;Pisuviricota;Pisoniviricetes;Picornavirales;Picornaviridae;Ensavirinae;Enterovirus;Enterovirus A;Coxsackievirus A2,10239;2559587;2732396;2732408;2732506;464095;12058;2946630;12059;138948;33757,33757
rhinovirus A39,267638,Viruses;Riboviria;Orthornavirae;Pisuviricota;Pisoniviricetes;Picornavirales;Picornaviridae;Ensavirinae;Enterovirus;Rhinovirus A;rhinovirus A39,10239;2559587;2732396;2732408;2732506;464095;12058;2946630;12059;147711;185907,185907
rhinovirus C3,260516,Viruses;Riboviria;Orthornavirae;Pisuviricota;Pisoniviricetes;Picornavirales;Picornaviridae;Ensavirinae;Enterovirus;Rhinovirus C;rhinovirus C3,10239;2559587;2732396;2732408;2732506;464095;12058;2946630;12059;463676;1219377,1219377
Enterovirus C,249657,Viruses;Riboviria;Orthornavirae;Pisuviricota;Pisoniviricetes;Picornavirales;Picornaviridae;Ensavirinae;Enterovirus;Enterovirus C,10239;2559587;2732396;2732408;2732506;464095;12058;2946630;12059;138950,138950
Rhinovirus C,240472,Viruses;Riboviria;Orthornavirae;Pisuviricota;Pisoniviricetes;Picornavirales;Picornaviridae;Ensavirinae;Enterovirus;Rhinovirus C,10239;2559587;2732396;2732408;2732506;464095;12058;2946630;12059;463676,463676
Human betaherpesvirus 5,235646,Viruses;Duplodnaviria;Heunggongvirae;Peploviricota;Herviviricetes;Herpesvirales;Orthoherpesviridae;Betaherpesvirinae;Cytomegalovirus;Cytomegalovirus humanbeta5;Human betaherpesvirus 5,10239;2731341;2731360;2731361;2731363;548681;3044472;10357;10358;3050295;10359,10359
Echovirus E18,229024,Viruses;Riboviria;Orthornavirae;Pisuviricota;Pisoniviricetes;Picornavirales;Picornaviridae;Ensavirinae;Enterovirus;Enterovirus B;Echovirus E18,10239;2559587;2732396;2732408;2732506;464095;12058;2946630;12059;138949;47506,47506
Orthopoxvirus akhmetapox,221923,Viruses;Varidnaviria;Bamfordvirae;Nucleocytoviricota;Pokkesviricetes;Chitovirales;Poxviridae;Chordopoxvirinae;Orthopoxvirus;Orthopoxvirus akhmetapox,10239;2732004;2732005;2732007;2732525;2732527;10240;10241;10242;2200830,2200830
Cercopithecine betaherpesvirus 5,219526,Viruses;Duplodnaviria;Heunggongvirae;Peploviricota;Herviviricetes;Herpesvirales;Orthoherpesviridae;Betaherpesvirinae;Cytomegalovirus;Cytomegalovirus cercopithecinebeta5;Cercopithecine betaherpesvirus 5,10239;2731341;2731360;2731361;2731363;548681;3044472;10357;10358;3050258;50292,50292
Echovirus E30,213143,Viruses;Riboviria;Orthornavirae;Pisuviricota;Pisoniviricetes;Picornavirales;Picornaviridae;Ensavirinae;Enterovirus;Enterovirus B;Echovirus E30,10239;2559587;2732396;2732408;2732506;464095;12058;2946630;12059;138949;41846,41846
Horsepox virus,212633,Viruses;Varidnaviria;Bamfordvirae;Nucleocytoviricota;Pokkesviricetes;Chitovirales;Poxviridae;Chordopoxvirinae;Orthopoxvirus;Vaccinia virus;Horsepox virus,10239;2732004;2732005;2732007;2732525;2732527;10240;10241;10242;10245;397342,397342
Lyssavirus lagos,208963,Viruses;Riboviria;Orthornavirae;Negarnaviricota;Haploviricotina;Monjiviricetes;Mononegavirales;Rhabdoviridae;Alpharhabdovirinae;Lyssavirus;Lyssavirus lagos,10239;2559587;2732396;2497569;2497570;2497574;11157;11270;2842407;11286;38766,38766
Ectromelia virus ERPV,206527,Viruses;Varidnaviria;Bamfordvirae;Nucleocytoviricota;Pokkesviricetes;Chitovirales;Poxviridae;Chordopoxvirinae;Orthopoxvirus;Ectromelia virus;Ectromelia virus ERPV,10239;2732004;2732005;2732007;2732525;2732527;10240;10241;10242;12643;1452750,1452750
rhinovirus A25,205419,Viruses;Riboviria;Orthornavirae;Pisuviricota;Pisoniviricetes;Picornavirales;Picornaviridae;Ensavirinae;Enterovirus;Rhinovirus A;rhinovirus A25,10239;2559587;2732396;2732408;2732506;464095;12058;2946630;12059;147711;185898,185898
Molluscum contagiosum virus subtype 1,190289,Viruses;Varidnaviria;Bamfordvirae;Nucleocytoviricota;Pokkesviricetes;Chitovirales;Poxviridae;Chordopoxvirinae;Molluscipoxvirus;Molluscum contagiosum virus;Molluscum contagiosum virus subtype 1,10239;2732004;2732005;2732007;2732525;2732527;10240;10241;10278;10279;10280,10280
Eyach virus,175928,Viruses;Riboviria;Orthornavirae;Duplornaviricota;Resentoviricetes;Reovirales;Spinareoviridae;Coltivirus;Eyach coltivirus;Eyach virus,10239;2559587;2732396;2732405;2732459;2732541;2946187;10911;2747210;62352,62352
Human herpesvirus 4 type 2,172764,Viruses;Duplodnaviria;Heunggongvirae;Peploviricota;Herviviricetes;Herpesvirales;Orthoherpesviridae;Gammaherpesvirinae;Lymphocryptovirus;Lymphocryptovirus humangamma4;human gammaherpesvirus 4;Human herpesvirus 4 type 2,10239;2731341;2731360;2731361;2731363;548681;3044472;10374;10375;3050299;10376;12509,12509
human gammaherpesvirus 4,171823,Viruses;Duplodnaviria;Heunggongvirae;Peploviricota;Herviviricetes;Herpesvirales;Orthoherpesviridae;Gammaherpesvirinae;Lymphocryptovirus;Lymphocryptovirus humangamma4;human gammaherpesvirus 4,10239;2731341;2731360;2731361;2731363;548681;3044472;10374;10375;3050299;10376,10376
Sulina virus,170166,Viruses;Riboviria;Orthornavirae;Negarnaviricota;Polyploviricotina;Ellioviricetes;Bunyavirales;Nairoviridae;Orthonairovirus;Orthonairovirus sulinaense;Sulina virus,10239;2559587;2732396;2497569;2497571;2497576;1980410;1980415;1980517;3060505;2811963,2811963
Coxsackievirus A9,168462,Viruses;Riboviria;Orthornavirae;Pisuviricota;Pisoniviricetes;Picornavirales;Picornaviridae;Ensavirinae;Enterovirus;Enterovirus B;Coxsackievirus A9,10239;2559587;2732396;2732408;2732506;464095;12058;2946630;12059;138949;12067,12067
Coxsackievirus A12,162707,Viruses;Riboviria;Orthornavirae;Pisuviricota;Pisoniviricetes;Picornavirales;Picornaviridae;Ensavirinae;Enterovirus;Enterovirus A;Coxsackievirus A12,10239;2559587;2732396;2732408;2732506;464095;12058;2946630;12059;138948;42771,42771
Human betaherpesvirus 6B,162114,Viruses;Duplodnaviria;Heunggongvirae;Peploviricota;Herviviricetes;Herpesvirales;Orthoherpesviridae;Betaherpesvirinae;Roseolovirus;Roseolovirus humanbeta6b;Human betaherpesvirus 6B,10239;2731341;2731360;2731361;2731363;548681;3044472;10357;40272;3050297;32604,32604
Coxsackievirus B4,160574,Viruses;Riboviria;Orthornavirae;Pisuviricota;Pisoniviricetes;Picornavirales;Picornaviridae;Ensavirinae;Enterovirus;Enterovirus B;Coxsackievirus B4,10239;2559587;2732396;2732408;2732506;464095;12058;2946630;12059;138949;12073,12073
Human betaherpesvirus 6A,159378,Viruses;Duplodnaviria;Heunggongvirae;Peploviricota;Herviviricetes;Herpesvirales;Orthoherpesviridae;Betaherpesvirinae;Roseolovirus;Roseolovirus humanbeta6a;Human betaherpesvirus 6A,10239;2731341;2731360;2731361;2731363;548681;3044472;10357;40272;3050296;32603,32603
Macacine alphaherpesvirus 3,157321,Viruses;Duplodnaviria;Heunggongvirae;Peploviricota;Herviviricetes;Herpesvirales;Orthoherpesviridae;Alphaherpesvirinae;Simplexvirus;Simplexvirus macacinealpha3;Macacine alphaherpesvirus 3,10239;2731341;2731360;2731361;2731363;548681;3044472;10293;10294;3050307;2845555,2845555
Human alphaherpesvirus 2,154675,Viruses;Duplodnaviria;Heunggongvirae;Peploviricota;Herviviricetes;Herpesvirales;Orthoherpesviridae;Alphaherpesvirinae;Simplexvirus;Simplexvirus humanalpha2;Human alphaherpesvirus 2,10239;2731341;2731360;2731361;2731363;548681;3044472;10293;10294;3050293;10310,10310
Human betaherpesvirus 7,153080,Viruses;Duplodnaviria;Heunggongvirae;Peploviricota;Herviviricetes;Herpesvirales;Orthoherpesviridae;Betaherpesvirinae;Roseolovirus;Roseolovirus humanbeta7;Human betaherpesvirus 7,10239;2731341;2731360;2731361;2731363;548681;3044472;10357;40272;3050298;10372,10372
Human alphaherpesvirus 1,152222,Viruses;Duplodnaviria;Heunggongvirae;Peploviricota;Herviviricetes;Herpesvirales;Orthoherpesviridae;Alphaherpesvirinae;Simplexvirus;Simplexvirus humanalpha1;Human alphaherpesvirus 1,10239;2731341;2731360;2731361;2731363;548681;3044472;10293;10294;3050292;10298,10298
Echovirus E7,146455,Viruses;Riboviria;Orthornavirae;Pisuviricota;Pisoniviricetes;Picornavirales;Picornaviridae;Ensavirinae;Enterovirus;Enterovirus B;Echovirus E7,10239;2559587;2732396;2732408;2732506;464095;12058;2946630;12059;138949;46018,46018
Enterovirus B75,145694,Viruses;Riboviria;Orthornavirae;Pisuviricota;Pisoniviricetes;Picornavirales;Picornaviridae;Ensavirinae;Enterovirus;Enterovirus B;Enterovirus B75,10239;2559587;2732396;2732408;2732506;464095;12058;2946630;12059;138949;282345,282345
Yaba-like disease virus,144575,Viruses;Varidnaviria;Bamfordvirae;Nucleocytoviricota;Pokkesviricetes;Chitovirales;Poxviridae;Chordopoxvirinae;Yatapoxvirus;Tanapox virus;Yaba-like disease virus,10239;2732004;2732005;2732007;2732525;2732527;10240;10241;10282;99000;132475,132475
Tanapox virus,144565,Viruses;Varidnaviria;Bamfordvirae;Nucleocytoviricota;Pokkesviricetes;Chitovirales;Poxviridae;Chordopoxvirinae;Yatapoxvirus;Tanapox virus,10239;2732004;2732005;2732007;2732525;2732527;10240;10241;10282;99000,99000
Suid alphaherpesvirus 1,143905,Viruses;Duplodnaviria;Heunggongvirae;Peploviricota;Herviviricetes;Herpesvirales;Orthoherpesviridae;Alphaherpesvirinae;Varicellovirus;Varicellovirus suidalpha1;Suid alphaherpesvirus 1,10239;2731341;2731360;2731361;2731363;548681;3044472;10293;10319;3050355;10345,10345
Orf virus,139962,Viruses;Varidnaviria;Bamfordvirae;Nucleocytoviricota;Pokkesviricetes;Chitovirales;Poxviridae;Chordopoxvirinae;Parapoxvirus;Orf virus,10239;2732004;2732005;2732007;2732525;2732527;10240;10241;10257;10258,10258
Human gammaherpesvirus 8,137969,Viruses;Duplodnaviria;Heunggongvirae;Peploviricota;Herviviricetes;Herpesvirales;Orthoherpesviridae;Gammaherpesvirinae;Rhadinovirus;Rhadinovirus humangamma8;Human gammaherpesvirus 8,10239;2731341;2731360;2731361;2731363;548681;3044472;10374;10379;3050300;37296,37296
Yaba monkey tumor virus,134721,Viruses;Varidnaviria;Bamfordvirae;Nucleocytoviricota;Pokkesviricetes;Chitovirales;Poxviridae;Chordopoxvirinae;Yatapoxvirus;Yaba monkey tumor virus,10239;2732004;2732005;2732007;2732525;2732527;10240;10241;10282;38804,38804
rhinovirus A24,134302,Viruses;Riboviria;Orthornavirae;Pisuviricota;Pisoniviricetes;Picornavirales;Picornaviridae;Ensavirinae;Enterovirus;Rhinovirus A;rhinovirus A24,10239;2559587;2732396;2732408;2732506;464095;12058;2946630;12059;147711;185897,185897
rhinovirus A49,126940,Viruses;Riboviria;Orthornavirae;Pisuviricota;Pisoniviricetes;Picornavirales;Picornaviridae;Ensavirinae;Enterovirus;Rhinovirus A;rhinovirus A49,10239;2559587;2732396;2732408;2732506;464095;12058;2946630;12059;147711;44131,44131
rhinovirus C15,126469,Viruses;Riboviria;Orthornavirae;Pisuviricota;Pisoniviricetes;Picornavirales;Picornaviridae;Ensavirinae;Enterovirus;Rhinovirus C;rhinovirus C15,10239;2559587;2732396;2732408;2732506;464095;12058;2946630;12059;463676;1418033,1418033
rhinovirus A23,126164,Viruses;Riboviria;Orthornavirae;Pisuviricota;Pisoniviricetes;Picornavirales;Picornaviridae;Ensavirinae;Enterovirus;Rhinovirus A;rhinovirus A23,10239;2559587;2732396;2732408;2732506;464095;12058;2946630;12059;147711;12135,12135
Human alphaherpesvirus 3,124884,Viruses;Duplodnaviria;Heunggongvirae;Peploviricota;Herviviricetes;Herpesvirales;Orthoherpesviridae;Alphaherpesvirinae;Varicellovirus;Varicellovirus humanalpha3;Human alphaherpesvirus 3,10239;2731341;2731360;2731361;2731363;548681;3044472;10293;10319;3050294;10335,10335
rhinovirus C42,120745,Viruses;Riboviria;Orthornavirae;Pisuviricota;Pisoniviricetes;Picornavirales;Picornaviridae;Ensavirinae;Enterovirus;Rhinovirus C;rhinovirus C42,10239;2559587;2732396;2732408;2732506;464095;12058;2946630;12059;463676;1219407,1219407
rhinovirus A30,119975,Viruses;Riboviria;Orthornavirae;Pisuviricota;Pisoniviricetes;Picornavirales;Picornaviridae;Ensavirinae;Enterovirus;Rhinovirus A;rhinovirus A30,10239;2559587;2732396;2732408;2732506;464095;12058;2946630;12059;147711;185901,185901
Coxsackievirus A21,117934,Viruses;Riboviria;Orthornavirae;Pisuviricota;Pisoniviricetes;Picornavirales;Picornaviridae;Ensavirinae;Enterovirus;Enterovirus C;Coxsackievirus A21,10239;2559587;2732396;2732408;2732506;464095;12058;2946630;12059;138950;12069,12069
Enterovirus B,116695,Viruses;Riboviria;Orthornavirae;Pisuviricota;Pisoniviricetes;Picornavirales;Picornaviridae;Ensavirinae;Enterovirus;Enterovirus B,10239;2559587;2732396;2732408;2732506;464095;12058;2946630;12059;138949,138949
Enterovirus A,111024,Viruses;Riboviria;Orthornavirae;Pisuviricota;Pisoniviricetes;Picornavirales;Picornaviridae;Ensavirinae;Enterovirus;Enterovirus A,10239;2559587;2732396;2732408;2732506;464095;12058;2946630;12059;138948,138948
Echovirus E9,109808,Viruses;Riboviria;Orthornavirae;Pisuviricota;Pisoniviricetes;Picornavirales;Picornaviridae;Ensavirinae;Enterovirus;Enterovirus B;Echovirus E9,10239;2559587;2732396;2732408;2732506;464095;12058;2946630;12059;138949;12060,12060
Echovirus E25,109398,Viruses;Riboviria;Orthornavirae;Pisuviricota;Pisoniviricetes;Picornavirales;Picornaviridae;Ensavirinae;Enterovirus;Enterovirus B;Echovirus E25,10239;2559587;2732396;2732408;2732506;464095;12058;2946630;12059;138949;45101,45101
European bat lyssavirus,107215,Viruses;Riboviria;Orthornavirae;Negarnaviricota;Haploviricotina;Monjiviricetes;Mononegavirales;Rhabdoviridae;Alpharhabdovirinae;Lyssavirus;unclassified Lyssavirus;European bat lyssavirus,10239;2559587;2732396;2497569;2497570;2497574;11157;11270;2842407;11286;327825;38768,38768
rhinovirus B27,106695,Viruses;Riboviria;Orthornavirae;Pisuviricota;Pisoniviricetes;Picornavirales;Picornaviridae;Ensavirinae;Enterovirus;Rhinovirus B;rhinovirus B27,10239;2559587;2732396;2732408;2732506;464095;12058;2946630;12059;147712;185900,185900
rhinovirus C2,106097,Viruses;Riboviria;Orthornavirae;Pisuviricota;Pisoniviricetes;Picornavirales;Picornaviridae;Ensavirinae;Enterovirus;Rhinovirus C;rhinovirus C2,10239;2559587;2732396;2732408;2732506;464095;12058;2946630;12059;463676;1219376,1219376
Coxsackievirus B2,99877,Viruses;Riboviria;Orthornavirae;Pisuviricota;Pisoniviricetes;Picornavirales;Picornaviridae;Ensavirinae;Enterovirus;Enterovirus B;Coxsackievirus B2,10239;2559587;2732396;2732408;2732506;464095;12058;2946630;12059;138949;82639,82639
rhinovirus A29,99523,Viruses;Riboviria;Orthornavirae;Pisuviricota;Pisoniviricetes;Picornavirales;Picornaviridae;Ensavirinae;Enterovirus;Rhinovirus A;rhinovirus A29,10239;2559587;2732396;2732408;2732506;464095;12058;2946630;12059;147711;44129,44129
rhinovirus A20,99492,Viruses;Riboviria;Orthornavirae;Pisuviricota;Pisoniviricetes;Picornavirales;Picornaviridae;Ensavirinae;Enterovirus;Rhinovirus A;rhinovirus A20,10239;2559587;2732396;2732408;2732506;464095;12058;2946630;12059;147711;147675,147675
rhinovirus C56,99479,Viruses;Riboviria;Orthornavirae;Pisuviricota;Pisoniviricetes;Picornavirales;Picornaviridae;Ensavirinae;Enterovirus;Rhinovirus C;rhinovirus C56,10239;2559587;2732396;2732408;2732506;464095;12058;2946630;12059;463676;2094116,2094116
rhinovirus A67,99186,Viruses;Riboviria;Orthornavirae;Pisuviricota;Pisoniviricetes;Picornavirales;Picornaviridae;Ensavirinae;Enterovirus;Rhinovirus A;rhinovirus A67,10239;2559587;2732396;2732408;2732506;464095;12058;2946630;12059;147711;185924,185924
rhinovirus A31,92397,Viruses;Riboviria;Orthornavirae;Pisuviricota;Pisoniviricetes;Picornavirales;Picornaviridae;Ensavirinae;Enterovirus;Rhinovirus A;rhinovirus A31,10239;2559587;2732396;2732408;2732506;464095;12058;2946630;12059;147711;185902,185902
rhinovirus A1,92337,Viruses;Riboviria;Orthornavirae;Pisuviricota;Pisoniviricetes;Picornavirales;Picornaviridae;Ensavirinae;Enterovirus;Rhinovirus A;rhinovirus A1,10239;2559587;2732396;2732408;2732506;464095;12058;2946630;12059;147711;573824,573824
rhinovirus C1,90537,Viruses;Riboviria;Orthornavirae;Pisuviricota;Pisoniviricetes;Picornavirales;Picornaviridae;Ensavirinae;Enterovirus;Rhinovirus C;rhinovirus C1,10239;2559587;2732396;2732408;2732506;464095;12058;2946630;12059;463676;1219416,1219416
Coxsackievirus A5,90209,Viruses;Riboviria;Orthornavirae;Pisuviricota;Pisoniviricetes;Picornavirales;Picornaviridae;Ensavirinae;Enterovirus;Enterovirus A;Coxsackievirus A5,10239;2559587;2732396;2732408;2732506;464095;12058;2946630;12059;138948;42786,42786
Rhinovirus A,85239,Viruses;Riboviria;Orthornavirae;Pisuviricota;Pisoniviricetes;Picornavirales;Picornaviridae;Ensavirinae;Enterovirus;Rhinovirus A,10239;2559587;2732396;2732408;2732506;464095;12058;2946630;12059;147711,147711
rhinovirus A80,85202,Viruses;Riboviria;Orthornavirae;Pisuviricota;Pisoniviricetes;Picornavirales;Picornaviridae;Ensavirinae;Enterovirus;Rhinovirus A;rhinovirus A80,10239;2559587;2732396;2732408;2732506;464095;12058;2946630;12059;147711;185934,185934
rhinovirus C44,84528,Viruses;Riboviria;Orthornavirae;Pisuviricota;Pisoniviricetes;Picornavirales;Picornaviridae;Ensavirinae;Enterovirus;Rhinovirus C;rhinovirus C44,10239;2559587;2732396;2732408;2732506;464095;12058;2946630;12059;463676;2045079,2045079
Homo sapiens subsp. 'Denisova',82856,cellular organisms;Eukaryota;Opisthokonta;Metazoa;Eumetazoa;Bilateria;Deuterostomia;Chordata;Craniata;Vertebrata;Gnathostomata;Teleostomi;Euteleostomi;Sarcopterygii;Dipnotetrapodomorpha;Tetrapoda;Amniota;Mammalia;Theria;Eutheria;Boreoeutheria;Euarchontoglires;Primates;Haplorrhini;Simiiformes;Catarrhini;Hominoidea;Hominidae;Homininae;Homo;Homo sapiens;Homo sapiens subsp. 'Denisova',131567;2759;33154;33208;6072;33213;33511;7711;89593;7742;7776;117570;117571;8287;1338369;32523;32524;40674;32525;9347;1437010;314146;9443;376913;314293;9526;314295;9604;207598;9605;9606;741158,741158
Enterovirus C99,81917,Viruses;Riboviria;Orthornavirae;Pisuviricota;Pisoniviricetes;Picornavirales;Picornaviridae;Ensavirinae;Enterovirus;Enterovirus C;Enterovirus C99,10239;2559587;2732396;2732408;2732506;464095;12058;2946630;12059;138950;1295563,1295563
Enterovirus C104,81826,Viruses;Riboviria;Orthornavirae;Pisuviricota;Pisoniviricetes;Picornavirales;Picornaviridae;Ensavirinae;Enterovirus;Enterovirus C;Enterovirus C104,10239;2559587;2732396;2732408;2732506;464095;12058;2946630;12059;138950;2650411,2650411
rhinovirus A61,78137,Viruses;Riboviria;Orthornavirae;Pisuviricota;Pisoniviricetes;Picornavirales;Picornaviridae;Ensavirinae;Enterovirus;Rhinovirus A;rhinovirus A61,10239;2559587;2732396;2732408;2732506;464095;12058;2946630;12059;147711;185920,185920
Enterovirus C96,74956,Viruses;Riboviria;Orthornavirae;Pisuviricota;Pisoniviricetes;Picornavirales;Picornaviridae;Ensavirinae;Enterovirus;Enterovirus C;Enterovirus C96,10239;2559587;2732396;2732408;2732506;464095;12058;2946630;12059;138950;325445,325445
Enterovirus A76,74405,Viruses;Riboviria;Orthornavirae;Pisuviricota;Pisoniviricetes;Picornavirales;Picornaviridae;Ensavirinae;Enterovirus;Enterovirus A;Enterovirus A76,10239;2559587;2732396;2732408;2732506;464095;12058;2946630;12059;138948;306588,306588
rhinovirus A11,70921,Viruses;Riboviria;Orthornavirae;Pisuviricota;Pisoniviricetes;Picornavirales;Picornaviridae;Ensavirinae;Enterovirus;Rhinovirus A;rhinovirus A11,10239;2559587;2732396;2732408;2732506;464095;12058;2946630;12059;147711;39767,39767
Norwavirus sp.,70530,Viruses;Riboviria;Orthornavirae;Negarnaviricota;Polyploviricotina;Ellioviricetes;Bunyavirales;Nairoviridae;Norwavirus;unclassified Norwavirus;Norwavirus sp.,10239;2559587;2732396;2497569;2497571;2497576;1980410;1980415;2842910;2852632;2960865,2960865
Human mastadenovirus B,70137,Viruses;Varidnaviria;Bamfordvirae;Preplasmiviricota;Tectiliviricetes;Rowavirales;Adenoviridae;Mastadenovirus;Human mastadenovirus B,10239;2732004;2732005;2732008;2732529;2732559;10508;10509;108098,108098
Haseki tick virus,69429,Viruses;Riboviria;unclassified Riboviria;Haseki tick virus,10239;2559587;2585030;2712269,2712269
Changping Tick Virus 3,69228,Viruses;Riboviria;Orthornavirae;Negarnaviricota;Haploviricotina;Monjiviricetes;Jingchuvirales;Chuviridae;Mivirus;Mivirus dermacentoris;Changping Tick Virus 3,10239;2559587;2732396;2497569;2497570;2497574;2499407;2501952;2507291;2845621;1608045,1608045
Human mastadenovirus A,68250,Viruses;Varidnaviria;Bamfordvirae;Preplasmiviricota;Tectiliviricetes;Rowavirales;Adenoviridae;Mastadenovirus;Human mastadenovirus A,10239;2732004;2732005;2732008;2732529;2732559;10508;10509;129875,129875
Coxsackievirus A8,66567,Viruses;Riboviria;Orthornavirae;Pisuviricota;Pisoniviricetes;Picornavirales;Picornaviridae;Ensavirinae;Enterovirus;Enterovirus A;Coxsackievirus A8,10239;2559587;2732396;2732408;2732506;464095;12058;2946630;12059;138948;42788,42788
Enterovirus B83,66562,Viruses;Riboviria;Orthornavirae;Pisuviricota;Pisoniviricetes;Picornavirales;Picornaviridae;Ensavirinae;Enterovirus;Enterovirus B;Enterovirus B83,10239;2559587;2732396;2732408;2732506;464095;12058;2946630;12059;138949;318566,318566
Echovirus E33,66536,Viruses;Riboviria;Orthornavirae;Pisuviricota;Pisoniviricetes;Picornavirales;Picornaviridae;Ensavirinae;Enterovirus;Enterovirus B;Echovirus E33,10239;2559587;2732396;2732408;2732506;464095;12058;2946630;12059;138949;47515,47515
Coxsackievirus B1,66339,Viruses;Riboviria;Orthornavirae;Pisuviricota;Pisoniviricetes;Picornavirales;Picornaviridae;Ensavirinae;Enterovirus;Enterovirus B;Coxsackievirus B1,10239;2559587;2732396;2732408;2732506;464095;12058;2946630;12059;138949;12071,12071
Rhinovirus B,65003,Viruses;Riboviria;Orthornavirae;Pisuviricota;Pisoniviricetes;Picornavirales;Picornaviridae;Ensavirinae;Enterovirus;Rhinovirus B,10239;2559587;2732396;2732408;2732506;464095;12058;2946630;12059;147712,147712
rhinovirus A2,63582,Viruses;Riboviria;Orthornavirae;Pisuviricota;Pisoniviricetes;Picornavirales;Picornaviridae;Ensavirinae;Enterovirus;Rhinovirus A;rhinovirus A2,10239;2559587;2732396;2732408;2732506;464095;12058;2946630;12059;147711;12130,12130
rhinovirus C36,63271,Viruses;Riboviria;Orthornavirae;Pisuviricota;Pisoniviricetes;Picornavirales;Picornaviridae;Ensavirinae;Enterovirus;Rhinovirus C;rhinovirus C36,10239;2559587;2732396;2732408;2732506;464095;12058;2946630;12059;463676;1418041,1418041
Alphavirus M1,62906,Viruses;Riboviria;Orthornavirae;Kitrinoviricota;Alsuviricetes;Martellivirales;Togaviridae;Alphavirus;Getah virus;Alphavirus M1,10239;2559587;2732396;2732406;2732461;2732544;11018;11019;59300;97469,97469
Human coronavirus OC43,61482,Viruses;Riboviria;Orthornavirae;Pisuviricota;Pisoniviricetes;Nidovirales;Cornidovirineae;Coronaviridae;Orthocoronavirinae;Betacoronavirus;Embecovirus;Betacoronavirus 1;Human coronavirus OC43,10239;2559587;2732396;2732408;2732506;76804;2499399;11118;2501931;694002;2509481;694003;31631,31631
Orthomarburgvirus marburgense,57338,Viruses;Riboviria;Orthornavirae;Negarnaviricota;Haploviricotina;Monjiviricetes;Mononegavirales;Filoviridae;Orthomarburgvirus;Orthomarburgvirus marburgense,10239;2559587;2732396;2497569;2497570;2497574;11157;11266;3044783;3052505,3052505
rhinovirus A28,56966,Viruses;Riboviria;Orthornavirae;Pisuviricota;Pisoniviricetes;Picornavirales;Picornaviridae;Ensavirinae;Enterovirus;Rhinovirus A;rhinovirus A28,10239;2559587;2732396;2732408;2732506;464095;12058;2946630;12059;147711;147672,147672
rhinovirus A58,56751,Viruses;Riboviria;Orthornavirae;Pisuviricota;Pisoniviricetes;Picornavirales;Picornaviridae;Ensavirinae;Enterovirus;Rhinovirus A;rhinovirus A58,10239;2559587;2732396;2732408;2732506;464095;12058;2946630;12059;147711;44133,44133
Human coronavirus NL63,55106,Viruses;Riboviria;Orthornavirae;Pisuviricota;Pisoniviricetes;Nidovirales;Cornidovirineae;Coronaviridae;Orthocoronavirinae;Alphacoronavirus;Setracovirus;Human coronavirus NL63,10239;2559587;2732396;2732408;2732506;76804;2499399;11118;2501931;693996;2509512;277944,277944
rhinovirus A22,50765,Viruses;Riboviria;Orthornavirae;Pisuviricota;Pisoniviricetes;Picornavirales;Picornaviridae;Ensavirinae;Enterovirus;Rhinovirus A;rhinovirus A22,10239;2559587;2732396;2732408;2732506;464095;12058;2946630;12059;147711;185896,185896
rhinovirus B3,50250,Viruses;Riboviria;Orthornavirae;Pisuviricota;Pisoniviricetes;Picornavirales;Picornaviridae;Ensavirinae;Enterovirus;Rhinovirus B;rhinovirus B3,10239;2559587;2732396;2732408;2732506;464095;12058;2946630;12059;147712;44130,44130
rhinovirus C53,50012,Viruses;Riboviria;Orthornavirae;Pisuviricota;Pisoniviricetes;Picornavirales;Picornaviridae;Ensavirinae;Enterovirus;Rhinovirus C;rhinovirus C53,10239;2559587;2732396;2732408;2732506;464095;12058;2946630;12059;463676;2032983,2032983
rhinovirus C8,49502,Viruses;Riboviria;Orthornavirae;Pisuviricota;Pisoniviricetes;Picornavirales;Picornaviridae;Ensavirinae;Enterovirus;Rhinovirus C;rhinovirus C8,10239;2559587;2732396;2732408;2732506;464095;12058;2946630;12059;463676;1219380,1219380
rhinovirus A54,49357,Viruses;Riboviria;Orthornavirae;Pisuviricota;Pisoniviricetes;Picornavirales;Picornaviridae;Ensavirinae;Enterovirus;Rhinovirus A;rhinovirus A54,10239;2559587;2732396;2732408;2732506;464095;12058;2946630;12059;147711;185914,185914
synthetic construct,48002,other entries;other sequences;artificial sequences;synthetic construct,2787854;28384;81077;32630,32630
Human respirovirus 3,46386,Viruses;Riboviria;Orthornavirae;Negarnaviricota;Haploviricotina;Monjiviricetes;Mononegavirales;Paramyxoviridae;Feraresvirinae;Respirovirus;Respirovirus pneumoniae;Human respirovirus 3,10239;2559587;2732396;2497569;2497570;2497574;11157;11158;3152209;186938;3049953;11216,11216
human respiratory syncytial virus,45669,Viruses;Riboviria;Orthornavirae;Negarnaviricota;Haploviricotina;Monjiviricetes;Mononegavirales;Pneumoviridae;Orthopneumovirus;Orthopneumovirus hominis;human respiratory syncytial virus,10239;2559587;2732396;2497569;2497570;2497574;11157;11244;1868215;3049954;11250,11250
Enterovirus A90,44552,Viruses;Riboviria;Orthornavirae;Pisuviricota;Pisoniviricetes;Picornavirales;Picornaviridae;Ensavirinae;Enterovirus;Enterovirus A;Enterovirus A90,10239;2559587;2732396;2732408;2732506;464095;12058;2946630;12059;138948;297248,297248
Echovirus E3,44139,Viruses;Riboviria;Orthornavirae;Pisuviricota;Pisoniviricetes;Picornavirales;Picornaviridae;Ensavirinae;Enterovirus;Enterovirus B;Echovirus E3,10239;2559587;2732396;2732408;2732506;464095;12058;2946630;12059;138949;47516,47516
rhinovirus C33,42562,Viruses;Riboviria;Orthornavirae;Pisuviricota;Pisoniviricetes;Picornavirales;Picornaviridae;Ensavirinae;Enterovirus;Rhinovirus C;rhinovirus C33,10239;2559587;2732396;2732408;2732506;464095;12058;2946630;12059;463676;2045074,2045074
rhinovirus A66,42357,Viruses;Riboviria;Orthornavirae;Pisuviricota;Pisoniviricetes;Picornavirales;Picornaviridae;Ensavirinae;Enterovirus;Rhinovirus A;rhinovirus A66,10239;2559587;2732396;2732408;2732506;464095;12058;2946630;12059;147711;185923,185923
rhinovirus A60,42260,Viruses;Riboviria;Orthornavirae;Pisuviricota;Pisoniviricetes;Picornavirales;Picornaviridae;Ensavirinae;Enterovirus;Rhinovirus A;rhinovirus A60,10239;2559587;2732396;2732408;2732506;464095;12058;2946630;12059;147711;185919,185919
Aigai virus,38490,Viruses;Riboviria;Orthornavirae;Negarnaviricota;Polyploviricotina;Ellioviricetes;Bunyavirales;Nairoviridae;Orthonairovirus;Orthonairovirus parahaemorrhagiae;Aigai virus,10239;2559587;2732396;2497569;2497571;2497576;1980410;1980415;1980517;3052530;2849717,2849717
Enterovirus B80,37319,Viruses;Riboviria;Orthornavirae;Pisuviricota;Pisoniviricetes;Picornavirales;Picornaviridae;Ensavirinae;Enterovirus;Enterovirus B;Enterovirus B80,10239;2559587;2732396;2732408;2732506;464095;12058;2946630;12059;138949;318563,318563
Grotenhout virus,37164,Viruses;Riboviria;Orthornavirae;Negarnaviricota;Polyploviricotina;Ellioviricetes;Bunyavirales;Nairoviridae;Norwavirus;Norwavirus grotenhoutense;Grotenhout virus,10239;2559587;2732396;2497569;2497571;2497576;1980410;1980415;2842910;3052362;1971396,1971396
Enterovirus B85,37115,Viruses;Riboviria;Orthornavirae;Pisuviricota;Pisoniviricetes;Picornavirales;Picornaviridae;Ensavirinae;Enterovirus;Enterovirus B;Enterovirus B85,10239;2559587;2732396;2732408;2732506;464095;12058;2946630;12059;138949;318568,318568
Simian adenovirus 25,36519,Viruses;Varidnaviria;Bamfordvirae;Preplasmiviricota;Tectiliviricetes;Rowavirales;Adenoviridae;Mastadenovirus;Human mastadenovirus E;Simian adenovirus 25,10239;2732004;2732005;2732008;2732529;2732559;10508;10509;130308;175567,175567
Henipavirus nipahense,36498,Viruses;Riboviria;Orthornavirae;Negarnaviricota;Haploviricotina;Monjiviricetes;Mononegavirales;Paramyxoviridae;Orthoparamyxovirinae;Henipavirus;Henipavirus nipahense,10239;2559587;2732396;2497569;2497570;2497574;11157;11158;2560076;260964;3052225,3052225
Henipavirus hendraense,36468,Viruses;Riboviria;Orthornavirae;Negarnaviricota;Haploviricotina;Monjiviricetes;Mononegavirales;Paramyxoviridae;Orthoparamyxovirinae;Henipavirus;Henipavirus hendraense,10239;2559587;2732396;2497569;2497570;2497574;11157;11158;2560076;260964;3052223,3052223
Human mastadenovirus E,35994,Viruses;Varidnaviria;Bamfordvirae;Preplasmiviricota;Tectiliviricetes;Rowavirales;Adenoviridae;Mastadenovirus;Human mastadenovirus E,10239;2732004;2732005;2732008;2732529;2732559;10508;10509;130308,130308
Human mastadenovirus C,35937,Viruses;Varidnaviria;Bamfordvirae;Preplasmiviricota;Tectiliviricetes;Rowavirales;Adenoviridae;Mastadenovirus;Human mastadenovirus C,10239;2732004;2732005;2732008;2732529;2732559;10508;10509;129951,129951
rhinovirus A9,35666,Viruses;Riboviria;Orthornavirae;Pisuviricota;Pisoniviricetes;Picornavirales;Picornaviridae;Ensavirinae;Enterovirus;Rhinovirus A;rhinovirus A9,10239;2559587;2732396;2732408;2732506;464095;12058;2946630;12059;147711;185891,185891
rhinovirus A46,35618,Viruses;Riboviria;Orthornavirae;Pisuviricota;Pisoniviricetes;Picornavirales;Picornaviridae;Ensavirinae;Enterovirus;Rhinovirus A;rhinovirus A46,10239;2559587;2732396;2732408;2732506;464095;12058;2946630;12059;147711;167324,167324
Human adenovirus 7,35514,Viruses;Varidnaviria;Bamfordvirae;Preplasmiviricota;Tectiliviricetes;Rowavirales;Adenoviridae;Mastadenovirus;Human mastadenovirus B;Human adenovirus 7,10239;2732004;2732005;2732008;2732529;2732559;10508;10509;108098;10519,10519
rhinovirus A21,35373,Viruses;Riboviria;Orthornavirae;Pisuviricota;Pisoniviricetes;Picornavirales;Picornaviridae;Ensavirinae;Enterovirus;Rhinovirus A;rhinovirus A21,10239;2559587;2732396;2732408;2732506;464095;12058;2946630;12059;147711;44128,44128
rhinovirus A47,35276,Viruses;Riboviria;Orthornavirae;Pisuviricota;Pisoniviricetes;Picornavirales;Picornaviridae;Ensavirinae;Enterovirus;Rhinovirus A;rhinovirus A47,10239;2559587;2732396;2732408;2732506;464095;12058;2946630;12059;147711;185911,185911
rhinovirus A59,35272,Viruses;Riboviria;Orthornavirae;Pisuviricota;Pisoniviricetes;Picornavirales;Picornaviridae;Ensavirinae;Enterovirus;Rhinovirus A;rhinovirus A59,10239;2559587;2732396;2732408;2732506;464095;12058;2946630;12059;147711;185918,185918
rhinovirus C7,35212,Viruses;Riboviria;Orthornavirae;Pisuviricota;Pisoniviricetes;Picornavirales;Picornaviridae;Ensavirinae;Enterovirus;Rhinovirus C;rhinovirus C7,10239;2559587;2732396;2732408;2732506;464095;12058;2946630;12059;463676;1219379,1219379
Human mastadenovirus D,35083,Viruses;Varidnaviria;Bamfordvirae;Preplasmiviricota;Tectiliviricetes;Rowavirales;Adenoviridae;Mastadenovirus;Human mastadenovirus D,10239;2732004;2732005;2732008;2732529;2732559;10508;10509;130310,130310
Toxoplasma gondii RH,34996,cellular organisms;Eukaryota;Sar;Alveolata;Apicomplexa;Conoidasida;Coccidia;Eucoccidiorida;Eimeriorina;Sarcocystidae;Toxoplasma;Toxoplasma gondii;Toxoplasma gondii RH,131567;2759;2698737;33630;5794;1280412;5796;75739;423054;5809;5810;5811;383379,383379
rhinovirus C43,34980,Viruses;Riboviria;Orthornavirae;Pisuviricota;Pisoniviricetes;Picornavirales;Picornaviridae;Ensavirinae;Enterovirus;Rhinovirus C;rhinovirus C43,10239;2559587;2732396;2732408;2732506;464095;12058;2946630;12059;463676;1219413,1219413
Human adenovirus 35,34794,Viruses;Varidnaviria;Bamfordvirae;Preplasmiviricota;Tectiliviricetes;Rowavirales;Adenoviridae;Mastadenovirus;Human mastadenovirus B;Human adenovirus 35,10239;2732004;2732005;2732008;2732529;2732559;10508;10509;108098;10522,10522
simian adenovirus 1,34450,Viruses;Varidnaviria;Bamfordvirae;Preplasmiviricota;Tectiliviricetes;Rowavirales;Adenoviridae;Mastadenovirus;Human mastadenovirus G;simian adenovirus 1,10239;2732004;2732005;2732008;2732529;2732559;10508;10509;536079;310540,310540
human adenovirus 52,34250,Viruses;Varidnaviria;Bamfordvirae;Preplasmiviricota;Tectiliviricetes;Rowavirales;Adenoviridae;Mastadenovirus;Human mastadenovirus G;human adenovirus 52,10239;2732004;2732005;2732008;2732529;2732559;10508;10509;536079;332179,332179
Human mastadenovirus F,34214,Viruses;Varidnaviria;Bamfordvirae;Preplasmiviricota;Tectiliviricetes;Rowavirales;Adenoviridae;Mastadenovirus;Human mastadenovirus F,10239;2732004;2732005;2732008;2732529;2732559;10508;10509;130309,130309
Human parainfluenza virus 4a,34104,Viruses;Riboviria;Orthornavirae;Negarnaviricota;Haploviricotina;Monjiviricetes;Mononegavirales;Paramyxoviridae;Rubulavirinae;Orthorubulavirus;Orthorubulavirus hominis;Human orthorubulavirus 4;Human parainfluenza virus 4a,10239;2559587;2732396;2497569;2497570;2497574;11157;11158;2560080;2560195;3052556;2560526;11224,11224
Colorado tick fever virus,33524,Viruses;Riboviria;Orthornavirae;Duplornaviricota;Resentoviricetes;Reovirales;Spinareoviridae;Coltivirus;Colorado tick fever coltivirus;Colorado tick fever virus,10239;2559587;2732396;2732405;2732459;2732541;2946187;10911;2748762;46839,46839
Sagiyama virus,32531,Viruses;Riboviria;Orthornavirae;Kitrinoviricota;Alsuviricetes;Martellivirales;Togaviridae;Alphavirus;Getah virus;Sagiyama virus,10239;2559587;2732396;2732406;2732461;2732544;11018;11019;59300;59303,59303
Zika virus,32409,Viruses;Riboviria;Orthornavirae;Kitrinoviricota;Flasuviricetes;Amarillovirales;Flaviviridae;Orthoflavivirus;Orthoflavivirus zikaense;Zika virus,10239;2559587;2732396;2732406;2732462;2732545;11050;3044782;3048459;64320,64320
Mumps orthorubulavirus,30768,Viruses;Riboviria;Orthornavirae;Negarnaviricota;Haploviricotina;Monjiviricetes;Mononegavirales;Paramyxoviridae;Rubulavirinae;Orthorubulavirus;Orthorubulavirus parotitidis;Mumps orthorubulavirus,10239;2559587;2732396;2497569;2497570;2497574;11157;11158;2560080;2560195;3052560;2560602,2560602
Norovirus GI,30758,Viruses;Riboviria;Orthornavirae;Pisuviricota;Pisoniviricetes;Picornavirales;Caliciviridae;Norovirus;Norwalk virus;Norovirus GI,10239;2559587;2732396;2732408;2732506;464095;11974;142786;11983;122928,122928
Middle East respiratory syndrome-related coronavirus,30119,Viruses;Riboviria;Orthornavirae;Pisuviricota;Pisoniviricetes;Nidovirales;Cornidovirineae;Coronaviridae;Orthocoronavirinae;Betacoronavirus;Merbecovirus;Middle East respiratory syndrome-related coronavirus,10239;2559587;2732396;2732408;2732506;76804;2499399;11118;2501931;694002;2509494;1335626,1335626
Betacoronavirus England 1,30111,Viruses;Riboviria;Orthornavirae;Pisuviricota;Pisoniviricetes;Nidovirales;Cornidovirineae;Coronaviridae;Orthocoronavirinae;Betacoronavirus;Merbecovirus;Middle East respiratory syndrome-related coronavirus;Betacoronavirus England 1,10239;2559587;2732396;2732408;2732506;76804;2499399;11118;2501931;694002;2509494;1335626;1263720,1263720
Coxsackievirus A13,29926,Viruses;Riboviria;Orthornavirae;Pisuviricota;Pisoniviricetes;Picornavirales;Picornaviridae;Ensavirinae;Enterovirus;Enterovirus C;Coxsackievirus A13,10239;2559587;2732396;2732408;2732506;464095;12058;2946630;12059;138950;42772,42772
Human coronavirus HKU1,29926,Viruses;Riboviria;Orthornavirae;Pisuviricota;Pisoniviricetes;Nidovirales;Cornidovirineae;Coronaviridae;Orthocoronavirinae;Betacoronavirus;Embecovirus;Human coronavirus HKU1,10239;2559587;2732396;2732408;2732506;76804;2499399;11118;2501931;694002;2509481;290028,290028
Severe acute respiratory syndrome coronavirus 2,29903,Viruses;Riboviria;Orthornavirae;Pisuviricota;Pisoniviricetes;Nidovirales;Cornidovirineae;Coronaviridae;Orthocoronavirinae;Betacoronavirus;Sarbecovirus;Severe acute respiratory syndrome-related coronavirus;Severe acute respiratory syndrome coronavirus 2,10239;2559587;2732396;2732408;2732506;76804;2499399;11118;2501931;694002;2509511;694009;2697049,2697049
SARS coronavirus Tor2,29751,Viruses;Riboviria;Orthornavirae;Pisuviricota;Pisoniviricetes;Nidovirales;Cornidovirineae;Coronaviridae;Orthocoronavirinae;Betacoronavirus;Sarbecovirus;Severe acute respiratory syndrome-related coronavirus;Severe acute respiratory syndrome coronavirus;SARS coronavirus Tor2,10239;2559587;2732396;2732408;2732506;76804;2499399;11118;2501931;694002;2509511;694009;2901879;227984,227984
Enterovirus B88,29625,Viruses;Riboviria;Orthornavirae;Pisuviricota;Pisoniviricetes;Picornavirales;Picornaviridae;Ensavirinae;Enterovirus;Enterovirus B;Enterovirus B88,10239;2559587;2732396;2732408;2732506;464095;12058;2946630;12059;138949;318571,318571
Echovirus E4,29352,Viruses;Riboviria;Orthornavirae;Pisuviricota;Pisoniviricetes;Picornavirales;Picornaviridae;Ensavirinae;Enterovirus;Enterovirus B;Echovirus E4,10239;2559587;2732396;2732408;2732506;464095;12058;2946630;12059;138949;35295,35295
California hare coltivirus,29259,Viruses;Riboviria;Orthornavirae;Duplornaviricota;Resentoviricetes;Reovirales;Spinareoviridae;Coltivirus;unclassified Coltivirus;California hare coltivirus,10239;2559587;2732396;2732405;2732459;2732541;2946187;10911;2014338;2936928,2936928
Canine coronavirus,29088,Viruses;Riboviria;Orthornavirae;Pisuviricota;Pisoniviricetes;Nidovirales;Cornidovirineae;Coronaviridae;Orthocoronavirinae;Alphacoronavirus;Tegacovirus;Alphacoronavirus 1;Canine coronavirus,10239;2559587;2732396;2732408;2732506;76804;2499399;11118;2501931;693996;2509514;693997;11153,11153
rhinovirus B52,28841,Viruses;Riboviria;Orthornavirae;Pisuviricota;Pisoniviricetes;Picornavirales;Picornaviridae;Ensavirinae;Enterovirus;Rhinovirus B;rhinovirus B52,10239;2559587;2732396;2732408;2732506;464095;12058;2946630;12059;147712;147677,147677
rhinovirus B91,28827,Viruses;Riboviria;Orthornavirae;Pisuviricota;Pisoniviricetes;Picornavirales;Picornaviridae;Ensavirinae;Enterovirus;Rhinovirus B;rhinovirus B91,10239;2559587;2732396;2732408;2732506;464095;12058;2946630;12059;147712;167325,167325
rhinovirus C9,28436,Viruses;Riboviria;Orthornavirae;Pisuviricota;Pisoniviricetes;Picornavirales;Picornaviridae;Ensavirinae;Enterovirus;Rhinovirus C;rhinovirus C9,10239;2559587;2732396;2732408;2732506;464095;12058;2946630;12059;463676;1220265,1220265
rhinovirus C13,28386,Viruses;Riboviria;Orthornavirae;Pisuviricota;Pisoniviricetes;Picornavirales;Picornaviridae;Ensavirinae;Enterovirus;Rhinovirus C;rhinovirus C13,10239;2559587;2732396;2732408;2732506;464095;12058;2946630;12059;463676;2777132,2777132
rhinovirus C34,28325,Viruses;Riboviria;Orthornavirae;Pisuviricota;Pisoniviricetes;Picornavirales;Picornaviridae;Ensavirinae;Enterovirus;Rhinovirus C;rhinovirus C34,10239;2559587;2732396;2732408;2732506;464095;12058;2946630;12059;463676;2045075,2045075
rhinovirus A12,28254,Viruses;Riboviria;Orthornavirae;Pisuviricota;Pisoniviricetes;Picornavirales;Picornaviridae;Ensavirinae;Enterovirus;Rhinovirus A;rhinovirus A12,10239;2559587;2732396;2732408;2732506;464095;12058;2946630;12059;147711;147684,147684
rhinovirus A13,28202,Viruses;Riboviria;Orthornavirae;Pisuviricota;Pisoniviricetes;Picornavirales;Picornaviridae;Ensavirinae;Enterovirus;Rhinovirus A;rhinovirus A13,10239;2559587;2732396;2732408;2732506;464095;12058;2946630;12059;147711;185893,185893
rhinovirus A105,28201,Viruses;Riboviria;Orthornavirae;Pisuviricota;Pisoniviricetes;Picornavirales;Picornaviridae;Ensavirinae;Enterovirus;Rhinovirus A;rhinovirus A105,10239;2559587;2732396;2732408;2732506;464095;12058;2946630;12059;147711;2777143,2777143
rhinovirus C40,28167,Viruses;Riboviria;Orthornavirae;Pisuviricota;Pisoniviricetes;Picornavirales;Picornaviridae;Ensavirinae;Enterovirus;Rhinovirus C;rhinovirus C40,10239;2559587;2732396;2732408;2732506;464095;12058;2946630;12059;463676;1219406,1219406
rhinovirus B100,28088,Viruses;Riboviria;Orthornavirae;Pisuviricota;Pisoniviricetes;Picornavirales;Picornaviridae;Ensavirinae;Enterovirus;Rhinovirus B;rhinovirus B100,10239;2559587;2732396;2732408;2732506;464095;12058;2946630;12059;147712;2777136,2777136
Orthohantavirus puumalaense,27760,Viruses;Riboviria;Orthornavirae;Negarnaviricota;Polyploviricotina;Ellioviricetes;Bunyavirales;Hantaviridae;Mammantavirinae;Orthohantavirus;Orthohantavirus puumalaense,10239;2559587;2732396;2497569;2497571;2497576;1980410;1980413;2560074;1980442;3052493,3052493
Human coronavirus 229E,27317,Viruses;Riboviria;Orthornavirae;Pisuviricota;Pisoniviricetes;Nidovirales;Cornidovirineae;Coronaviridae;Orthocoronavirinae;Alphacoronavirus;Duvinacovirus;Human coronavirus 229E,10239;2559587;2732396;2732408;2732506;76804;2499399;11118;2501931;693996;2509480;11137,11137
human metapneumovirus,26700,Viruses;Riboviria;Orthornavirae;Negarnaviricota;Haploviricotina;Monjiviricetes;Mononegavirales;Pneumoviridae;Metapneumovirus;Metapneumovirus hominis;human metapneumovirus,10239;2559587;2732396;2497569;2497570;2497574;11157;11244;162387;3048148;162145,162145
Orthohantavirus moroense,26620,Viruses;Riboviria;Orthornavirae;Negarnaviricota;Polyploviricotina;Ellioviricetes;Bunyavirales;Hantaviridae;Mammantavirinae;Orthohantavirus;Orthohantavirus moroense,10239;2559587;2732396;2497569;2497571;2497576;1980410;1980413;2560074;1980442;3052487,3052487
Porcine deltacoronavirus,25444,Viruses;Riboviria;Orthornavirae;Pisuviricota;Pisoniviricetes;Nidovirales;Cornidovirineae;Coronaviridae;Orthocoronavirinae;Deltacoronavirus;Buldecovirus;Coronavirus HKU15;Porcine coronavirus HKU15;Porcine deltacoronavirus,10239;2559587;2732396;2732408;2732506;76804;2499399;11118;2501931;1159901;2509474;1965089;1159905;1586324,1586324
Lyssavirus aravan,25189,Viruses;Riboviria;Orthornavirae;Negarnaviricota;Haploviricotina;Monjiviricetes;Mononegavirales;Rhabdoviridae;Alpharhabdovirinae;Lyssavirus;Lyssavirus aravan,10239;2559587;2732396;2497569;2497570;2497574;11157;11270;2842407;11286;211977,211977
Orthonairovirus haemorrhagiae,24954,Viruses;Riboviria;Orthornavirae;Negarnaviricota;Polyploviricotina;Ellioviricetes;Bunyavirales;Nairoviridae;Orthonairovirus;Orthonairovirus haemorrhagiae,10239;2559587;2732396;2497569;2497571;2497576;1980410;1980415;1980517;3052518,3052518
Orthohantavirus sinnombreense,24635,Viruses;Riboviria;Orthornavirae;Negarnaviricota;Polyploviricotina;Ellioviricetes;Bunyavirales;Hantaviridae;Mammantavirinae;Orthohantavirus;Orthohantavirus sinnombreense,10239;2559587;2732396;2497569;2497571;2497576;1980410;1980413;2560074;1980442;3052499,3052499
Eothenomys miletus hantavirus LX309,24616,Viruses;Riboviria;Orthornavirae;Negarnaviricota;Polyploviricotina;Ellioviricetes;Bunyavirales;Hantaviridae;Mammantavirinae;Orthohantavirus;Orthohantavirus luxiense;Eothenomys miletus hantavirus LX309,10239;2559587;2732396;2497569;2497571;2497576;1980410;1980413;2560074;1980442;3052484;943342,943342
Mammarenavirus choriomeningitidis,24035,Viruses;Riboviria;Orthornavirae;Negarnaviricota;Polyploviricotina;Ellioviricetes;Bunyavirales;Arenaviridae;Mammarenavirus;Mammarenavirus choriomeningitidis,10239;2559587;2732396;2497569;2497571;2497576;1980410;11617;1653394;3052303,3052303
Lyssavirus khujand,23806,Viruses;Riboviria;Orthornavirae;Negarnaviricota;Haploviricotina;Monjiviricetes;Mononegavirales;Rhabdoviridae;Alpharhabdovirinae;Lyssavirus;Lyssavirus khujand,10239;2559587;2732396;2497569;2497570;2497574;11157;11270;2842407;11286;237716,237716
Gemykrogvirus,23762,Viruses;Monodnaviria;Shotokuvirae;Cressdnaviricota;Repensiviricetes;Geplafuvirales;Genomoviridae;Gemykrogvirus,10239;2731342;2732092;2732416;2732424;2732539;1910928;1985367,1985367
Lyssavirus australis,23740,Viruses;Riboviria;Orthornavirae;Negarnaviricota;Haploviricotina;Monjiviricetes;Mononegavirales;Rhabdoviridae;Alpharhabdovirinae;Lyssavirus;Lyssavirus australis,10239;2559587;2732396;2497569;2497570;2497574;11157;11270;2842407;11286;90961,90961
Ross River virus,23605,Viruses;Riboviria;Orthornavirae;Kitrinoviricota;Alsuviricetes;Martellivirales;Togaviridae;Alphavirus;Ross River virus,10239;2559587;2732396;2732406;2732461;2732544;11018;11019;11029,11029
Sand fever Naples-like virus,23585,Viruses;Riboviria;Orthornavirae;Negarnaviricota;Polyploviricotina;Ellioviricetes;Bunyavirales;Phenuiviridae;Phlebovirus;Sandfly fever Naples phlebovirus;Sand fever Naples-like virus,10239;2559587;2732396;2497569;2497571;2497576;1980410;1980418;11584;1933189;1048856,1048856
Mammalian orthoreovirus 3 Dearing,23570,Viruses;Riboviria;Orthornavirae;Duplornaviricota;Resentoviricetes;Reovirales;Spinareoviridae;Orthoreovirus;Mammalian orthoreovirus;Mammalian orthoreovirus 3;Mammalian orthoreovirus 3 Dearing,10239;2559587;2732396;2732405;2732459;2732541;2946187;10882;351073;538123;10886,10886
Eastern equine encephalitis virus,23378,Viruses;Riboviria;Orthornavirae;Kitrinoviricota;Alsuviricetes;Martellivirales;Togaviridae;Alphavirus;Eastern equine encephalitis virus,10239;2559587;2732396;2732406;2732461;2732544;11018;11019;11021,11021
Gambie virus,23304,Viruses;Riboviria;Orthornavirae;Negarnaviricota;Haploviricotina;Monjiviricetes;Mononegavirales;Xinmoviridae;Gambievirus;Gambievirus senegalense;Gambie virus,10239;2559587;2732396;2497569;2497570;2497574;11157;2501985;2948716;2955926;1903427,1903427
Sindbis virus,23257,Viruses;Riboviria;Orthornavirae;Kitrinoviricota;Alsuviricetes;Martellivirales;Togaviridae;Alphavirus;Sindbis virus,10239;2559587;2732396;2732406;2732461;2732544;11018;11019;11034,11034
Semliki Forest virus,23140,Viruses;Riboviria;Orthornavirae;Kitrinoviricota;Alsuviricetes;Martellivirales;Togaviridae;Alphavirus;Semliki Forest virus,10239;2559587;2732396;2732406;2732461;2732544;11018;11019;11033,11033
Echovirus E12,23135,Viruses;Riboviria;Orthornavirae;Pisuviricota;Pisoniviricetes;Picornavirales;Picornaviridae;Ensavirinae;Enterovirus;Enterovirus B;Echovirus E12,10239;2559587;2732396;2732408;2732506;464095;12058;2946630;12059;138949;35293,35293
Heartland virus,23079,Viruses;Riboviria;Orthornavirae;Negarnaviricota;Polyploviricotina;Ellioviricetes;Bunyavirales;Phenuiviridae;Bandavirus;Bandavirus heartlandense;Heartland virus,10239;2559587;2732396;2497569;2497571;2497576;1980410;1980418;2733256;3051992;1216928,1216928
Rhesus macaque parvovirus,23056,Viruses;Monodnaviria;Shotokuvirae;Cossaviricota;Quintoviricetes;Piccovirales;Parvoviridae;Parvovirinae;Erythroparvovirus;Erythroparvovirus primate3;Rhesus macaque parvovirus,10239;2731342;2732092;2732415;2732422;2732534;10780;40119;40121;3052191;119756,119756
Western equine encephalitis virus,22994,Viruses;Riboviria;Orthornavirae;Kitrinoviricota;Alsuviricetes;Martellivirales;Togaviridae;Alphavirus;Western equine encephalitis virus,10239;2559587;2732396;2732406;2732461;2732544;11018;11019;11039,11039
Barmah Forest virus,22968,Viruses;Riboviria;Orthornavirae;Kitrinoviricota;Alsuviricetes;Martellivirales;Togaviridae;Alphavirus;Barmah Forest virus,10239;2559587;2732396;2732406;2732461;2732544;11018;11019;11020,11020
Venezuelan equine encephalitis virus,22856,Viruses;Riboviria;Orthornavirae;Kitrinoviricota;Alsuviricetes;Martellivirales;Togaviridae;Alphavirus;Venezuelan equine encephalitis virus,10239;2559587;2732396;2732406;2732461;2732544;11018;11019;11036,11036
Mayaro virus,22787,Viruses;Riboviria;Orthornavirae;Kitrinoviricota;Alsuviricetes;Martellivirales;Togaviridae;Alphavirus;Mayaro virus,10239;2559587;2732396;2732406;2732461;2732544;11018;11019;59301,59301
Orungo virus,22650,Viruses;Riboviria;Orthornavirae;Duplornaviricota;Resentoviricetes;Reovirales;Sedoreoviridae;Orbivirus;Orungo virus,10239;2559587;2732396;2732405;2732459;2732541;2946186;10892;40058,40058
Norovirus GII,22613,Viruses;Riboviria;Orthornavirae;Pisuviricota;Pisoniviricetes;Picornavirales;Caliciviridae;Norovirus;Norwalk virus;Norovirus GII,10239;2559587;2732396;2732408;2732506;464095;11974;142786;11983;122929,122929
Coxsackievirus A11,22427,Viruses;Riboviria;Orthornavirae;Pisuviricota;Pisoniviricetes;Picornavirales;Picornaviridae;Ensavirinae;Enterovirus;Enterovirus C;Coxsackievirus A11,10239;2559587;2732396;2732408;2732506;464095;12058;2946630;12059;138950;42770,42770
Echovirus E16,22283,Viruses;Riboviria;Orthornavirae;Pisuviricota;Pisoniviricetes;Picornavirales;Picornaviridae;Ensavirinae;Enterovirus;Enterovirus B;Echovirus E16,10239;2559587;2732396;2732408;2732506;464095;12058;2946630;12059;138949;47504,47504
Enterovirus B93,22265,Viruses;Riboviria;Orthornavirae;Pisuviricota;Pisoniviricetes;Picornavirales;Picornaviridae;Ensavirinae;Enterovirus;Enterovirus B;Enterovirus B93,10239;2559587;2732396;2732408;2732506;464095;12058;2946630;12059;138949;991902,991902
Coxsackievirus A7,22209,Viruses;Riboviria;Orthornavirae;Pisuviricota;Pisoniviricetes;Picornavirales;Picornaviridae;Ensavirinae;Enterovirus;Enterovirus A;Coxsackievirus A7,10239;2559587;2732396;2732408;2732506;464095;12058;2946630;12059;138948;42787,42787
Coxsackievirus A1,22191,Viruses;Riboviria;Orthornavirae;Pisuviricota;Pisoniviricetes;Picornavirales;Picornaviridae;Ensavirinae;Enterovirus;Enterovirus C;Coxsackievirus A1,10239;2559587;2732396;2732408;2732506;464095;12058;2946630;12059;138950;42779,42779
Tick-borne encephalitis virus,22127,Viruses;Riboviria;Orthornavirae;Kitrinoviricota;Flasuviricetes;Amarillovirales;Flaviviridae;Orthoflavivirus;Orthoflavivirus encephalitidis;Tick-borne encephalitis virus,10239;2559587;2732396;2732406;2732462;2732545;11050;3044782;3052465;11084,11084
enterovirus C117,22090,Viruses;Riboviria;Orthornavirae;Pisuviricota;Pisoniviricetes;Picornavirales;Picornaviridae;Ensavirinae;Enterovirus;Enterovirus C;enterovirus C117,10239;2559587;2732396;2732408;2732506;464095;12058;2946630;12059;138950;2760819,2760819
enterovirus C118,22088,Viruses;Riboviria;Orthornavirae;Pisuviricota;Pisoniviricetes;Picornavirales;Picornaviridae;Ensavirinae;Enterovirus;Enterovirus C;enterovirus C118,10239;2559587;2732396;2732408;2732506;464095;12058;2946630;12059;138950;2760820,2760820
Coxsackievirus A22,22044,Viruses;Riboviria;Orthornavirae;Pisuviricota;Pisoniviricetes;Picornavirales;Picornaviridae;Ensavirinae;Enterovirus;Enterovirus C;Coxsackievirus A22,10239;2559587;2732396;2732408;2732506;464095;12058;2946630;12059;138950;42783,42783
Murray Valley encephalitis virus,22026,Viruses;Riboviria;Orthornavirae;Kitrinoviricota;Flasuviricetes;Amarillovirales;Flaviviridae;Orthoflavivirus;Orthoflavivirus murrayense;Murray Valley encephalitis virus,10239;2559587;2732396;2732406;2732462;2732545;11050;3044782;3048215;11079,11079
Enterovirus C109,22017,Viruses;Riboviria;Orthornavirae;Pisuviricota;Pisoniviricetes;Picornavirales;Picornaviridae;Ensavirinae;Enterovirus;Enterovirus C;Enterovirus C109,10239;2559587;2732396;2732408;2732506;464095;12058;2946630;12059;138950;861519,861519
West Nile virus,21934,Viruses;Riboviria;Orthornavirae;Kitrinoviricota;Flasuviricetes;Amarillovirales;Flaviviridae;Orthoflavivirus;Orthoflavivirus nilense;West Nile virus,10239;2559587;2732396;2732406;2732462;2732545;11050;3044782;3048448;11082,11082
Japanese encephalitis virus,21918,Viruses;Riboviria;Orthornavirae;Kitrinoviricota;Flasuviricetes;Amarillovirales;Flaviviridae;Orthoflavivirus;Orthoflavivirus japonicum;Japanese encephalitis virus,10239;2559587;2732396;2732406;2732462;2732545;11050;3044782;3048158;11072,11072
St. Louis encephalitis virus,21879,Viruses;Riboviria;Orthornavirae;Kitrinoviricota;Flasuviricetes;Amarillovirales;Flaviviridae;Orthoflavivirus;Orthoflavivirus louisense;St. Louis encephalitis virus,10239;2559587;2732396;2732406;2732462;2732545;11050;3044782;3052468;11080,11080
Yellow fever virus,21685,Viruses;Riboviria;Orthornavirae;Kitrinoviricota;Flasuviricetes;Amarillovirales;Flaviviridae;Orthoflavivirus;Orthoflavivirus flavi;Yellow fever virus,10239;2559587;2732396;2732406;2732462;2732545;11050;3044782;3046277;11089,11089
rhinovirus B14,21532,Viruses;Riboviria;Orthornavirae;Pisuviricota;Pisoniviricetes;Picornavirales;Picornaviridae;Ensavirinae;Enterovirus;Rhinovirus B;rhinovirus B14,10239;2559587;2732396;2732408;2732506;464095;12058;2946630;12059;147712;12131,12131
rhinovirus A85,21399,Viruses;Riboviria;Orthornavirae;Pisuviricota;Pisoniviricetes;Picornavirales;Picornaviridae;Ensavirinae;Enterovirus;Rhinovirus A;rhinovirus A85,10239;2559587;2732396;2732408;2732506;464095;12058;2946630;12059;147711;185937,185937
Rhinovirus A81,21382,Viruses;Riboviria;Orthornavirae;Pisuviricota;Pisoniviricetes;Picornavirales;Picornaviridae;Ensavirinae;Enterovirus;Rhinovirus A;Rhinovirus A81,10239;2559587;2732396;2732408;2732506;464095;12058;2946630;12059;147711;185935,185935
rhinovirus C55,21348,Viruses;Riboviria;Orthornavirae;Pisuviricota;Pisoniviricetes;Picornavirales;Picornaviridae;Ensavirinae;Enterovirus;Rhinovirus C;rhinovirus C55,10239;2559587;2732396;2732408;2732506;464095;12058;2946630;12059;463676;2555550,2555550
rhinovirus B86,21307,Viruses;Riboviria;Orthornavirae;Pisuviricota;Pisoniviricetes;Picornavirales;Picornaviridae;Ensavirinae;Enterovirus;Rhinovirus B;rhinovirus B86,10239;2559587;2732396;2732408;2732506;464095;12058;2946630;12059;147712;185938,185938
Souris virus,21292,Viruses;Riboviria;Orthornavirae;Negarnaviricota;Polyploviricotina;Ellioviricetes;Bunyavirales;Arenaviridae;Mammarenavirus;Mammarenavirus cameroonense;Souris virus,10239;2559587;2732396;2497569;2497571;2497576;1980410;11617;1653394;3052301;2010246,2010246
rhinovirus A94,21165,Viruses;Riboviria;Orthornavirae;Pisuviricota;Pisoniviricetes;Picornavirales;Picornaviridae;Ensavirinae;Enterovirus;Rhinovirus A;rhinovirus A94,10239;2559587;2732396;2732408;2732506;464095;12058;2946630;12059;147711;185941,185941
rhinovirus A53,21076,Viruses;Riboviria;Orthornavirae;Pisuviricota;Pisoniviricetes;Picornavirales;Picornaviridae;Ensavirinae;Enterovirus;Rhinovirus A;rhinovirus A53,10239;2559587;2732396;2732408;2732506;464095;12058;2946630;12059;147711;185913,185913
rhinovirus B70,21035,Viruses;Riboviria;Orthornavirae;Pisuviricota;Pisoniviricetes;Picornavirales;Picornaviridae;Ensavirinae;Enterovirus;Rhinovirus B;rhinovirus B70,10239;2559587;2732396;2732408;2732506;464095;12058;2946630;12059;147712;185926,185926
rhinovirus C31,20967,Viruses;Riboviria;Orthornavirae;Pisuviricota;Pisoniviricetes;Picornavirales;Picornaviridae;Ensavirinae;Enterovirus;Rhinovirus C;rhinovirus C31,10239;2559587;2732396;2732408;2732506;464095;12058;2946630;12059;463676;2045073,2045073
Paslahepevirus balayani,20869,Viruses;Riboviria;Orthornavirae;Kitrinoviricota;Alsuviricetes;Hepelivirales;Hepeviridae;Orthohepevirinae;Paslahepevirus;Paslahepevirus balayani,10239;2559587;2732396;2732406;2732461;2732543;3079366;2946639;2948857;1678143,1678143
Banna virus strain JKT-6423,20682,Viruses;Riboviria;Orthornavirae;Duplornaviricota;Resentoviricetes;Reovirales;Sedoreoviridae;Seadornavirus;Seadornavirus bannaense;Banna virus;Banna virus strain JKT-6423,10239;2559587;2732396;2732405;2732459;2732541;2946186;208294;3240447;77763;649604,649604
Nakaseomyces glabratus CBS 138,20063,cellular organisms;Eukaryota;Opisthokonta;Fungi;Dikarya;Ascomycota;saccharomyceta;Saccharomycotina;Saccharomycetes;Saccharomycetales;Saccharomycetaceae;Nakaseomyces;Nakaseomyces glabratus;Nakaseomyces glabratus CBS 138,131567;2759;33154;4751;451864;4890;716545;147537;4891;4892;4893;374468;5478;284593,284593
Rotavirus A,20050,Viruses;Riboviria;Orthornavirae;Duplornaviricota;Resentoviricetes;Reovirales;Sedoreoviridae;Rotavirus;Rotavirus A,10239;2559587;2732396;2732405;2732459;2732541;2946186;10912;28875,28875
Orthohantavirus nigrorivense,19979,Viruses;Riboviria;Orthornavirae;Negarnaviricota;Polyploviricotina;Ellioviricetes;Bunyavirales;Hantaviridae;Mammantavirinae;Orthohantavirus;Orthohantavirus nigrorivense,10239;2559587;2732396;2497569;2497571;2497576;1980410;1980413;2560074;1980442;3052490,3052490
Rubella virus,19523,Viruses;Riboviria;Orthornavirae;Kitrinoviricota;Alsuviricetes;Hepelivirales;Matonaviridae;Rubivirus;Rubivirus rubellae;Rubella virus,10239;2559587;2732396;2732406;2732461;2732543;2560066;11040;2846071;11041,11041
Pegivirus platyrrhini,19203,Viruses;Riboviria;Orthornavirae;Kitrinoviricota;Flasuviricetes;Amarillovirales;Flaviviridae;Pegivirus;Pegivirus platyrrhini,10239;2559587;2732396;2732406;2732462;2732545;11050;1307799;3052610,3052610
Zaire ebolavirus,18959,Viruses;Riboviria;Orthornavirae;Negarnaviricota;Haploviricotina;Monjiviricetes;Mononegavirales;Filoviridae;Orthoebolavirus;Orthoebolavirus zairense;Zaire ebolavirus,10239;2559587;2732396;2497569;2497570;2497574;11157;11266;3044781;3052462;186538,186538
Ebola virus,18957,Viruses;Riboviria;Orthornavirae;Negarnaviricota;Haploviricotina;Monjiviricetes;Mononegavirales;Filoviridae;Orthoebolavirus;Orthoebolavirus zairense;Zaire ebolavirus;Ebola virus,10239;2559587;2732396;2497569;2497570;2497574;11157;11266;3044781;3052462;186538;1570291,1570291
Bundibugyo virus,18940,Viruses;Riboviria;Orthornavirae;Negarnaviricota;Haploviricotina;Monjiviricetes;Mononegavirales;Filoviridae;Orthoebolavirus;Orthoebolavirus bundibugyoense;Bundibugyo virus,10239;2559587;2732396;2497569;2497570;2497574;11157;11266;3044781;3052458;565995,565995
Tai Forest ebolavirus,18935,Viruses;Riboviria;Orthornavirae;Negarnaviricota;Haploviricotina;Monjiviricetes;Mononegavirales;Filoviridae;Orthoebolavirus;Orthoebolavirus taiense;Tai Forest ebolavirus,10239;2559587;2732396;2497569;2497570;2497574;11157;11266;3044781;3052461;186541,186541
Reston ebolavirus,18883,Viruses;Riboviria;Orthornavirae;Negarnaviricota;Haploviricotina;Monjiviricetes;Mononegavirales;Filoviridae;Orthoebolavirus;Orthoebolavirus restonense;Reston ebolavirus,10239;2559587;2732396;2497569;2497570;2497574;11157;11266;3044781;3052459;186539,186539
Sudan ebolavirus,18875,Viruses;Riboviria;Orthornavirae;Negarnaviricota;Haploviricotina;Monjiviricetes;Mononegavirales;Filoviridae;Orthoebolavirus;Orthoebolavirus sudanense;Sudan ebolavirus,10239;2559587;2732396;2497569;2497570;2497574;11157;11266;3044781;3052460;186540,186540
Orthonairovirus dugbeense,18859,Viruses;Riboviria;Orthornavirae;Negarnaviricota;Polyploviricotina;Ellioviricetes;Bunyavirales;Nairoviridae;Orthonairovirus;Orthonairovirus dugbeense,10239;2559587;2732396;2497569;2497571;2497576;1980410;1980415;1980517;3052514,3052514
Beiji nairovirus,18570,Viruses;Riboviria;Orthornavirae;Negarnaviricota;Polyploviricotina;Ellioviricetes;Bunyavirales;Nairoviridae;Orthonairovirus;unclassified Nairovirus;Beiji nairovirus,10239;2559587;2732396;2497569;2497571;2497576;1980410;1980415;1980517;1340802;2304647,2304647
Orthohantavirus seoulense,18406,Viruses;Riboviria;Orthornavirae;Negarnaviricota;Polyploviricotina;Ellioviricetes;Bunyavirales;Hantaviridae;Mammantavirinae;Orthohantavirus;Orthohantavirus seoulense,10239;2559587;2732396;2497569;2497571;2497576;1980410;1980413;2560074;1980442;3052498,3052498
Langya virus,18402,Viruses;Riboviria;Orthornavirae;Negarnaviricota;Haploviricotina;Monjiviricetes;Mononegavirales;Paramyxoviridae;Orthoparamyxovirinae;Parahenipavirus;Langya virus,10239;2559587;2732396;2497569;2497570;2497574;11157;11158;2560076;3153022;2971765,2971765
Orthohantavirus dobravaense,18373,Viruses;Riboviria;Orthornavirae;Negarnaviricota;Polyploviricotina;Ellioviricetes;Bunyavirales;Hantaviridae;Mammantavirinae;Orthohantavirus;Orthohantavirus dobravaense,10239;2559587;2732396;2497569;2497571;2497576;1980410;1980413;2560074;1980442;3052477,3052477
Yezo virus,18127,Viruses;Riboviria;Orthornavirae;Negarnaviricota;Polyploviricotina;Ellioviricetes;Bunyavirales;Nairoviridae;Orthonairovirus;Orthonairovirus yezoense;Yezo virus,10239;2559587;2732396;2497569;2497571;2497576;1980410;1980415;1980517;3060506;2825847,2825847
Rotavirus C,17910,Viruses;Riboviria;Orthornavirae;Duplornaviricota;Resentoviricetes;Reovirales;Sedoreoviridae;Rotavirus;Rotavirus C,10239;2559587;2732396;2732405;2732459;2732541;2946186;10912;36427,36427
Mammarenavirus machupoense,17810,Viruses;Riboviria;Orthornavirae;Negarnaviricota;Polyploviricotina;Ellioviricetes;Bunyavirales;Arenaviridae;Mammarenavirus;Mammarenavirus machupoense,10239;2559587;2732396;2497569;2497571;2497576;1980410;11617;1653394;3052317,3052317
Human T-cell leukemia virus type I,17575,Viruses;Riboviria;Pararnavirae;Artverviricota;Revtraviricetes;Ortervirales;Retroviridae;Orthoretrovirinae;Deltaretrovirus;Primate T-lymphotropic virus 1;Human T-cell leukemia virus type I,10239;2559587;2732397;2732409;2732514;2169561;11632;327045;153136;194440;11908,11908
Batai virus,16609,Viruses;Riboviria;Orthornavirae;Negarnaviricota;Polyploviricotina;Ellioviricetes;Bunyavirales;Peribunyaviridae;Orthobunyavirus;Orthobunyavirus bataiense;Batai virus,10239;2559587;2732396;2497569;2497571;2497576;1980410;1980416;11572;3052371;80942,80942
Arbia virus,16526,Viruses;Riboviria;Orthornavirae;Negarnaviricota;Polyploviricotina;Ellioviricetes;Bunyavirales;Phenuiviridae;Phlebovirus;Sandfly fever Naples phlebovirus;Arbia virus,10239;2559587;2732396;2497569;2497571;2497576;1980410;1980418;11584;1933189;398316,398316
Measles morbillivirus,15894,Viruses;Riboviria;Orthornavirae;Negarnaviricota;Haploviricotina;Monjiviricetes;Mononegavirales;Paramyxoviridae;Orthoparamyxovirinae;Morbillivirus;Morbillivirus hominis;Measles morbillivirus,10239;2559587;2732396;2497569;2497570;2497574;11157;11158;2560076;11229;3052345;11234,11234
Human orthorubulavirus 2,15646,Viruses;Riboviria;Orthornavirae;Negarnaviricota;Haploviricotina;Monjiviricetes;Mononegavirales;Paramyxoviridae;Rubulavirinae;Orthorubulavirus;Orthorubulavirus laryngotracheitidis;Human orthorubulavirus 2,10239;2559587;2732396;2497569;2497570;2497574;11157;11158;2560080;2560195;3052557;2560525,2560525
Echovirus E20,15636,Viruses;Riboviria;Orthornavirae;Pisuviricota;Pisoniviricetes;Picornavirales;Picornaviridae;Ensavirinae;Enterovirus;Enterovirus B;Echovirus E20,10239;2559587;2732396;2732408;2732506;464095;12058;2946630;12059;138949;47508,47508
,15604,,,1000586
Human respirovirus 1,15600,Viruses;Riboviria;Orthornavirae;Negarnaviricota;Haploviricotina;Monjiviricetes;Mononegavirales;Paramyxoviridae;Feraresvirinae;Respirovirus;Respirovirus laryngotracheitidis;Human respirovirus 1,10239;2559587;2732396;2497569;2497570;2497574;11157;11158;3152209;186938;3049952;12730,12730
Sosuga virus,15480,Viruses;Riboviria;Orthornavirae;Negarnaviricota;Haploviricotina;Monjiviricetes;Mononegavirales;Paramyxoviridae;Rubulavirinae;Pararubulavirus;Pararubulavirus sosugaense;Sosuga virus,10239;2559587;2732396;2497569;2497570;2497574;11157;11158;2560080;2560200;3052600;1452514,1452514
parainfluenza virus 5,15246,Viruses;Riboviria;Orthornavirae;Negarnaviricota;Haploviricotina;Monjiviricetes;Mononegavirales;Paramyxoviridae;Rubulavirinae;Orthorubulavirus;Orthorubulavirus mammalis;parainfluenza virus 5,10239;2559587;2732396;2497569;2497570;2497574;11157;11158;2560080;2560195;3052558;2905673,2905673
avian paramyxovirus 1,15188,Viruses;Riboviria;Orthornavirae;Negarnaviricota;Haploviricotina;Monjiviricetes;Mononegavirales;Paramyxoviridae;Avulavirinae;Orthoavulavirus;Orthoavulavirus javaense;avian paramyxovirus 1,10239;2559587;2732396;2497569;2497570;2497574;11157;11158;2560069;2560194;3051375;2560319,2560319
Norovirus GIV,14946,Viruses;Riboviria;Orthornavirae;Pisuviricota;Pisoniviricetes;Picornavirales;Caliciviridae;Norovirus;Norwalk virus;Norovirus GIV,10239;2559587;2732396;2732408;2732506;464095;11974;142786;11983;262897,262897
Coxsackievirus A17,14942,Viruses;Riboviria;Orthornavirae;Pisuviricota;Pisoniviricetes;Picornavirales;Picornaviridae;Ensavirinae;Enterovirus;Enterovirus C;Coxsackievirus A17,10239;2559587;2732396;2732408;2732506;464095;12058;2946630;12059;138950;42775,42775
Echovirus E14,14918,Viruses;Riboviria;Orthornavirae;Pisuviricota;Pisoniviricetes;Picornavirales;Picornaviridae;Ensavirinae;Enterovirus;Enterovirus B;Echovirus E14,10239;2559587;2732396;2732408;2732506;464095;12058;2946630;12059;138949;47502,47502
Echovirus E5,14863,Viruses;Riboviria;Orthornavirae;Pisuviricota;Pisoniviricetes;Picornavirales;Picornaviridae;Ensavirinae;Enterovirus;Enterovirus B;Echovirus E5,10239;2559587;2732396;2732408;2732506;464095;12058;2946630;12059;138949;40280,40280
Echovirus E19,14863,Viruses;Riboviria;Orthornavirae;Pisuviricota;Pisoniviricetes;Picornavirales;Picornaviridae;Ensavirinae;Enterovirus;Enterovirus B;Echovirus E19,10239;2559587;2732396;2732408;2732506;464095;12058;2946630;12059;138949;47507,47507
Enterovirus B81,14834,Viruses;Riboviria;Orthornavirae;Pisuviricota;Pisoniviricetes;Picornavirales;Picornaviridae;Ensavirinae;Enterovirus;Enterovirus B;Enterovirus B81,10239;2559587;2732396;2732408;2732506;464095;12058;2946630;12059;138949;318564,318564
Enterovirus A120,14815,Viruses;Riboviria;Orthornavirae;Pisuviricota;Pisoniviricetes;Picornavirales;Picornaviridae;Ensavirinae;Enterovirus;Enterovirus A;Enterovirus A120,10239;2559587;2732396;2732408;2732506;464095;12058;2946630;12059;138948;1435148,1435148
Enterovirus B97,14807,Viruses;Riboviria;Orthornavirae;Pisuviricota;Pisoniviricetes;Picornavirales;Picornaviridae;Ensavirinae;Enterovirus;Enterovirus B;Enterovirus B97,10239;2559587;2732396;2732408;2732506;464095;12058;2946630;12059;138949;325446,325446
enterovirus D111,14806,Viruses;Riboviria;Orthornavirae;Pisuviricota;Pisoniviricetes;Picornavirales;Picornaviridae;Ensavirinae;Enterovirus;Enterovirus D;enterovirus D111,10239;2559587;2732396;2732408;2732506;464095;12058;2946630;12059;138951;1141754,1141754
enterovirus B79,14802,Viruses;Riboviria;Orthornavirae;Pisuviricota;Pisoniviricetes;Picornavirales;Picornaviridae;Ensavirinae;Enterovirus;Enterovirus B;enterovirus B79,10239;2559587;2732396;2732408;2732506;464095;12058;2946630;12059;138949;2760813,2760813
enterovirus D70,14781,Viruses;Riboviria;Orthornavirae;Pisuviricota;Pisoniviricetes;Picornavirales;Picornaviridae;Ensavirinae;Enterovirus;Enterovirus D;enterovirus D70,10239;2559587;2732396;2732408;2732506;464095;12058;2946630;12059;138951;12090,12090
enterovirus D94,14695,Viruses;Riboviria;Orthornavirae;Pisuviricota;Pisoniviricetes;Picornavirales;Picornaviridae;Ensavirinae;Enterovirus;Enterovirus D;enterovirus D94,10239;2559587;2732396;2732408;2732506;464095;12058;2946630;12059;138951;2015550,2015550
parechovirus A1,14678,Viruses;Riboviria;Orthornavirae;Pisuviricota;Pisoniviricetes;Picornavirales;Picornaviridae;Paavivirinae;Parechovirus;Parechovirus A;parechovirus A1,10239;2559587;2732396;2732408;2732506;464095;12058;2946640;138954;1803956;12063,12063
Enterovirus C113,14653,Viruses;Riboviria;Orthornavirae;Pisuviricota;Pisoniviricetes;Picornavirales;Picornaviridae;Ensavirinae;Enterovirus;Enterovirus C;Enterovirus C113,10239;2559587;2732396;2732408;2732506;464095;12058;2946630;12059;138950;2691036,2691036
Coxsackievirus A20,14534,Viruses;Riboviria;Orthornavirae;Pisuviricota;Pisoniviricetes;Picornavirales;Picornaviridae;Ensavirinae;Enterovirus;Enterovirus C;Coxsackievirus A20,10239;2559587;2732396;2732408;2732506;464095;12058;2946630;12059;138950;42782,42782
Influenza B virus (B/Lee/1940),14452,Viruses;Riboviria;Orthornavirae;Negarnaviricota;Polyploviricotina;Insthoviricetes;Articulavirales;Orthomyxoviridae;Betainfluenzavirus;Betainfluenzavirus influenzae;Influenza B virus;Influenza B virus (B/Lee/1940),10239;2559587;2732396;2497569;2497571;2497577;2499411;11308;197912;2955465;11520;518987,518987
Enterovirus B73,14405,Viruses;Riboviria;Orthornavirae;Pisuviricota;Pisoniviricetes;Picornavirales;Picornaviridae;Ensavirinae;Enterovirus;Enterovirus B;Enterovirus B73,10239;2559587;2732396;2732408;2732506;464095;12058;2946630;12059;138949;200154,200154
Coxsackievirus A19,14359,Viruses;Riboviria;Orthornavirae;Pisuviricota;Pisoniviricetes;Picornavirales;Picornaviridae;Ensavirinae;Enterovirus;Enterovirus C;Coxsackievirus A19,10239;2559587;2732396;2732408;2732506;464095;12058;2946630;12059;138950;42778,42778
rhinovirus B4,14347,Viruses;Riboviria;Orthornavirae;Pisuviricota;Pisoniviricetes;Picornavirales;Picornaviridae;Ensavirinae;Enterovirus;Rhinovirus B;rhinovirus B4,10239;2559587;2732396;2732408;2732506;464095;12058;2946630;12059;147712;185889,185889
rhinovirus A40,14308,Viruses;Riboviria;Orthornavirae;Pisuviricota;Pisoniviricetes;Picornavirales;Picornaviridae;Ensavirinae;Enterovirus;Rhinovirus A;rhinovirus A40,10239;2559587;2732396;2732408;2732506;464095;12058;2946630;12059;147711;185908,185908
rhinovirus A89,14302,Viruses;Riboviria;Orthornavirae;Pisuviricota;Pisoniviricetes;Picornavirales;Picornaviridae;Ensavirinae;Enterovirus;Rhinovirus A;rhinovirus A89,10239;2559587;2732396;2732408;2732506;464095;12058;2946630;12059;147711;12132,12132
rhinovirus A103,14275,Viruses;Riboviria;Orthornavirae;Pisuviricota;Pisoniviricetes;Picornavirales;Picornaviridae;Ensavirinae;Enterovirus;Rhinovirus A;rhinovirus A103,10239;2559587;2732396;2732408;2732506;464095;12058;2946630;12059;147711;1033850,1033850
rhinovirus A16,14266,Viruses;Riboviria;Orthornavirae;Pisuviricota;Pisoniviricetes;Picornavirales;Picornaviridae;Ensavirinae;Enterovirus;Rhinovirus A;rhinovirus A16,10239;2559587;2732396;2732408;2732506;464095;12058;2946630;12059;147711;31708,31708
rhinovirus C19,14203,Viruses;Riboviria;Orthornavirae;Pisuviricota;Pisoniviricetes;Picornavirales;Picornaviridae;Ensavirinae;Enterovirus;Rhinovirus C;rhinovirus C19,10239;2559587;2732396;2732408;2732506;464095;12058;2946630;12059;463676;1418043,1418043
rhinovirus C26,14192,Viruses;Riboviria;Orthornavirae;Pisuviricota;Pisoniviricetes;Picornavirales;Picornaviridae;Ensavirinae;Enterovirus;Rhinovirus C;rhinovirus C26,10239;2559587;2732396;2732408;2732506;464095;12058;2946630;12059;463676;2045069,2045069
rhinovirus A15,14187,Viruses;Riboviria;Orthornavirae;Pisuviricota;Pisoniviricetes;Picornavirales;Picornaviridae;Ensavirinae;Enterovirus;Rhinovirus A;rhinovirus A15,10239;2559587;2732396;2732408;2732506;464095;12058;2946630;12059;147711;185894,185894
rhinovirus A34,14173,Viruses;Riboviria;Orthornavirae;Pisuviricota;Pisoniviricetes;Picornavirales;Picornaviridae;Ensavirinae;Enterovirus;Rhinovirus A;rhinovirus A34,10239;2559587;2732396;2732408;2732506;464095;12058;2946630;12059;147711;185905,185905
rhinovirus A68,14146,Viruses;Riboviria;Orthornavirae;Pisuviricota;Pisoniviricetes;Picornavirales;Picornaviridae;Ensavirinae;Enterovirus;Rhinovirus A;rhinovirus A68,10239;2559587;2732396;2732408;2732506;464095;12058;2946630;12059;147711;185925,185925
rhinovirus C6,14087,Viruses;Riboviria;Orthornavirae;Pisuviricota;Pisoniviricetes;Picornavirales;Picornaviridae;Ensavirinae;Enterovirus;Rhinovirus C;rhinovirus C6,10239;2559587;2732396;2732408;2732506;464095;12058;2946630;12059;463676;1219378,1219378
Mammarenavirus lassaense,14058,Viruses;Riboviria;Orthornavirae;Negarnaviricota;Polyploviricotina;Ellioviricetes;Bunyavirales;Arenaviridae;Mammarenavirus;Mammarenavirus lassaense,10239;2559587;2732396;2497569;2497571;2497576;1980410;11617;1653394;3052310,3052310
Echovirus E24,14043,Viruses;Riboviria;Orthornavirae;Pisuviricota;Pisoniviricetes;Picornavirales;Picornaviridae;Ensavirinae;Enterovirus;Enterovirus B;Echovirus E24,10239;2559587;2732396;2732408;2732506;464095;12058;2946630;12059;138949;47510,47510
Lyssavirus rabies,13998,Viruses;Riboviria;Orthornavirae;Negarnaviricota;Haploviricotina;Monjiviricetes;Mononegavirales;Rhabdoviridae;Alpharhabdovirinae;Lyssavirus;Lyssavirus rabies,10239;2559587;2732396;2497569;2497570;2497574;11157;11270;2842407;11286;11292,11292
Rocahepevirus ratti,13946,Viruses;Riboviria;Orthornavirae;Kitrinoviricota;Alsuviricetes;Hepelivirales;Hepeviridae;Orthohepevirinae;Rocahepevirus;Rocahepevirus ratti,10239;2559587;2732396;2732406;2732461;2732543;3079366;2946639;2948883;1678145,1678145
Mammarenavirus juninense,13933,Viruses;Riboviria;Orthornavirae;Negarnaviricota;Polyploviricotina;Ellioviricetes;Bunyavirales;Arenaviridae;Mammarenavirus;Mammarenavirus juninense,10239;2559587;2732396;2497569;2497571;2497576;1980410;11617;1653394;2169991,2169991
Orthohantavirus andesense,13906,Viruses;Riboviria;Orthornavirae;Negarnaviricota;Polyploviricotina;Ellioviricetes;Bunyavirales;Hantaviridae;Mammantavirinae;Orthohantavirus;Orthohantavirus andesense,10239;2559587;2732396;2497569;2497571;2497576;1980410;1980413;2560074;1980442;1980456,1980456
rhinovirus B101,13848,Viruses;Riboviria;Orthornavirae;Pisuviricota;Pisoniviricetes;Picornavirales;Picornaviridae;Ensavirinae;Enterovirus;Rhinovirus B;rhinovirus B101,10239;2559587;2732396;2732408;2732506;464095;12058;2946630;12059;147712;2777137,2777137
Mammarenavirus guanaritoense,13769,Viruses;Riboviria;Orthornavirae;Negarnaviricota;Polyploviricotina;Ellioviricetes;Bunyavirales;Arenaviridae;Mammarenavirus;Mammarenavirus guanaritoense,10239;2559587;2732396;2497569;2497571;2497576;1980410;11617;1653394;3052307,3052307
Orthohantavirus tulaense,13751,Viruses;Riboviria;Orthornavirae;Negarnaviricota;Polyploviricotina;Ellioviricetes;Bunyavirales;Hantaviridae;Mammantavirinae;Orthohantavirus;Orthohantavirus tulaense,10239;2559587;2732396;2497569;2497571;2497576;1980410;1980413;2560074;1980442;3052503,3052503
rhinovirus A63,13745,Viruses;Riboviria;Orthornavirae;Pisuviricota;Pisoniviricetes;Picornavirales;Picornaviridae;Ensavirinae;Enterovirus;Rhinovirus A;rhinovirus A63,10239;2559587;2732396;2732408;2732506;464095;12058;2946630;12059;147711;185921,185921
Influenza A virus (A/New York/392/2004(H3N2)),13627,Viruses;Riboviria;Orthornavirae;Negarnaviricota;Polyploviricotina;Insthoviricetes;Articulavirales;Orthomyxoviridae;Alphainfluenzavirus;Alphainfluenzavirus influenzae;Influenza A virus;H3N2 subtype;Influenza A virus (A/New York/392/2004(H3N2)),10239;2559587;2732396;2497569;2497571;2497577;2499411;11308;197911;2955291;11320;119210;335341,335341
Influenza A virus (A/goose/Guangdong/1/1996(H5N1)),13590,Viruses;Riboviria;Orthornavirae;Negarnaviricota;Polyploviricotina;Insthoviricetes;Articulavirales;Orthomyxoviridae;Alphainfluenzavirus;Alphainfluenzavirus influenzae;Influenza A virus;H5N1 subtype;Influenza A virus (A/goose/Guangdong/1/1996(H5N1)),10239;2559587;2732396;2497569;2497571;2497577;2499411;11308;197911;2955291;11320;102793;93838,93838
Influenza A virus (A/Puerto Rico/8/1934(H1N1)),13588,Viruses;Riboviria;Orthornavirae;Negarnaviricota;Polyploviricotina;Insthoviricetes;Articulavirales;Orthomyxoviridae;Alphainfluenzavirus;Alphainfluenzavirus influenzae;Influenza A virus;H1N1 subtype;Influenza A virus (A/Puerto Rico/8/1934(H1N1)),10239;2559587;2732396;2497569;2497571;2497577;2499411;11308;197911;2955291;11320;114727;211044,211044
Human foamy virus,13242,Viruses;Riboviria;Pararnavirae;Artverviricota;Revtraviricetes;Ortervirales;Retroviridae;Spumaretrovirinae;Spumavirus;Simian foamy virus;Human foamy virus,10239;2559587;2732397;2732409;2732514;2169561;11632;327046;11640;11642;11641,11641
Lyssavirus irkut,13238,Viruses;Riboviria;Orthornavirae;Negarnaviricota;Haploviricotina;Monjiviricetes;Mononegavirales;Rhabdoviridae;Alpharhabdovirinae;Lyssavirus;Lyssavirus irkut,10239;2559587;2732396;2497569;2497570;2497574;11157;11270;2842407;11286;249583,249583
Central cimpanzee simian foamy virus,13220,Viruses;Riboviria;Pararnavirae;Artverviricota;Revtraviricetes;Ortervirales;Retroviridae;Spumaretrovirinae;Simiispumavirus;Central cimpanzee simian foamy virus,10239;2559587;2732397;2732409;2732514;2169561;11632;327046;2169668;2170194,2170194
Influenza A virus (A/Shanghai/02/2013(H7N9)),13191,Viruses;Riboviria;Orthornavirae;Negarnaviricota;Polyploviricotina;Insthoviricetes;Articulavirales;Orthomyxoviridae;Alphainfluenzavirus;Alphainfluenzavirus influenzae;Influenza A virus;H7N9 subtype;Influenza A virus (A/Shanghai/02/2013(H7N9)),10239;2559587;2732396;2497569;2497571;2497577;2499411;11308;197911;2955291;11320;333278;1332244,1332244
Influenza A virus (A/California/07/2009(H1N1)),13158,Viruses;Riboviria;Orthornavirae;Negarnaviricota;Polyploviricotina;Insthoviricetes;Articulavirales;Orthomyxoviridae;Alphainfluenzavirus;Alphainfluenzavirus influenzae;Influenza A virus;H1N1 subtype;Influenza A virus (A/California/07/2009(H1N1)),10239;2559587;2732396;2497569;2497571;2497577;2499411;11308;197911;2955291;11320;114727;641809,641809
Guenon simian foamy virus,13072,Viruses;Riboviria;Pararnavirae;Artverviricota;Revtraviricetes;Ortervirales;Retroviridae;Spumaretrovirinae;Simiispumavirus;Guenon simian foamy virus,10239;2559587;2732397;2732409;2732514;2169561;11632;327046;2169668;2170197,2170197
Orthobunyavirus tacaiumaense,13041,Viruses;Riboviria;Orthornavirae;Negarnaviricota;Polyploviricotina;Ellioviricetes;Bunyavirales;Peribunyaviridae;Orthobunyavirus;Orthobunyavirus tacaiumaense,10239;2559587;2732396;2497569;2497571;2497576;1980410;1980416;11572;3052444,3052444
Influenza C virus (C/Ann Arbor/1/50),12906,Viruses;Riboviria;Orthornavirae;Negarnaviricota;Polyploviricotina;Insthoviricetes;Articulavirales;Orthomyxoviridae;Gammainfluenzavirus;Gammainfluenzavirus influenzae;Influenza C virus;Influenza C virus (C/Ann Arbor/1/50),10239;2559587;2732396;2497569;2497571;2497577;2499411;11308;197913;2955935;11552;11553,11553
Cocle virus,12731,Viruses;Riboviria;Orthornavirae;Negarnaviricota;Polyploviricotina;Ellioviricetes;Bunyavirales;Phenuiviridae;Phlebovirus;Phlebovirus cocleense;Cocle virus,10239;2559587;2732396;2497569;2497571;2497576;1980410;1980418;11584;3052643;1649829,1649829
Oropouche virus,12706,Viruses;Riboviria;Orthornavirae;Negarnaviricota;Polyploviricotina;Ellioviricetes;Bunyavirales;Peribunyaviridae;Orthobunyavirus;Orthobunyavirus oropoucheense;Oropouche virus,10239;2559587;2732396;2497569;2497571;2497576;1980410;1980416;11572;3052429;118655,118655
Ekpoma virus 2,12674,Viruses;Riboviria;Orthornavirae;Negarnaviricota;Haploviricotina;Monjiviricetes;Mononegavirales;Rhabdoviridae;Alpharhabdovirinae;Tibrovirus;Tibrovirus betaekpoma;Ekpoma virus 2,10239;2559587;2732396;2497569;2497570;2497574;11157;11270;2842407;1299306;1987019;1987021,1987021
Ekpoma virus 1,12659,Viruses;Riboviria;Orthornavirae;Negarnaviricota;Haploviricotina;Monjiviricetes;Mononegavirales;Rhabdoviridae;Alpharhabdovirinae;Tibrovirus;Tibrovirus alphaekpoma;Ekpoma virus 1,10239;2559587;2732396;2497569;2497570;2497574;11157;11270;2842407;1299306;1987018;1987020,1987020
Punta Toro virus,12618,Viruses;Riboviria;Orthornavirae;Negarnaviricota;Polyploviricotina;Ellioviricetes;Bunyavirales;Phenuiviridae;Phlebovirus;Phlebovirus toroense;Punta Toro virus,10239;2559587;2732396;2497569;2497571;2497576;1980410;1980418;11584;3052684;11587,11587
Madrid virus,12604,Viruses;Riboviria;Orthornavirae;Negarnaviricota;Polyploviricotina;Ellioviricetes;Bunyavirales;Peribunyaviridae;Orthobunyavirus;Orthobunyavirus madridense;Madrid virus,10239;2559587;2732396;2497569;2497571;2497576;1980410;1980416;11572;3052413;348013,348013
sandfly fever Turkey virus,12603,Viruses;Riboviria;Orthornavirae;Negarnaviricota;Polyploviricotina;Ellioviricetes;Bunyavirales;Phenuiviridae;Phlebovirus;Phlebovirus siciliaense;sandfly fever Turkey virus,10239;2559587;2732396;2497569;2497571;2497576;1980410;1980418;11584;3052681;688699,688699
Huitzilac virus,12595,Viruses;Riboviria;Orthornavirae;Negarnaviricota;Polyploviricotina;Ellioviricetes;Bunyavirales;Hantaviridae;Mammantavirinae;Orthohantavirus;Orthohantavirus moroense;Huitzilac virus,10239;2559587;2732396;2497569;2497571;2497576;1980410;1980413;2560074;1980442;3052487;1000587,1000587
Orthobunyavirus bwambaense,12587,Viruses;Riboviria;Orthornavirae;Negarnaviricota;Polyploviricotina;Ellioviricetes;Bunyavirales;Peribunyaviridae;Orthobunyavirus;Orthobunyavirus bwambaense,10239;2559587;2732396;2497569;2497571;2497576;1980410;1980416;11572;3052384,3052384
Orthobunyavirus shuniense,12547,Viruses;Riboviria;Orthornavirae;Negarnaviricota;Polyploviricotina;Ellioviricetes;Bunyavirales;Peribunyaviridae;Orthobunyavirus;Orthobunyavirus shuniense,10239;2559587;2732396;2497569;2497571;2497576;1980410;1980416;11572;3052440,3052440
Echarate virus,12516,Viruses;Riboviria;Orthornavirae;Negarnaviricota;Polyploviricotina;Ellioviricetes;Bunyavirales;Phenuiviridae;Phlebovirus;Phlebovirus echarateense;Echarate virus,10239;2559587;2732396;2497569;2497571;2497576;1980410;1980418;11584;3052647;1000646,1000646
Chandiru virus,12495,Viruses;Riboviria;Orthornavirae;Negarnaviricota;Polyploviricotina;Ellioviricetes;Bunyavirales;Phenuiviridae;Phlebovirus;Phlebovirus candiruense;Chandiru virus,10239;2559587;2732396;2497569;2497571;2497576;1980410;1980418;11584;3052640;629725,629725
La Crosse virus,12491,Viruses;Riboviria;Orthornavirae;Negarnaviricota;Polyploviricotina;Ellioviricetes;Bunyavirales;Peribunyaviridae;Orthobunyavirus;Orthobunyavirus lacrosseense;La Crosse virus,10239;2559587;2732396;2497569;2497571;2497576;1980410;1980416;11572;3052409;11577,11577
Sandfly fever Naples virus,12488,Viruses;Riboviria;Orthornavirae;Negarnaviricota;Polyploviricotina;Ellioviricetes;Bunyavirales;Phenuiviridae;Phlebovirus;Phlebovirus napoliense;Sandfly fever Naples virus,10239;2559587;2732396;2497569;2497571;2497576;1980410;1980418;11584;3052666;206160,206160
Massilia virus,12485,Viruses;Riboviria;Orthornavirae;Negarnaviricota;Polyploviricotina;Ellioviricetes;Bunyavirales;Phenuiviridae;Phlebovirus;Phlebovirus massiliaense;Massilia virus,10239;2559587;2732396;2497569;2497571;2497576;1980410;1980418;11584;3052661;391640,391640
Sandfly fever Naples phlebovirus,12465,Viruses;Riboviria;Orthornavirae;Negarnaviricota;Polyploviricotina;Ellioviricetes;Bunyavirales;Phenuiviridae;Phlebovirus;Sandfly fever Naples phlebovirus,10239;2559587;2732396;2497569;2497571;2497576;1980410;1980418;11584;1933189,1933189
Orthobunyavirus wyeomyiae,12461,Viruses;Riboviria;Orthornavirae;Negarnaviricota;Polyploviricotina;Ellioviricetes;Bunyavirales;Peribunyaviridae;Orthobunyavirus;Orthobunyavirus wyeomyiae,10239;2559587;2732396;2497569;2497571;2497576;1980410;1980416;11572;3052456,3052456
Alenquer virus,12455,Viruses;Riboviria;Orthornavirae;Negarnaviricota;Polyploviricotina;Ellioviricetes;Bunyavirales;Phenuiviridae;Phlebovirus;Phlebovirus alenquerense;Alenquer virus,10239;2559587;2732396;2497569;2497571;2497576;1980410;1980418;11584;2734436;629726,629726
Mundri virus,12445,Viruses;Riboviria;Orthornavirae;Negarnaviricota;Haploviricotina;Monjiviricetes;Mononegavirales;Rhabdoviridae;Alpharhabdovirinae;Tibrovirus;Tibrovirus mundri;Mundri virus,10239;2559587;2732396;2497569;2497570;2497574;11157;11270;2842407;1299306;3060740;2913478,2913478
Monongahela hantavirus,12314,Viruses;Riboviria;Orthornavirae;Negarnaviricota;Polyploviricotina;Ellioviricetes;Bunyavirales;Hantaviridae;Mammantavirinae;Orthohantavirus;unclassified Orthohantavirus;Monongahela hantavirus,10239;2559587;2732396;2497569;2497571;2497576;1980410;1980413;2560074;1980442;1986491;2259728,2259728
Ilesha virus,12298,Viruses;Riboviria;Orthornavirae;Negarnaviricota;Polyploviricotina;Ellioviricetes;Bunyavirales;Peribunyaviridae;Orthobunyavirus;Orthobunyavirus ileshaense;Ilesha virus,10239;2559587;2732396;2497569;2497571;2497576;1980410;1980416;11572;3052399;273341,273341
Bunyamwera virus,12294,Viruses;Riboviria;Orthornavirae;Negarnaviricota;Polyploviricotina;Ellioviricetes;Bunyavirales;Peribunyaviridae;Orthobunyavirus;Orthobunyavirus bunyamweraense;Bunyamwera virus,10239;2559587;2732396;2497569;2497571;2497576;1980410;1980416;11572;3052381;35304,35304
Fort Sherman virus,12294,Viruses;Riboviria;Orthornavirae;Negarnaviricota;Polyploviricotina;Ellioviricetes;Bunyavirales;Peribunyaviridae;Orthobunyavirus;Orthobunyavirus shermanense;Fort Sherman virus,10239;2559587;2732396;2497569;2497571;2497576;1980410;1980416;11572;3052439;273345,273345
Guaroa virus,12265,Viruses;Riboviria;Orthornavirae;Negarnaviricota;Polyploviricotina;Ellioviricetes;Bunyavirales;Peribunyaviridae;Orthobunyavirus;Orthobunyavirus guaroaense;Guaroa virus,10239;2559587;2732396;2497569;2497571;2497576;1980410;1980416;11572;3052397;80941,80941
Snowshoe hare virus,12208,Viruses;Riboviria;Orthornavirae;Negarnaviricota;Polyploviricotina;Ellioviricetes;Bunyavirales;Peribunyaviridae;Orthobunyavirus;Orthobunyavirus khatangaense;Snowshoe hare virus,10239;2559587;2732396;2497569;2497571;2497576;1980410;1980416;11572;3052407;11580,11580
Orthohantavirus bayoui,12189,Viruses;Riboviria;Orthornavirae;Negarnaviricota;Polyploviricotina;Ellioviricetes;Bunyavirales;Hantaviridae;Mammantavirinae;Orthohantavirus;Orthohantavirus bayoui,10239;2559587;2732396;2497569;2497571;2497576;1980410;1980413;2560074;1980442;3052470,3052470
Tacheng Tick Virus 1,12186,Viruses;Riboviria;Orthornavirae;Negarnaviricota;Polyploviricotina;Ellioviricetes;Bunyavirales;Nairoviridae;Orthonairovirus;Orthonairovirus tachengense;Tacheng Tick Virus 1,10239;2559587;2732396;2497569;2497571;2497576;1980410;1980415;1980517;3052536;1608083,1608083
Maldonado virus,12121,Viruses;Riboviria;Orthornavirae;Negarnaviricota;Polyploviricotina;Ellioviricetes;Bunyavirales;Phenuiviridae;Phlebovirus;Phlebovirus maldonadoense;Maldonado virus,10239;2559587;2732396;2497569;2497571;2497576;1980410;1980418;11584;3052660;1004889,1004889
Granada virus,12102,Viruses;Riboviria;Orthornavirae;Negarnaviricota;Polyploviricotina;Ellioviricetes;Bunyavirales;Phenuiviridae;Phlebovirus;Sandfly fever Naples phlebovirus;Granada virus,10239;2559587;2732396;2497569;2497571;2497576;1980410;1980418;11584;1933189;904668,904668
Nairobi sheep disease virus,12081,Viruses;Riboviria;Orthornavirae;Negarnaviricota;Polyploviricotina;Ellioviricetes;Bunyavirales;Nairoviridae;Orthonairovirus;Orthonairovirus nairobiense;Nairobi sheep disease virus,10239;2559587;2732396;2497569;2497571;2497576;1980410;1980415;1980517;3052529;194540,194540
Catu virus,12024,Viruses;Riboviria;Orthornavirae;Negarnaviricota;Polyploviricotina;Ellioviricetes;Bunyavirales;Peribunyaviridae;Orthobunyavirus;Orthobunyavirus catuense;Catu virus,10239;2559587;2732396;2497569;2497571;2497576;1980410;1980416;11572;3052389;1678225,1678225
Rift Valley fever virus,11979,Viruses;Riboviria;Orthornavirae;Negarnaviricota;Polyploviricotina;Ellioviricetes;Bunyavirales;Phenuiviridae;Phlebovirus;Phlebovirus riftense;Rift Valley fever virus,10239;2559587;2732396;2497569;2497571;2497576;1980410;1980418;11584;3052676;11588,11588
Lyssavirus duvenhage,11976,Viruses;Riboviria;Orthornavirae;Negarnaviricota;Haploviricotina;Monjiviricetes;Mononegavirales;Rhabdoviridae;Alpharhabdovirinae;Lyssavirus;Lyssavirus duvenhage,10239;2559587;2732396;2497569;2497570;2497574;11157;11270;2842407;11286;38767,38767
European bat lyssavirus 1,11969,Viruses;Riboviria;Orthornavirae;Negarnaviricota;Haploviricotina;Monjiviricetes;Mononegavirales;Rhabdoviridae;Alpharhabdovirinae;Lyssavirus;Lyssavirus hamburg;European bat lyssavirus 1,10239;2559587;2732396;2497569;2497570;2497574;11157;11270;2842407;11286;2951618;57482,57482
Eastern chimpanzee simian foamy virus,11954,Viruses;Riboviria;Pararnavirae;Artverviricota;Revtraviricetes;Ortervirales;Retroviridae;Spumaretrovirinae;Simiispumavirus;Eastern chimpanzee simian foamy virus,10239;2559587;2732397;2732409;2732514;2169561;11632;327046;2169668;2170195,2170195
Lyssavirus mokola,11940,Viruses;Riboviria;Orthornavirae;Negarnaviricota;Haploviricotina;Monjiviricetes;Mononegavirales;Rhabdoviridae;Alpharhabdovirinae;Lyssavirus;Lyssavirus mokola,10239;2559587;2732396;2497569;2497570;2497574;11157;11270;2842407;11286;12538,12538
European bat lyssavirus 2,11930,Viruses;Riboviria;Orthornavirae;Negarnaviricota;Haploviricotina;Monjiviricetes;Mononegavirales;Rhabdoviridae;Alpharhabdovirinae;Lyssavirus;Lyssavirus helsinki;European bat lyssavirus 2,10239;2559587;2732396;2497569;2497570;2497574;11157;11270;2842407;11286;2951619;57483,57483
Anjozorobe virus,11910,Viruses;Riboviria;Orthornavirae;Negarnaviricota;Polyploviricotina;Ellioviricetes;Bunyavirales;Hantaviridae;Mammantavirinae;Orthohantavirus;Orthohantavirus thailandense;Anjozorobe virus,10239;2559587;2732396;2497569;2497571;2497576;1980410;1980413;2560074;1980442;3052501;1424613,1424613
Tibrovirus congo,11892,Viruses;Riboviria;Orthornavirae;Negarnaviricota;Haploviricotina;Monjiviricetes;Mononegavirales;Rhabdoviridae;Alpharhabdovirinae;Tibrovirus;Tibrovirus congo,10239;2559587;2732396;2497569;2497570;2497574;11157;11270;2842407;1299306;1987017,1987017
Hantavirus Z10,11850,Viruses;Riboviria;Orthornavirae;Negarnaviricota;Polyploviricotina;Ellioviricetes;Bunyavirales;Hantaviridae;Mammantavirinae;Orthohantavirus;unclassified Orthohantavirus;unclassified Hantavirus;Hantavirus Z10,10239;2559587;2732396;2497569;2497571;2497576;1980410;1980413;2560074;1980442;1986491;339351;93830,93830
Aura virus,11847,Viruses;Riboviria;Orthornavirae;Kitrinoviricota;Alsuviricetes;Martellivirales;Togaviridae;Alphavirus;Aura virus,10239;2559587;2732396;2732406;2732461;2732544;11018;11019;44158,44158
Amur virus,11847,Viruses;Riboviria;Orthornavirae;Negarnaviricota;Polyploviricotina;Ellioviricetes;Bunyavirales;Hantaviridae;Mammantavirinae;Orthohantavirus;Orthohantavirus hantanense;Amur virus,10239;2559587;2732396;2497569;2497571;2497576;1980410;1980413;2560074;1980442;3052480;86782,86782
Orthohantavirus hantanense,11845,Viruses;Riboviria;Orthornavirae;Negarnaviricota;Polyploviricotina;Ellioviricetes;Bunyavirales;Hantaviridae;Mammantavirinae;Orthohantavirus;Orthohantavirus hantanense,10239;2559587;2732396;2497569;2497571;2497576;1980410;1980413;2560074;1980442;3052480,3052480
Onyong-nyong virus,11835,Viruses;Riboviria;Orthornavirae;Kitrinoviricota;Alsuviricetes;Martellivirales;Togaviridae;Alphavirus;Onyong-nyong virus,10239;2559587;2732396;2732406;2732461;2732544;11018;11019;2169701,2169701
Chikungunya virus,11826,Viruses;Riboviria;Orthornavirae;Kitrinoviricota;Alsuviricetes;Martellivirales;Togaviridae;Alphavirus;Chikungunya virus,10239;2559587;2732396;2732406;2732461;2732544;11018;11019;37124,37124
Igbo Ora virus,11821,Viruses;Riboviria;Orthornavirae;Kitrinoviricota;Alsuviricetes;Martellivirales;Togaviridae;Alphavirus;Onyong-nyong virus;Igbo Ora virus,10239;2559587;2732396;2732406;2732461;2732544;11018;11019;2169701;79899,79899
Middelburg virus,11673,Viruses;Riboviria;Orthornavirae;Kitrinoviricota;Alsuviricetes;Martellivirales;Togaviridae;Alphavirus;Middelburg virus,10239;2559587;2732396;2732406;2732461;2732544;11018;11019;11023,11023
Madariaga virus,11561,Viruses;Riboviria;Orthornavirae;Kitrinoviricota;Alsuviricetes;Martellivirales;Togaviridae;Alphavirus;Madariaga virus,10239;2559587;2732396;2732406;2732461;2732544;11018;11019;1440170,1440170
Dar es Salaam virus TZ-189,11559,Viruses;Riboviria;Orthornavirae;Negarnaviricota;Polyploviricotina;Ellioviricetes;Bunyavirales;Phenuiviridae;Tanzavirus;Tanzavirus daressalaamense;Dar es Salaam virus TZ-189,10239;2559587;2732396;2497569;2497571;2497576;1980410;1980418;2843070;3052759;2576944,2576944
SFTS virus HB29,11490,Viruses;Riboviria;Orthornavirae;Negarnaviricota;Polyploviricotina;Ellioviricetes;Bunyavirales;Phenuiviridae;Bandavirus;Bandavirus dabieense;SFTS virus HB29,10239;2559587;2732396;2497569;2497571;2497576;1980410;1980418;2733256;2748958;992212,992212
Le Dantec virus,11450,Viruses;Riboviria;Orthornavirae;Negarnaviricota;Haploviricotina;Monjiviricetes;Mononegavirales;Rhabdoviridae;Alpharhabdovirinae;Ledantevirus;Ledantevirus ledantec;Le Dantec virus,10239;2559587;2732396;2497569;2497570;2497574;11157;11270;2842407;1978532;1978540;318848,318848
Zaliv Terpeniya virus,11372,Viruses;Riboviria;Orthornavirae;Negarnaviricota;Polyploviricotina;Ellioviricetes;Bunyavirales;Phenuiviridae;Uukuvirus;Uukuvirus tyulenyense;Zaliv Terpeniya virus,10239;2559587;2732396;2497569;2497571;2497576;1980410;1980418;2734594;3052809;2748235,2748235
Uukuniemi virus,11372,Viruses;Riboviria;Orthornavirae;Negarnaviricota;Polyploviricotina;Ellioviricetes;Bunyavirales;Phenuiviridae;Uukuvirus;Uukuvirus uukuniemiense;Uukuniemi virus,10239;2559587;2732396;2497569;2497571;2497576;1980410;1980418;2734594;3052811;11591,11591
Severe fever with thrombocytopenia syndrome virus,11272,Viruses;Riboviria;Orthornavirae;Negarnaviricota;Polyploviricotina;Ellioviricetes;Bunyavirales;Phenuiviridae;Bandavirus;Bandavirus dabieense;Severe fever with thrombocytopenia syndrome virus,10239;2559587;2732396;2497569;2497571;2497576;1980410;1980418;2733256;2748958;1003835,1003835
Vesicular stomatitis Indiana virus,11161,Viruses;Riboviria;Orthornavirae;Negarnaviricota;Haploviricotina;Monjiviricetes;Mononegavirales;Rhabdoviridae;Alpharhabdovirinae;Vesiculovirus;Vesiculovirus indiana;Vesicular stomatitis Indiana virus,10239;2559587;2732396;2497569;2497570;2497574;11157;11270;2842407;11271;1972577;11277,11277
Vesiculovirus jurona,11121,Viruses;Riboviria;Orthornavirae;Negarnaviricota;Haploviricotina;Monjiviricetes;Mononegavirales;Rhabdoviridae;Alpharhabdovirinae;Vesiculovirus;Vesiculovirus jurona,10239;2559587;2732396;2497569;2497570;2497574;11157;11270;2842407;11271;1972568,1972568
Chandipura virus,11120,Viruses;Riboviria;Orthornavirae;Negarnaviricota;Haploviricotina;Monjiviricetes;Mononegavirales;Rhabdoviridae;Alpharhabdovirinae;Vesiculovirus;Vesiculovirus chandipura;Chandipura virus,10239;2559587;2732396;2497569;2497570;2497574;11157;11270;2842407;11271;1972576;11272,11272
Isfahan virus,11088,Viruses;Riboviria;Orthornavirae;Negarnaviricota;Haploviricotina;Monjiviricetes;Mononegavirales;Rhabdoviridae;Alpharhabdovirinae;Vesiculovirus;Vesiculovirus isfahan;Isfahan virus,10239;2559587;2732396;2497569;2497570;2497574;11157;11270;2842407;11271;1972573;290008,290008
Usutu virus,11065,Viruses;Riboviria;Orthornavirae;Kitrinoviricota;Flasuviricetes;Amarillovirales;Flaviviridae;Orthoflavivirus;Orthoflavivirus usutuense;Usutu virus,10239;2559587;2732396;2732406;2732462;2732545;11050;3044782;3048443;64286,64286
Langat virus,10874,Viruses;Riboviria;Orthornavirae;Kitrinoviricota;Flasuviricetes;Amarillovirales;Flaviviridae;Orthoflavivirus;Orthoflavivirus langatense;Langat virus,10239;2559587;2732396;2732406;2732462;2732545;11050;3044782;3048175;11085,11085
Louping ill virus,10871,Viruses;Riboviria;Orthornavirae;Kitrinoviricota;Flasuviricetes;Amarillovirales;Flaviviridae;Orthoflavivirus;Orthoflavivirus loupingi;Louping ill virus,10239;2559587;2732396;2732406;2732462;2732545;11050;3044782;3048184;11086,11086
Wesselsbron virus,10814,Viruses;Riboviria;Orthornavirae;Kitrinoviricota;Flasuviricetes;Amarillovirales;Flaviviridae;Orthoflavivirus;Orthoflavivirus wesselsbronense;Wesselsbron virus,10239;2559587;2732396;2732406;2732462;2732545;11050;3044782;3048447;164416,164416
Alkhumra hemorrhagic fever virus,10775,Viruses;Riboviria;Orthornavirae;Kitrinoviricota;Flasuviricetes;Amarillovirales;Flaviviridae;Orthoflavivirus;Orthoflavivirus kyasanurense;Kyasanur Forest disease virus;Alkhumra hemorrhagic fever virus,10239;2559587;2732396;2732406;2732462;2732545;11050;3044782;3048170;33743;172148,172148
Kyasanur Forest disease virus,10774,Viruses;Riboviria;Orthornavirae;Kitrinoviricota;Flasuviricetes;Amarillovirales;Flaviviridae;Orthoflavivirus;Orthoflavivirus kyasanurense;Kyasanur Forest disease virus,10239;2559587;2732396;2732406;2732462;2732545;11050;3044782;3048170;33743,33743
Ilheus virus,10759,Viruses;Riboviria;Orthornavirae;Kitrinoviricota;Flasuviricetes;Amarillovirales;Flaviviridae;Orthoflavivirus;Orthoflavivirus ilheusense;Ilheus virus,10239;2559587;2732396;2732406;2732462;2732545;11050;3044782;3052466;59563,59563
dengue virus type 1,10735,Viruses;Riboviria;Orthornavirae;Kitrinoviricota;Flasuviricetes;Amarillovirales;Flaviviridae;Orthoflavivirus;Orthoflavivirus denguei;Dengue virus;dengue virus type 1,10239;2559587;2732396;2732406;2732462;2732545;11050;3044782;3052464;12637;11053,11053
Chicken stool-associated gemycircularvirus,10734,Viruses;Monodnaviria;Shotokuvirae;Cressdnaviricota;Repensiviricetes;Geplafuvirales;Genomoviridae;Gemykrogvirus;Gemykrogvirus galga2;Chicken stool-associated gemycircularvirus,10239;2731342;2732092;2732416;2732424;2732539;1910928;1985367;2844629;1930298,1930298
dengue virus type 2,10723,Viruses;Riboviria;Orthornavirae;Kitrinoviricota;Flasuviricetes;Amarillovirales;Flaviviridae;Orthoflavivirus;Orthoflavivirus denguei;Dengue virus;dengue virus type 2,10239;2559587;2732396;2732406;2732462;2732545;11050;3044782;3052464;12637;11060,11060
Thogotovirus dhoriense,10616,Viruses;Riboviria;Orthornavirae;Negarnaviricota;Polyploviricotina;Insthoviricetes;Articulavirales;Orthomyxoviridae;Thogotovirus;Thogotovirus dhoriense,10239;2559587;2732396;2497569;2497571;2497577;2499411;11308;35323;11318,11318
Mammarenavirus wenzhouense,10483,Viruses;Riboviria;Orthornavirae;Negarnaviricota;Polyploviricotina;Ellioviricetes;Bunyavirales;Arenaviridae;Mammarenavirus;Mammarenavirus wenzhouense,10239;2559587;2732396;2497569;2497571;2497576;1980410;11617;1653394;3052330,3052330
Mammarenavirus chapareense,10464,Viruses;Riboviria;Orthornavirae;Negarnaviricota;Polyploviricotina;Ellioviricetes;Bunyavirales;Arenaviridae;Mammarenavirus;Mammarenavirus chapareense,10239;2559587;2732396;2497569;2497571;2497576;1980410;11617;1653394;3052302,3052302
Powassan virus,10415,Viruses;Riboviria;Orthornavirae;Kitrinoviricota;Flasuviricetes;Amarillovirales;Flaviviridae;Orthoflavivirus;Orthoflavivirus powassanense;Powassan virus,10239;2559587;2732396;2732406;2732462;2732545;11050;3044782;3048287;11083,11083
Human immunodeficiency virus 2,10359,Viruses;Riboviria;Pararnavirae;Artverviricota;Revtraviricetes;Ortervirales;Retroviridae;Orthoretrovirinae;Lentivirus;Human immunodeficiency virus 2,10239;2559587;2732397;2732409;2732514;2169561;11632;327045;11646;11709,11709
Mammarenavirus lujoense,10352,Viruses;Riboviria;Orthornavirae;Negarnaviricota;Polyploviricotina;Ellioviricetes;Bunyavirales;Arenaviridae;Mammarenavirus;Mammarenavirus lujoense,10239;2559587;2732396;2497569;2497571;2497576;1980410;11617;1653394;3052314,3052314
Banzi virus,10182,Viruses;Riboviria;Orthornavirae;Kitrinoviricota;Flasuviricetes;Amarillovirales;Flaviviridae;Orthoflavivirus;Orthoflavivirus banziense;Banzi virus,10239;2559587;2732396;2732406;2732462;2732545;11050;3044782;3047395;38837,38837
Human pegivirus 2,9867,Viruses;Riboviria;Orthornavirae;Kitrinoviricota;Flasuviricetes;Amarillovirales;Flaviviridae;Pegivirus;Pegivirus columbiaense;Human pegivirus 2,10239;2559587;2732396;2732406;2732462;2732545;11050;1307799;3052606;1729141,1729141
Wuharv (rhesus) parvovirus 1,9818,Viruses;Monodnaviria;Shotokuvirae;Cossaviricota;Quintoviricetes;Piccovirales;Parvoviridae;Parvovirinae;Protoparvovirus;Protoparvovirus primate2;Wuharv (rhesus) parvovirus 1,10239;2731342;2732092;2732415;2732422;2732534;10780;40119;1506574;3052715;1245561,1245561
Hepatitis C virus genotype 1,9646,Viruses;Riboviria;Orthornavirae;Kitrinoviricota;Flasuviricetes;Amarillovirales;Flaviviridae;Hepacivirus;Hepacivirus hominis;Hepatitis C virus genotype 1,10239;2559587;2732396;2732406;2732462;2732545;11050;11102;3052230;41856,41856
Human hepegivirus,9538,Viruses;Riboviria;Orthornavirae;Kitrinoviricota;Flasuviricetes;Amarillovirales;Flaviviridae;Pegivirus;Pegivirus columbiaense;Human hepegivirus,10239;2559587;2732396;2732406;2732462;2732545;11050;1307799;3052606;1704090,1704090
Hepatitis C virus genotype 3,9456,Viruses;Riboviria;Orthornavirae;Kitrinoviricota;Flasuviricetes;Amarillovirales;Flaviviridae;Hepacivirus;Hepacivirus hominis;Hepatitis C virus genotype 3,10239;2559587;2732396;2732406;2732462;2732545;11050;11102;3052230;356114,356114
Hepatitis C virus genotype 7,9443,Viruses;Riboviria;Orthornavirae;Kitrinoviricota;Flasuviricetes;Amarillovirales;Flaviviridae;Hepacivirus;Hepacivirus hominis;Hepatitis C virus genotype 7,10239;2559587;2732396;2732406;2732462;2732545;11050;11102;3052230;1544901,1544901
GB virus C,9392,Viruses;Riboviria;Orthornavirae;Kitrinoviricota;Flasuviricetes;Amarillovirales;Flaviviridae;Pegivirus;Pegivirus hominis;GB virus C,10239;2559587;2732396;2732406;2732462;2732545;11050;1307799;3052608;54290,54290
Hepatitis C virus genotype 4,9355,Viruses;Riboviria;Orthornavirae;Kitrinoviricota;Flasuviricetes;Amarillovirales;Flaviviridae;Hepacivirus;Hepacivirus hominis;Hepatitis C virus genotype 4,10239;2559587;2732396;2732406;2732462;2732545;11050;11102;3052230;33745,33745
Hepatitis C virus genotype 5,9343,Viruses;Riboviria;Orthornavirae;Kitrinoviricota;Flasuviricetes;Amarillovirales;Flaviviridae;Hepacivirus;Hepacivirus hominis;Hepatitis C virus genotype 5,10239;2559587;2732396;2732406;2732462;2732545;11050;11102;3052230;33746,33746
Human pegivirus,9316,Viruses;Riboviria;Orthornavirae;Kitrinoviricota;Flasuviricetes;Amarillovirales;Flaviviridae;Pegivirus;Pegivirus platyrrhini;Human pegivirus,10239;2559587;2732396;2732406;2732462;2732545;11050;1307799;3052610;1758225,1758225
Lamedtorquevirus hominid11,9184,Viruses;Anelloviridae;Lamedtorquevirus;Lamedtorquevirus hominid11,10239;687329;3152494;3160829,3160829
Human immunodeficiency virus 1,9181,Viruses;Riboviria;Pararnavirae;Artverviricota;Revtraviricetes;Ortervirales;Retroviridae;Orthoretrovirinae;Lentivirus;Human immunodeficiency virus 1,10239;2559587;2732397;2732409;2732514;2169561;11632;327045;11646;11676,11676
Hepacivirus platyrrhini,9143,Viruses;Riboviria;Orthornavirae;Kitrinoviricota;Flasuviricetes;Amarillovirales;Flaviviridae;Hepacivirus;Hepacivirus platyrrhini,10239;2559587;2732396;2732406;2732462;2732545;11050;11102;3052236,3052236
Human T-lymphotropic virus 2,8952,Viruses;Riboviria;Pararnavirae;Artverviricota;Revtraviricetes;Ortervirales;Retroviridae;Orthoretrovirinae;Deltaretrovirus;Primate T-lymphotropic virus 2;Human T-lymphotropic virus 2,10239;2559587;2732397;2732409;2732514;2169561;11632;327045;153136;194441;11909,11909
rosavirus A2,8931,Viruses;Riboviria;Orthornavirae;Pisuviricota;Pisoniviricetes;Picornavirales;Picornaviridae;Kodimesavirinae;Rosavirus;Rosavirus A;rosavirus A2,10239;2559587;2732396;2732408;2732506;464095;12058;2946635;1511804;1511805;1511807,1511807
Human T-lymphotropic virus 3,8913,Viruses;Riboviria;Pararnavirae;Artverviricota;Revtraviricetes;Ortervirales;Retroviridae;Orthoretrovirinae;Deltaretrovirus;Primate T-lymphotropic virus 3;Human T-lymphotropic virus 3,10239;2559587;2732397;2732409;2732514;2169561;11632;327045;153136;194443;28332,28332
Orthobornavirus bornaense,8910,Viruses;Riboviria;Orthornavirae;Negarnaviricota;Haploviricotina;Monjiviricetes;Mononegavirales;Bornaviridae;Orthobornavirus;Orthobornavirus bornaense,10239;2559587;2732396;2497569;2497570;2497574;11157;178830;186458;1714619,1714619
Orthobornavirus sciuri,8850,Viruses;Riboviria;Orthornavirae;Negarnaviricota;Haploviricotina;Monjiviricetes;Mononegavirales;Bornaviridae;Orthobornavirus;Orthobornavirus sciuri,10239;2559587;2732396;2497569;2497570;2497574;11157;178830;186458;1897087,1897087
Human T-lymphotropic virus 4,8791,Viruses;Riboviria;Pararnavirae;Artverviricota;Revtraviricetes;Ortervirales;Retroviridae;Orthoretrovirinae;Deltaretrovirus;unclassified Deltaretrovirus;Human T-lymphotropic virus 4,10239;2559587;2732397;2732409;2732514;2169561;11632;327045;153136;347956;318279,318279
Hepatitis delta virus,8411,Viruses;Ribozyviria;Kolmioviridae;Deltavirus;Hepatitis delta virus,10239;2842242;2842321;39759;12475,12475
aichivirus A1,8251,Viruses;Riboviria;Orthornavirae;Pisuviricota;Pisoniviricetes;Picornavirales;Picornaviridae;Kodimesavirinae;Kobuvirus;Kobuvirus aichi;aichivirus A1,10239;2559587;2732396;2732408;2732506;464095;12058;2946635;194960;72149;1313215,1313215
DG-75 Murine leukemia virus,8207,Viruses;Riboviria;Pararnavirae;Artverviricota;Revtraviricetes;Ortervirales;Retroviridae;Orthoretrovirinae;Gammaretrovirus;Murine leukemia virus;unclassified Murine leukemia virus;DG-75 Murine leukemia virus,10239;2559587;2732397;2732409;2732514;2169561;11632;327045;153135;11786;368797;114654,114654
cardiovirus D1,8115,Viruses;Riboviria;Orthornavirae;Pisuviricota;Pisoniviricetes;Picornavirales;Picornaviridae;Caphthovirinae;Cardiovirus;Cardiovirus D;cardiovirus D1,10239;2559587;2732396;2732408;2732506;464095;12058;2946627;12103;2734523;2779847,2779847
Encephalomyocarditis virus,8066,Viruses;Riboviria;Orthornavirae;Pisuviricota;Pisoniviricetes;Picornavirales;Picornaviridae;Caphthovirinae;Cardiovirus;Cardiovirus A;Encephalomyocarditis virus,10239;2559587;2732396;2732408;2732506;464095;12058;2946627;12103;1821749;12104,12104
Salivirus A,7989,Viruses;Riboviria;Orthornavirae;Pisuviricota;Pisoniviricetes;Picornavirales;Picornaviridae;Kodimesavirinae;Salivirus;Salivirus A,10239;2559587;2732396;2732408;2732506;464095;12058;2946635;688449;1330524,1330524
Alphapapillomavirus 3,7989,Viruses;Monodnaviria;Shotokuvirae;Cossaviricota;Papovaviricetes;Zurhausenvirales;Papillomaviridae;Firstpapillomavirinae;Alphapapillomavirus;Alphapapillomavirus 3,10239;2731342;2732092;2732415;2732421;2732533;151340;2169595;333750;333767,333767
Salivirus NG-J1,7982,Viruses;Riboviria;Orthornavirae;Pisuviricota;Pisoniviricetes;Picornavirales;Picornaviridae;Kodimesavirinae;Salivirus;Salivirus A;Salivirus NG-J1,10239;2559587;2732396;2732408;2732506;464095;12058;2946635;688449;1330524;651733,651733
Human papillomavirus 5,7746,Viruses;Monodnaviria;Shotokuvirae;Cossaviricota;Papovaviricetes;Zurhausenvirales;Papillomaviridae;Firstpapillomavirinae;Betapapillomavirus;Betapapillomavirus 1;Human papillomavirus 5,10239;2731342;2732092;2732415;2732421;2732533;151340;2169595;333922;337051;333923,333923
Norovirus GI/Hu/JP/2007/GI.P3_GI.3/Shimizu/KK2866,7745,Viruses;Riboviria;Orthornavirae;Pisuviricota;Pisoniviricetes;Picornavirales;Caliciviridae;Norovirus;Norwalk virus;Norovirus GI;Norovirus genogroup 1 isolates;Norovirus GI/Hu/JP/2007/GI.P3_GI.3/Shimizu/KK2866,10239;2559587;2732396;2732408;2732506;464095;11974;142786;11983;122928;235544;1529909,1529909
Human papillomavirus type 34,7723,Viruses;Monodnaviria;Shotokuvirae;Cossaviricota;Papovaviricetes;Zurhausenvirales;Papillomaviridae;Firstpapillomavirinae;Alphapapillomavirus;Alphapapillomavirus 11;Human papillomavirus type 34,10239;2731342;2732092;2732415;2732421;2732533;151340;2169595;333750;337049;333764,333764
Cosavirus A,7632,Viruses;Riboviria;Orthornavirae;Pisuviricota;Pisoniviricetes;Picornavirales;Picornaviridae;Caphthovirinae;Cosavirus;Cosavirus A,10239;2559587;2732396;2732408;2732506;464095;12058;2946627;586418;1330491,1330491
Human papillomavirus type 41,7614,Viruses;Monodnaviria;Shotokuvirae;Cossaviricota;Papovaviricetes;Zurhausenvirales;Papillomaviridae;Firstpapillomavirinae;Nupapillomavirus;Nupapillomavirus 1;Human papillomavirus type 41,10239;2731342;2732092;2732415;2732421;2732533;151340;2169595;475861;334205;10589,10589
Ljungan virus,7590,Viruses;Riboviria;Orthornavirae;Pisuviricota;Pisoniviricetes;Picornavirales;Picornaviridae;Paavivirinae;Parechovirus;Parechovirus B;Ljungan virus,10239;2559587;2732396;2732408;2732506;464095;12058;2946640;138954;1803957;172314,172314
Norovirus GII.17,7556,Viruses;Riboviria;Orthornavirae;Pisuviricota;Pisoniviricetes;Picornavirales;Caliciviridae;Norovirus;Norwalk virus;Norovirus GII;Norovirus GII.17,10239;2559587;2732396;2732408;2732506;464095;11974;142786;11983;122929;552592,552592
Norovirus GII/Hu/JP/2007/GII.P15_GII.15/Sapporo/HK299,7551,Viruses;Riboviria;Orthornavirae;Pisuviricota;Pisoniviricetes;Picornavirales;Caliciviridae;Norovirus;Norwalk virus;Norovirus GII;Norovirus GII isolates;Norovirus GII/Hu/JP/2007/GII.P15_GII.15/Sapporo/HK299,10239;2559587;2732396;2732408;2732506;464095;11974;142786;11983;122929;490043;1529918,1529918
Norovirus GII/Hu/JP/2011/GII/Yuzawa/Gira2HS,7543,Viruses;Riboviria;Orthornavirae;Pisuviricota;Pisoniviricetes;Picornavirales;Caliciviridae;Norovirus;Norwalk virus;Norovirus GII;Norovirus GII isolates;Norovirus GII/Hu/JP/2011/GII/Yuzawa/Gira2HS,10239;2559587;2732396;2732408;2732506;464095;11974;142786;11983;122929;490043;1529924,1529924
parechovirus C1,7537,Viruses;Riboviria;Orthornavirae;Pisuviricota;Pisoniviricetes;Picornavirales;Picornaviridae;Paavivirinae;Parechovirus;Parechovirus C;parechovirus C1,10239;2559587;2732396;2732408;2732506;464095;12058;2946640;138954;2031165;1294177,1294177
Hepatovirus A,7478,Viruses;Riboviria;Orthornavirae;Pisuviricota;Pisoniviricetes;Picornavirales;Picornaviridae;Heptrevirinae;Hepatovirus;Hepatovirus A,10239;2559587;2732396;2732408;2732506;464095;12058;2946633;12091;12092,12092
Sapovirus C12,7476,Viruses;Riboviria;Orthornavirae;Pisuviricota;Pisoniviricetes;Picornavirales;Caliciviridae;Sapovirus;Sapporo virus;Sapovirus GII;Sapovirus C12,10239;2559587;2732396;2732408;2732506;464095;11974;95341;95342;515177;290314,290314
Sapovirus Hu/GI/Sapporo/MT-2010/1982,7433,Viruses;Riboviria;Orthornavirae;Pisuviricota;Pisoniviricetes;Picornavirales;Caliciviridae;Sapovirus;Sapporo virus;Sapovirus GI;Sapovirus Hu/GI/Sapporo/MT-2010/1982,10239;2559587;2732396;2732408;2732506;464095;11974;95341;95342;515176;758863,758863
Enterovirus A89,7429,Viruses;Riboviria;Orthornavirae;Pisuviricota;Pisoniviricetes;Picornavirales;Picornaviridae;Ensavirinae;Enterovirus;Enterovirus A;Enterovirus A89,10239;2559587;2732396;2732408;2732506;464095;12058;2946630;12059;138948;306586,306586
Echovirus E21,7426,Viruses;Riboviria;Orthornavirae;Pisuviricota;Pisoniviricetes;Picornavirales;Picornaviridae;Ensavirinae;Enterovirus;Enterovirus B;Echovirus E21,10239;2559587;2732396;2732408;2732506;464095;12058;2946630;12059;138949;47509,47509
Enterovirus B107,7423,Viruses;Riboviria;Orthornavirae;Pisuviricota;Pisoniviricetes;Picornavirales;Picornaviridae;Ensavirinae;Enterovirus;Enterovirus B;Enterovirus B107,10239;2559587;2732396;2732408;2732506;464095;12058;2946630;12059;138949;2487725,2487725
Enterovirus B87,7423,Viruses;Riboviria;Orthornavirae;Pisuviricota;Pisoniviricetes;Picornavirales;Picornaviridae;Ensavirinae;Enterovirus;Enterovirus B;Enterovirus B87,10239;2559587;2732396;2732408;2732506;464095;12058;2946630;12059;138949;318570,318570
Enterovirus B98,7422,Viruses;Riboviria;Orthornavirae;Pisuviricota;Pisoniviricetes;Picornavirales;Picornaviridae;Ensavirinae;Enterovirus;Enterovirus B;Enterovirus B98,10239;2559587;2732396;2732408;2732506;464095;12058;2946630;12059;138949;582384,582384
Enterovirus B84,7421,Viruses;Riboviria;Orthornavirae;Pisuviricota;Pisoniviricetes;Picornavirales;Picornaviridae;Ensavirinae;Enterovirus;Enterovirus B;Enterovirus B84,10239;2559587;2732396;2732408;2732506;464095;12058;2946630;12059;138949;318567,318567
Echovirus 9 strain Hill,7420,Viruses;Riboviria;Orthornavirae;Pisuviricota;Pisoniviricetes;Picornavirales;Picornaviridae;Ensavirinae;Enterovirus;Enterovirus B;Echovirus E9;Echovirus 9 strain Hill,10239;2559587;2732396;2732408;2732506;464095;12058;2946630;12059;138949;12060;103915,103915
Enterovirus B106,7420,Viruses;Riboviria;Orthornavirae;Pisuviricota;Pisoniviricetes;Picornavirales;Picornaviridae;Ensavirinae;Enterovirus;Enterovirus B;Enterovirus B106,10239;2559587;2732396;2732408;2732506;464095;12058;2946630;12059;138949;1248136,1248136
Echovirus E29,7410,Viruses;Riboviria;Orthornavirae;Pisuviricota;Pisoniviricetes;Picornavirales;Picornaviridae;Ensavirinae;Enterovirus;Enterovirus B;Echovirus E29,10239;2559587;2732396;2732408;2732506;464095;12058;2946630;12059;138949;47512,47512
Coxsackievirus A16 (strain CVA16-GZ),7409,Viruses;Riboviria;Orthornavirae;Pisuviricota;Pisoniviricetes;Picornavirales;Picornaviridae;Ensavirinae;Enterovirus;Enterovirus A;unclassified Enterovirus A;Coxsackievirus A16 (strain CVA16-GZ),10239;2559587;2732396;2732408;2732506;464095;12058;2946630;12059;138948;1530249;2152662,2152662
Enterovirus B74,7407,Viruses;Riboviria;Orthornavirae;Pisuviricota;Pisoniviricetes;Picornavirales;Picornaviridae;Ensavirinae;Enterovirus;Enterovirus B;Enterovirus B74,10239;2559587;2732396;2732408;2732506;464095;12058;2946630;12059;138949;222889,222889
Human enterovirus 71 HZ08/Hangzhou/2008,7405,Viruses;Riboviria;Orthornavirae;Pisuviricota;Pisoniviricetes;Picornavirales;Picornaviridae;Ensavirinae;Enterovirus;Enterovirus A;Enterovirus A71;Human enterovirus 71 HZ08/Hangzhou/2008,10239;2559587;2732396;2732408;2732506;464095;12058;2946630;12059;138948;39054;1006008,1006008
Echovirus E31,7393,Viruses;Riboviria;Orthornavirae;Pisuviricota;Pisoniviricetes;Picornavirales;Picornaviridae;Ensavirinae;Enterovirus;Enterovirus B;Echovirus E31,10239;2559587;2732396;2732408;2732506;464095;12058;2946630;12059;138949;47513,47513
Enterovirus C116,7385,Viruses;Riboviria;Orthornavirae;Pisuviricota;Pisoniviricetes;Picornavirales;Picornaviridae;Ensavirinae;Enterovirus;Enterovirus C;Enterovirus C116,10239;2559587;2732396;2732408;2732506;464095;12058;2946630;12059;138950;1134340,1134340
Torque teno virus 4,7380,Viruses;Anelloviridae;Alphatorquevirus;Alphatorquevirus homin4;Torque teno virus 4,10239;687329;687331;3048429;687343,687343
Echovirus E13,7366,Viruses;Riboviria;Orthornavirae;Pisuviricota;Pisoniviricetes;Picornavirales;Picornaviridae;Ensavirinae;Enterovirus;Enterovirus B;Echovirus E13,10239;2559587;2732396;2732408;2732506;464095;12058;2946630;12059;138949;47501,47501
Echovirus E2,7364,Viruses;Riboviria;Orthornavirae;Pisuviricota;Pisoniviricetes;Picornavirales;Picornaviridae;Ensavirinae;Enterovirus;Enterovirus B;Echovirus E2,10239;2559587;2732396;2732408;2732506;464095;12058;2946630;12059;138949;35294,35294
Human papillomavirus type 63,7348,Viruses;Monodnaviria;Shotokuvirae;Cossaviricota;Papovaviricetes;Zurhausenvirales;Papillomaviridae;Firstpapillomavirinae;Mupapillomavirus;Mupapillomavirus 2;Human papillomavirus type 63,10239;2731342;2732092;2732415;2732421;2732533;151340;2169595;334202;334204;28311,28311
Parechovirus A,7348,Viruses;Riboviria;Orthornavirae;Pisuviricota;Pisoniviricetes;Picornavirales;Picornaviridae;Paavivirinae;Parechovirus;Parechovirus A,10239;2559587;2732396;2732408;2732506;464095;12058;2946640;138954;1803956,1803956
Coxsackievirus B6,7340,Viruses;Riboviria;Orthornavirae;Pisuviricota;Pisoniviricetes;Picornavirales;Picornaviridae;Ensavirinae;Enterovirus;Enterovirus B;Coxsackievirus B6,10239;2559587;2732396;2732408;2732506;464095;12058;2946630;12059;138949;74561,74561
Human papillomavirus 184,7324,Viruses;Monodnaviria;Shotokuvirae;Cossaviricota;Papovaviricetes;Zurhausenvirales;Papillomaviridae;Firstpapillomavirinae;Gammapapillomavirus;Gammapapillomavirus 25;Human papillomavirus 184,10239;2731342;2732092;2732415;2732421;2732533;151340;2169595;325455;1961682;1472343,1472343
Human papillomavirus,7320,Viruses;Monodnaviria;Shotokuvirae;Cossaviricota;Papovaviricetes;Zurhausenvirales;Papillomaviridae;unclassified Papillomaviridae;Human papillomavirus types;Human papillomavirus,10239;2731342;2732092;2732415;2732421;2732533;151340;333774;173087;10566,10566
enterovirus A114,7317,Viruses;Riboviria;Orthornavirae;Pisuviricota;Pisoniviricetes;Picornavirales;Picornaviridae;Ensavirinae;Enterovirus;Enterovirus A;enterovirus A114,10239;2559587;2732396;2732408;2732506;464095;12058;2946630;12059;138948;2760809,2760809
Enterovirus C105,7316,Viruses;Riboviria;Orthornavirae;Pisuviricota;Pisoniviricetes;Picornavirales;Picornaviridae;Ensavirinae;Enterovirus;Enterovirus C;Enterovirus C105,10239;2559587;2732396;2732408;2732506;464095;12058;2946630;12059;138950;2749421,2749421
rhinovirus B42,7300,Viruses;Riboviria;Orthornavirae;Pisuviricota;Pisoniviricetes;Picornavirales;Picornaviridae;Ensavirinae;Enterovirus;Rhinovirus B;rhinovirus B42,10239;2559587;2732396;2732408;2732506;464095;12058;2946630;12059;147712;147683,147683
rhinovirus A45,7278,Viruses;Riboviria;Orthornavirae;Pisuviricota;Pisoniviricetes;Picornavirales;Picornaviridae;Ensavirinae;Enterovirus;Rhinovirus A;rhinovirus A45,10239;2559587;2732396;2732408;2732506;464095;12058;2946630;12059;147711;147676,147676
human papillomavirus 112,7227,Viruses;Monodnaviria;Shotokuvirae;Cossaviricota;Papovaviricetes;Zurhausenvirales;Papillomaviridae;Firstpapillomavirinae;Gammapapillomavirus;Gammapapillomavirus 8;human papillomavirus 112,10239;2731342;2732092;2732415;2732421;2732533;151340;2169595;325455;1175850;915427,915427
Cosavirus D,7215,Viruses;Riboviria;Orthornavirae;Pisuviricota;Pisoniviricetes;Picornavirales;Picornaviridae;Caphthovirinae;Cosavirus;Cosavirus D,10239;2559587;2732396;2732408;2732506;464095;12058;2946627;586418;2003650,2003650
Human cosavirus B,7205,Viruses;Riboviria;Orthornavirae;Pisuviricota;Pisoniviricetes;Picornavirales;Picornaviridae;Caphthovirinae;Cosavirus;Cosavirus B;Human cosavirus B,10239;2559587;2732396;2732408;2732506;464095;12058;2946627;586418;2003649;586420,586420
rhinovirus A73,7202,Viruses;Riboviria;Orthornavirae;Pisuviricota;Pisoniviricetes;Picornavirales;Picornaviridae;Ensavirinae;Enterovirus;Rhinovirus A;rhinovirus A73,10239;2559587;2732396;2732408;2732506;464095;12058;2946630;12059;147711;185928,185928
rhinovirus C5,7201,Viruses;Riboviria;Orthornavirae;Pisuviricota;Pisoniviricetes;Picornavirales;Picornaviridae;Ensavirinae;Enterovirus;Rhinovirus C;rhinovirus C5,10239;2559587;2732396;2732408;2732506;464095;12058;2946630;12059;463676;1418031,1418031
rhinovirus A88,7189,Viruses;Riboviria;Orthornavirae;Pisuviricota;Pisoniviricetes;Picornavirales;Picornaviridae;Ensavirinae;Enterovirus;Rhinovirus A;rhinovirus A88,10239;2559587;2732396;2732408;2732506;464095;12058;2946630;12059;147711;185939,185939
Hepatitis E virus,7176,Viruses;Riboviria;Orthornavirae;Kitrinoviricota;Alsuviricetes;Hepelivirales;Hepeviridae;unclassified Hepeviridae;Hepatitis E virus,10239;2559587;2732396;2732406;2732461;2732543;3079366;1009842;291484,291484
rhinovirus C51,7154,Viruses;Riboviria;Orthornavirae;Pisuviricota;Pisoniviricetes;Picornavirales;Picornaviridae;Ensavirinae;Enterovirus;Rhinovirus C;rhinovirus C51,10239;2559587;2732396;2732408;2732506;464095;12058;2946630;12059;463676;2777131,2777131
rhinovirus B97,7151,Viruses;Riboviria;Orthornavirae;Pisuviricota;Pisoniviricetes;Picornavirales;Picornaviridae;Ensavirinae;Enterovirus;Rhinovirus B;rhinovirus B97,10239;2559587;2732396;2732408;2732506;464095;12058;2946630;12059;147712;167330,167330
rhinovirus A41,7144,Viruses;Riboviria;Orthornavirae;Pisuviricota;Pisoniviricetes;Picornavirales;Picornaviridae;Ensavirinae;Enterovirus;Rhinovirus A;rhinovirus A41,10239;2559587;2732396;2732408;2732506;464095;12058;2946630;12059;147711;185909,185909
rhinovirus A57,7134,Viruses;Riboviria;Orthornavirae;Pisuviricota;Pisoniviricetes;Picornavirales;Picornaviridae;Ensavirinae;Enterovirus;Rhinovirus A;rhinovirus A57,10239;2559587;2732396;2732408;2732506;464095;12058;2946630;12059;147711;185917,185917
rhinovirus A56,7122,Viruses;Riboviria;Orthornavirae;Pisuviricota;Pisoniviricetes;Picornavirales;Picornaviridae;Ensavirinae;Enterovirus;Rhinovirus A;rhinovirus A56,10239;2559587;2732396;2732408;2732506;464095;12058;2946630;12059;147711;185916,185916
rhinovirus A51,7116,Viruses;Riboviria;Orthornavirae;Pisuviricota;Pisoniviricetes;Picornavirales;Picornaviridae;Ensavirinae;Enterovirus;Rhinovirus A;rhinovirus A51,10239;2559587;2732396;2732408;2732506;464095;12058;2946630;12059;147711;185912,185912
rhinovirus C23,7087,Viruses;Riboviria;Orthornavirae;Pisuviricota;Pisoniviricetes;Picornavirales;Picornaviridae;Ensavirinae;Enterovirus;Rhinovirus C;rhinovirus C23,10239;2559587;2732396;2732408;2732506;464095;12058;2946630;12059;463676;2045067,2045067
rhinovirus C27,7083,Viruses;Riboviria;Orthornavirae;Pisuviricota;Pisoniviricetes;Picornavirales;Picornaviridae;Ensavirinae;Enterovirus;Rhinovirus C;rhinovirus C27,10239;2559587;2732396;2732408;2732506;464095;12058;2946630;12059;463676;2045070,2045070
rhinovirus C47,7081,Viruses;Riboviria;Orthornavirae;Pisuviricota;Pisoniviricetes;Picornavirales;Picornaviridae;Ensavirinae;Enterovirus;Rhinovirus C;rhinovirus C47,10239;2559587;2732396;2732408;2732506;464095;12058;2946630;12059;463676;2035045,2035045
rhinovirus B83,7077,Viruses;Riboviria;Orthornavirae;Pisuviricota;Pisoniviricetes;Picornavirales;Picornaviridae;Ensavirinae;Enterovirus;Rhinovirus B;rhinovirus B83,10239;2559587;2732396;2732408;2732506;464095;12058;2946630;12059;147712;185936,185936
rhinovirus C28,7075,Viruses;Riboviria;Orthornavirae;Pisuviricota;Pisoniviricetes;Picornavirales;Picornaviridae;Ensavirinae;Enterovirus;Rhinovirus C;rhinovirus C28,10239;2559587;2732396;2732408;2732506;464095;12058;2946630;12059;463676;1418042,1418042
Rhinovirus C41,7070,Viruses;Riboviria;Orthornavirae;Pisuviricota;Pisoniviricetes;Picornavirales;Picornaviridae;Ensavirinae;Enterovirus;Rhinovirus C;Rhinovirus C41,10239;2559587;2732396;2732408;2732506;464095;12058;2946630;12059;463676;2045078,2045078
Human rhinovirus sp.,7040,Viruses;Riboviria;Orthornavirae;Pisuviricota;Pisoniviricetes;Picornavirales;Picornaviridae;Ensavirinae;Enterovirus;unclassified Rhinovirus;Human rhinovirus sp.,10239;2559587;2732396;2732408;2732506;464095;12058;2946630;12059;348531;169066,169066
rhinovirus C32,7039,Viruses;Riboviria;Orthornavirae;Pisuviricota;Pisoniviricetes;Picornavirales;Picornaviridae;Ensavirinae;Enterovirus;Rhinovirus C;rhinovirus C32,10239;2559587;2732396;2732408;2732506;464095;12058;2946630;12059;463676;1219405,1219405
rhinovirus A82,7033,Viruses;Riboviria;Orthornavirae;Pisuviricota;Pisoniviricetes;Picornavirales;Picornaviridae;Ensavirinae;Enterovirus;Rhinovirus A;rhinovirus A82,10239;2559587;2732396;2732408;2732506;464095;12058;2946630;12059;147711;167322,167322
rhinovirus C10,7010,Viruses;Riboviria;Orthornavirae;Pisuviricota;Pisoniviricetes;Picornavirales;Picornaviridae;Ensavirinae;Enterovirus;Rhinovirus C;rhinovirus C10,10239;2559587;2732396;2732408;2732506;464095;12058;2946630;12059;463676;1219419,1219419
Keystone virus,6963,Viruses;Riboviria;Orthornavirae;Negarnaviricota;Polyploviricotina;Ellioviricetes;Bunyavirales;Peribunyaviridae;Orthobunyavirus;Orthobunyavirus keystoneense;Keystone virus,10239;2559587;2732396;2497569;2497571;2497576;1980410;1980416;11572;3052406;35514,35514
Melao virus,6957,Viruses;Riboviria;Orthornavirae;Negarnaviricota;Polyploviricotina;Ellioviricetes;Bunyavirales;Peribunyaviridae;Orthobunyavirus;Orthobunyavirus melajoense;Melao virus,10239;2559587;2732396;2497569;2497571;2497576;1980410;1980416;11572;3052420;35515,35515
Human rhinovirus NAT001,6944,Viruses;Riboviria;Orthornavirae;Pisuviricota;Pisoniviricetes;Picornavirales;Picornaviridae;Ensavirinae;Enterovirus;Rhinovirus C;rhinovirus C1;Human rhinovirus NAT001,10239;2559587;2732396;2732408;2732506;464095;12058;2946630;12059;463676;1219416;992230,992230
Marituba virus,6936,Viruses;Riboviria;Orthornavirae;Negarnaviricota;Polyploviricotina;Ellioviricetes;Bunyavirales;Peribunyaviridae;Orthobunyavirus;Orthobunyavirus maritubaense;Marituba virus,10239;2559587;2732396;2497569;2497571;2497576;1980410;1980416;11572;3052418;292278,292278
Tataguine virus,6925,Viruses;Riboviria;Orthornavirae;Negarnaviricota;Polyploviricotina;Ellioviricetes;Bunyavirales;Peribunyaviridae;Orthobunyavirus;Orthobunyavirus tataguineense;Tataguine virus,10239;2559587;2732396;2497569;2497571;2497576;1980410;1980416;11572;3052446;1623310,1623310
Cache Valley virus,6871,Viruses;Riboviria;Orthornavirae;Negarnaviricota;Polyploviricotina;Ellioviricetes;Bunyavirales;Peribunyaviridae;Orthobunyavirus;Orthobunyavirus cacheense;Cache Valley virus,10239;2559587;2732396;2497569;2497571;2497576;1980410;1980416;11572;3052385;80935,80935
Caraparu virus,6850,Viruses;Riboviria;Orthornavirae;Negarnaviricota;Polyploviricotina;Ellioviricetes;Bunyavirales;Peribunyaviridae;Orthobunyavirus;Orthobunyavirus caraparuense;Caraparu virus,10239;2559587;2732396;2497569;2497571;2497576;1980410;1980416;11572;3052387;192196,192196
Umbre virus,6828,Viruses;Riboviria;Orthornavirae;Negarnaviricota;Polyploviricotina;Ellioviricetes;Bunyavirales;Peribunyaviridae;Orthobunyavirus;Orthobunyavirus turlockense;Umbre virus,10239;2559587;2732396;2497569;2497571;2497576;1980410;1980416;11572;3052452;552554,552554
Human astrovirus,6813,Viruses;Riboviria;Orthornavirae;Pisuviricota;Stelpaviricetes;Stellavirales;Astroviridae;unclassified Astroviridae;Human astrovirus,10239;2559587;2732396;2732408;2732507;2732551;39733;352926;1868658,1868658
Cosavirus F,6656,Viruses;Riboviria;Orthornavirae;Pisuviricota;Pisoniviricetes;Picornavirales;Picornaviridae;Caphthovirinae;Cosavirus;Cosavirus F,10239;2559587;2732396;2732408;2732506;464095;12058;2946627;586418;2003652,2003652
Tacheng Tick Virus 2,6656,Viruses;Riboviria;Orthornavirae;Negarnaviricota;Polyploviricotina;Ellioviricetes;Bunyavirales;Phenuiviridae;Uukuvirus;Uukuvirus tachengense;Tacheng Tick Virus 2,10239;2559587;2732396;2497569;2497571;2497576;1980410;1980418;2734594;3052808;1608084,1608084
Astrovirus VA1,6586,Viruses;Riboviria;Orthornavirae;Pisuviricota;Stelpaviricetes;Stellavirales;Astroviridae;Mamastrovirus;Mamastrovirus 9;Astrovirus VA1,10239;2559587;2732396;2732408;2732507;2732551;39733;249588;1239573;645687,645687
Cosavirus E,6580,Viruses;Riboviria;Orthornavirae;Pisuviricota;Pisoniviricetes;Picornavirales;Picornaviridae;Caphthovirinae;Cosavirus;Cosavirus E,10239;2559587;2732396;2732408;2732506;464095;12058;2946627;586418;2003651,2003651
Human astrovirus BF34,6577,Viruses;Riboviria;Orthornavirae;Pisuviricota;Stelpaviricetes;Stellavirales;Astroviridae;Mamastrovirus;unclassified Mamastrovirus;Burkina Faso astrovirus;Human astrovirus BF34,10239;2559587;2732396;2732408;2732507;2732551;39733;249588;526119;1518574;1518575,1518575
HMO Astrovirus A,6534,Viruses;Riboviria;Orthornavirae;Pisuviricota;Stelpaviricetes;Stellavirales;Astroviridae;Mamastrovirus;unclassified Mamastrovirus;HMO Astrovirus A,10239;2559587;2732396;2732408;2732507;2732551;39733;249588;526119;682382,682382
Kurkino virus,6532,Viruses;Riboviria;Orthornavirae;Negarnaviricota;Polyploviricotina;Ellioviricetes;Bunyavirales;Hantaviridae;Mammantavirinae;Orthohantavirus;Orthohantavirus dobravaense;Kurkino virus,10239;2559587;2732396;2497569;2497571;2497576;1980410;1980413;2560074;1980442;3052477;3116880,3116880
Torque teno virus,6459,Viruses;Anelloviridae;unclassified Anelloviridae;Torque teno virus,10239;687329;363628;68887,68887
Tobacco mosaic virus,6395,Viruses;Riboviria;Orthornavirae;Kitrinoviricota;Alsuviricetes;Martellivirales;Virgaviridae;Tobamovirus;Tobacco mosaic virus,10239;2559587;2732396;2732406;2732461;2732544;675071;12234;12242,12242
Hepatitis B virus,6364,Viruses;Riboviria;Pararnavirae;Artverviricota;Revtraviricetes;Blubervirales;Hepadnaviridae;Orthohepadnavirus;Hepatitis B virus,10239;2559587;2732397;2732409;2732514;2732515;10404;10405;10407,10407
Bhanja virus,6333,Viruses;Riboviria;Orthornavirae;Negarnaviricota;Polyploviricotina;Ellioviricetes;Bunyavirales;Phenuiviridae;Bandavirus;Bandavirus bhanjanagarense;Bhanja virus,10239;2559587;2732396;2497569;2497571;2497576;1980410;1980418;2733256;3051989;1213620,1213620
Astrovirus MLB1,6171,Viruses;Riboviria;Orthornavirae;Pisuviricota;Stelpaviricetes;Stellavirales;Astroviridae;Mamastrovirus;Mamastrovirus 6;Astrovirus MLB1,10239;2559587;2732396;2732408;2732507;2732551;39733;249588;1239570;568715,568715
Balkan virus,6092,Viruses;Riboviria;Orthornavirae;Negarnaviricota;Polyploviricotina;Ellioviricetes;Bunyavirales;Phenuiviridae;Phlebovirus;Sandfly fever Naples phlebovirus;Balkan virus,10239;2559587;2732396;2497569;2497571;2497576;1980410;1980418;11584;1933189;2034201,2034201
Plasmodium vivax Sal-1,5990,cellular organisms;Eukaryota;Sar;Alveolata;Apicomplexa;Aconoidasida;Haemosporida;Plasmodiidae;Plasmodium;Plasmodium (Plasmodium);Plasmodium vivax;Plasmodium vivax Sal-1,131567;2759;2698737;33630;5794;422676;5819;1639119;5820;418103;5855;126793,126793
New York virus,5746,Viruses;Riboviria;Orthornavirae;Negarnaviricota;Polyploviricotina;Ellioviricetes;Bunyavirales;Hantaviridae;Mammantavirinae;Orthohantavirus;Orthohantavirus sinnombreense;New York virus,10239;2559587;2732396;2497569;2497571;2497576;1980410;1980413;2560074;1980442;3052499;44755,44755
Human parvovirus B19,5596,Viruses;Monodnaviria;Shotokuvirae;Cossaviricota;Quintoviricetes;Piccovirales;Parvoviridae;Parvovirinae;Erythroparvovirus;Erythroparvovirus primate1;Human parvovirus B19,10239;2731342;2732092;2732415;2732422;2732534;10780;40119;40121;3052189;10798,10798
Betapolyomavirus macacae,5557,Viruses;Monodnaviria;Shotokuvirae;Cossaviricota;Papovaviricetes;Sepolyvirales;Polyomaviridae;Betapolyomavirus;Betapolyomavirus macacae,10239;2731342;2732092;2732415;2732421;2732532;151341;1891714;1891767,1891767
Bovine parvovirus 3,5426,Viruses;Monodnaviria;Shotokuvirae;Cossaviricota;Quintoviricetes;Piccovirales;Parvoviridae;Parvovirinae;Erythroparvovirus;Erythroparvovirus ungulate1;Bovine parvovirus 3,10239;2731342;2732092;2732415;2732422;2732534;10780;40119;40121;3052194;172297,172297
Merkel cell polyomavirus,5387,Viruses;Monodnaviria;Shotokuvirae;Cossaviricota;Papovaviricetes;Sepolyvirales;Polyomaviridae;Alphapolyomavirus;Alphapolyomavirus quintihominis;Merkel cell polyomavirus,10239;2731342;2732092;2732415;2732421;2732532;151341;1891713;1891726;493803,493803
Human bocavirus WLL-3,5297,Viruses;Monodnaviria;Shotokuvirae;Cossaviricota;Quintoviricetes;Piccovirales;Parvoviridae;Parvovirinae;Bocaparvovirus;unclassified Bocaparvovirus;Human bocavirus;Human bocavirus WLL-3,10239;2731342;2732092;2732415;2732422;2732534;10780;40119;1507401;1507402;329641;444473,444473
Human bocavirus WLL-1,5297,Viruses;Monodnaviria;Shotokuvirae;Cossaviricota;Quintoviricetes;Piccovirales;Parvoviridae;Parvovirinae;Bocaparvovirus;unclassified Bocaparvovirus;Human bocavirus;Human bocavirus WLL-1,10239;2731342;2732092;2732415;2732422;2732534;10780;40119;1507401;1507402;329641;394504,394504
Human bocavirus WLL-2,5297,Viruses;Monodnaviria;Shotokuvirae;Cossaviricota;Quintoviricetes;Piccovirales;Parvoviridae;Parvovirinae;Bocaparvovirus;unclassified Bocaparvovirus;Human bocavirus;Human bocavirus WLL-2,10239;2731342;2732092;2732415;2732422;2732534;10780;40119;1507401;1507402;329641;430048,430048
Human bocavirus isolate SH2,5277,Viruses;Monodnaviria;Shotokuvirae;Cossaviricota;Quintoviricetes;Piccovirales;Parvoviridae;Parvovirinae;Bocaparvovirus;unclassified Bocaparvovirus;Human bocavirus;Human bocavirus isolate SH2,10239;2731342;2732092;2732415;2732422;2732534;10780;40119;1507401;1507402;329641;1108926,1108926
Human bocavirus isolate SH1,5276,Viruses;Monodnaviria;Shotokuvirae;Cossaviricota;Quintoviricetes;Piccovirales;Parvoviridae;Parvovirinae;Bocaparvovirus;unclassified Bocaparvovirus;Human bocavirus;Human bocavirus isolate SH1,10239;2731342;2732092;2732415;2732422;2732534;10780;40119;1507401;1507402;329641;1108925,1108925
LI polyomavirus,5269,Viruses;Monodnaviria;Shotokuvirae;Cossaviricota;Papovaviricetes;Sepolyvirales;Polyomaviridae;Alphapolyomavirus;Alphapolyomavirus quardecihominis;LI polyomavirus,10239;2731342;2732092;2732415;2732421;2732532;151341;1891713;2734294;1965344,1965344
Human parvovirus 4 G1,5268,Viruses;Monodnaviria;Shotokuvirae;Cossaviricota;Quintoviricetes;Piccovirales;Parvoviridae;Parvovirinae;Tetraparvovirus;Tetraparvovirus primate1;Human parvovirus 4 G1,10239;2731342;2732092;2732415;2732422;2732534;10780;40119;1511911;3052770;1511919,1511919
Human bocavirus 3,5242,Viruses;Monodnaviria;Shotokuvirae;Cossaviricota;Quintoviricetes;Piccovirales;Parvoviridae;Parvovirinae;Bocaparvovirus;Bocaparvovirus primate1;Human bocavirus 3,10239;2731342;2732092;2732415;2732422;2732534;10780;40119;1507401;3052040;638313,638313
Trichodysplasia spinulosa-associated polyomavirus,5232,Viruses;Monodnaviria;Shotokuvirae;Cossaviricota;Papovaviricetes;Sepolyvirales;Polyomaviridae;Alphapolyomavirus;Alphapolyomavirus octihominis;Trichodysplasia spinulosa-associated polyomavirus,10239;2731342;2732092;2732415;2732421;2732532;151341;1891713;1891727;862909,862909
WU Polyomavirus,5229,Viruses;Monodnaviria;Shotokuvirae;Cossaviricota;Papovaviricetes;Sepolyvirales;Polyomaviridae;Betapolyomavirus;Betapolyomavirus quartihominis;WU Polyomavirus,10239;2731342;2732092;2732415;2732421;2732532;151341;1891714;1891765;440266,440266
Human bocavirus 2c PK,5196,Viruses;Monodnaviria;Shotokuvirae;Cossaviricota;Quintoviricetes;Piccovirales;Parvoviridae;Parvovirinae;Bocaparvovirus;Bocaparvovirus primate2;Human bocavirus 2c PK,10239;2731342;2732092;2732415;2732422;2732534;10780;40119;1507401;3052041;1511882,1511882
Betapolyomavirus hominis,5153,Viruses;Monodnaviria;Shotokuvirae;Cossaviricota;Papovaviricetes;Sepolyvirales;Polyomaviridae;Betapolyomavirus;Betapolyomavirus hominis,10239;2731342;2732092;2732415;2732421;2732532;151341;1891714;1891762,1891762
JC polyomavirus,5130,Viruses;Monodnaviria;Shotokuvirae;Cossaviricota;Papovaviricetes;Sepolyvirales;Polyomaviridae;Betapolyomavirus;Betapolyomavirus secuhominis;JC polyomavirus,10239;2731342;2732092;2732415;2732421;2732532;151341;1891714;1891763;10632,10632
New Jersey polyomavirus-2013,5108,Viruses;Monodnaviria;Shotokuvirae;Cossaviricota;Papovaviricetes;Sepolyvirales;Polyomaviridae;Alphapolyomavirus;Alphapolyomavirus terdecihominis;New Jersey polyomavirus-2013,10239;2731342;2732092;2732415;2732421;2732532;151341;1891713;1891728;1497391,1497391
Human bocavirus 4 NI,5104,Viruses;Monodnaviria;Shotokuvirae;Cossaviricota;Quintoviricetes;Piccovirales;Parvoviridae;Parvovirinae;Bocaparvovirus;Bocaparvovirus primate2;Human bocavirus 4 NI,10239;2731342;2732092;2732415;2732422;2732534;10780;40119;1507401;3052041;1511883,1511883
Betapolyomavirus tertihominis,5040,Viruses;Monodnaviria;Shotokuvirae;Cossaviricota;Papovaviricetes;Sepolyvirales;Polyomaviridae;Betapolyomavirus;Betapolyomavirus tertihominis,10239;2731342;2732092;2732415;2732421;2732532;151341;1891714;1891764,1891764
Human polyomavirus 9,5026,Viruses;Monodnaviria;Shotokuvirae;Cossaviricota;Papovaviricetes;Sepolyvirales;Polyomaviridae;Alphapolyomavirus;Alphapolyomavirus nonihominis;Human polyomavirus 9,10239;2731342;2732092;2732415;2732421;2732532;151341;1891713;2955297;943908,943908
Bat-associated densovirus 3,4967,Viruses;Monodnaviria;Shotokuvirae;Cossaviricota;Quintoviricetes;Piccovirales;Parvoviridae;Densovirinae;Blattambidensovirus;Blattambidensovirus incertum4;Bat-associated densovirus 3,10239;2731342;2732092;2732415;2732422;2732534;10780;40120;2733224;3059785;3070187,3070187
Human polyomavirus 7,4952,Viruses;Monodnaviria;Shotokuvirae;Cossaviricota;Papovaviricetes;Sepolyvirales;Polyomaviridae;Deltapolyomavirus;Deltapolyomavirus septihominis;Human polyomavirus 7,10239;2731342;2732092;2732415;2732421;2732532;151341;1891715;2955745;746831,746831
MW polyomavirus,4927,Viruses;Monodnaviria;Shotokuvirae;Cossaviricota;Papovaviricetes;Sepolyvirales;Polyomaviridae;Deltapolyomavirus;Deltapolyomavirus decihominis;MW polyomavirus,10239;2731342;2732092;2732415;2732421;2732532;151341;1891715;1208309;1203539,1203539
Human polyomavirus 6,4926,Viruses;Monodnaviria;Shotokuvirae;Cossaviricota;Papovaviricetes;Sepolyvirales;Polyomaviridae;Deltapolyomavirus;Deltapolyomavirus sextihominis;Human polyomavirus 6,10239;2731342;2732092;2732415;2732421;2732532;151341;1891715;2955746;746830,746830
STL polyomavirus,4776,Viruses;Monodnaviria;Shotokuvirae;Cossaviricota;Papovaviricetes;Sepolyvirales;Polyomaviridae;Deltapolyomavirus;Deltapolyomavirus undecihominis;STL polyomavirus,10239;2731342;2732092;2732415;2732421;2732532;151341;1891715;1891745;1277649,1277649
adeno-associated virus 2,4675,Viruses;Monodnaviria;Shotokuvirae;Cossaviricota;Quintoviricetes;Piccovirales;Parvoviridae;Parvovirinae;Dependoparvovirus;Dependoparvovirus primate1;adeno-associated virus 2,10239;2731342;2732092;2732415;2732422;2732534;10780;40119;10803;1511891;10804,10804
Caribou associated gemykrogvirus 1,4464,Viruses;Monodnaviria;Shotokuvirae;Cressdnaviricota;Repensiviricetes;Geplafuvirales;Genomoviridae;Gemykrogvirus;Gemykrogvirus carib1;Caribou associated gemykrogvirus 1,10239;2731342;2732092;2732416;2732424;2732539;1910928;1985367;2844627;1985417,1985417
Chicken genomovirus mg4_1165,4444,Viruses;Monodnaviria;Shotokuvirae;Cressdnaviricota;Repensiviricetes;Geplafuvirales;Genomoviridae;Gemykrogvirus;Gemykrogvirus galga5;Chicken genomovirus mg4_1165,10239;2731342;2732092;2732416;2732424;2732539;1910928;1985367;2844632;2720941,2720941
Apis mellifera genomovirus 2,4436,Viruses;Monodnaviria;Shotokuvirae;Cressdnaviricota;Repensiviricetes;Geplafuvirales;Genomoviridae;Gemykrogvirus;Gemykrogvirus apime1;Apis mellifera genomovirus 2,10239;2731342;2732092;2732416;2732424;2732539;1910928;1985367;2844625;2563838,2563838
Chicken genomovirus mg4_1173,4432,Viruses;Monodnaviria;Shotokuvirae;Cressdnaviricota;Repensiviricetes;Geplafuvirales;Genomoviridae;Gemykrogvirus;Gemykrogvirus galga3;Chicken genomovirus mg4_1173,10239;2731342;2732092;2732416;2732424;2732539;1910928;1985367;2844630;2720942,2720942
Tusavirus 1,4424,Viruses;Monodnaviria;Shotokuvirae;Cossaviricota;Quintoviricetes;Piccovirales;Parvoviridae;Parvovirinae;Protoparvovirus;Protoparvovirus incertum1;Tusavirus 1,10239;2731342;2732092;2732415;2732422;2732534;10780;40119;1506574;3052713;1560340,1560340
Chicken genomovirus mg7_78,4320,Viruses;Monodnaviria;Shotokuvirae;Cressdnaviricota;Repensiviricetes;Geplafuvirales;Genomoviridae;Gemykrogvirus;Gemykrogvirus galga4;Chicken genomovirus mg7_78,10239;2731342;2732092;2732416;2732424;2732539;1910928;1985367;2844631;2720951,2720951
Chicken genomovirus mg4_1247,4284,Viruses;Monodnaviria;Shotokuvirae;Cressdnaviricota;Repensiviricetes;Geplafuvirales;Genomoviridae;Gemykrogvirus;Gemykrogvirus galga1;Chicken genomovirus mg4_1247,10239;2731342;2732092;2732416;2732424;2732539;1910928;1985367;2844628;2720946,2720946
HCBI9.212 virus,4242,Viruses;Monodnaviria;Shotokuvirae;Cressdnaviricota;Repensiviricetes;Geplafuvirales;Genomoviridae;Gemykrogvirus;Gemykrogvirus bovas1;Bovine associated gemykrogvirus 1;HCBI9.212 virus,10239;2731342;2732092;2732416;2732424;2732539;1910928;1985367;2844626;1985416;1516080,1516080
Human picobirnavirus,4199,Viruses;Riboviria;Orthornavirae;Pisuviricota;Duplopiviricetes;Durnavirales;Picobirnaviridae;Orthopicobirnavirus;Orthopicobirnavirus hominis;Human picobirnavirus,10239;2559587;2732396;2732408;2732505;2732549;585893;2948851;2956252;145856,145856
Human circovirus,4045,Viruses;Monodnaviria;Shotokuvirae;Cressdnaviricota;Arfiviricetes;Cirlivirales;Circoviridae;Circovirus;unclassified Circovirus;Human circovirus,10239;2731342;2732092;2732416;2732423;2732536;39724;39725;345249;3298505,3298505
Influenza A virus (A/Korea/426/1968(H2N2)),3745,Viruses;Riboviria;Orthornavirae;Negarnaviricota;Polyploviricotina;Insthoviricetes;Articulavirales;Orthomyxoviridae;Alphainfluenzavirus;Alphainfluenzavirus influenzae;Influenza A virus;H2N2 subtype;Influenza A virus (A/Korea/426/1968(H2N2)),10239;2559587;2732396;2497569;2497571;2497577;2499411;11308;197911;2955291;11320;114729;488241,488241
Sabia virus,3366,Viruses;Riboviria;Orthornavirae;Negarnaviricota;Polyploviricotina;Ellioviricetes;Bunyavirales;Arenaviridae;Mammarenavirus;Mammarenavirus brazilense;Sabia virus,10239;2559587;2732396;2497569;2497571;2497576;1980410;11617;1653394;3052299;2907957,2907957
Torque teno virus 20,3234,Viruses;Anelloviridae;Alphatorquevirus;Alphatorquevirus homin20;Torque teno virus 20,10239;687329;687331;3048422;687359,687359
Torque teno midi virus 5,3208,Viruses;Anelloviridae;Gammatorquevirus;Gammatorquevirus homidi5;Torque teno midi virus 5,10239;687329;687333;3048390;2065046,2065046
Torque teno midi virus 11,3198,Viruses;Anelloviridae;Gammatorquevirus;Gammatorquevirus homidi11;Torque teno midi virus 11,10239;687329;687333;3048382;2065052,2065052
Simian immunodeficiency virus,3144,Viruses;Riboviria;Pararnavirae;Artverviricota;Revtraviricetes;Ortervirales;Retroviridae;Orthoretrovirinae;Lentivirus;Simian immunodeficiency virus,10239;2559587;2732397;2732409;2732514;2169561;11632;327045;11646;11723,11723
Human lung-associated vientovirus FB,3056,Viruses;Monodnaviria;Shotokuvirae;Cressdnaviricota;Arfiviricetes;Recrevirales;Redondoviridae;Torbevirus;Vientovirus;Human lung-associated vientovirus FB,10239;2731342;2732092;2732416;2732423;2732547;2732652;2732653;2732655;2571082,2571082
Memtorquevirus hominid13,2964,Viruses;Anelloviridae;Memtorquevirus;Memtorquevirus hominid13,10239;687329;3152495;3160827,3160827
Samektorquevirus hominid18,2940,Viruses;Anelloviridae;Samektorquevirus;Samektorquevirus hominid18,10239;687329;3152496;3160824,3160824
Torque teno mini virus 5,2908,Viruses;Anelloviridae;Betatorquevirus;Betatorquevirus homini5;Torque teno mini virus 5,10239;687329;687332;3048403;687373,687373
Human associated porprismacovirus,2607,Viruses;Monodnaviria;Shotokuvirae;Cressdnaviricota;Arfiviricetes;Cremevirales;Smacoviridae;Inpeasmacovirus;Inpeasmacovirus humas1;Human associated porprismacovirus,10239;2731342;2732092;2732416;2732423;2732537;2169574;2842760;2845010;2530494,2530494
Human associated porprismacovirus 2,2529,Viruses;Monodnaviria;Shotokuvirae;Cressdnaviricota;Arfiviricetes;Cremevirales;Smacoviridae;Porprismacovirus;Human associated porprismacovirus 2,10239;2731342;2732092;2732416;2732423;2732537;2169574;2169663;2170114,2170114
Human associated huchismacovirus 2,2471,Viruses;Monodnaviria;Shotokuvirae;Cressdnaviricota;Arfiviricetes;Cremevirales;Smacoviridae;Huchismacovirus;Human associated huchismacovirus 2,10239;2731342;2732092;2732416;2732423;2732537;2169574;2169662;2169935,2169935
Human associated huchismacovirus 1,2460,Viruses;Monodnaviria;Shotokuvirae;Cressdnaviricota;Arfiviricetes;Cremevirales;Smacoviridae;Huchismacovirus;Human associated huchismacovirus 1,10239;2731342;2732092;2732416;2732423;2732537;2169574;2169662;2169934,2169934
Human smacovirus 1,2460,Viruses;Monodnaviria;Shotokuvirae;Cressdnaviricota;Arfiviricetes;Cremevirales;Smacoviridae;Huchismacovirus;unclassified Huchismacovirus;Human smacovirus 1,10239;2731342;2732092;2732416;2732423;2732537;2169574;2169662;2498817;1595998,1595998
Human associated huchismacovirus 3,2459,Viruses;Monodnaviria;Shotokuvirae;Cressdnaviricota;Arfiviricetes;Cremevirales;Smacoviridae;Huchismacovirus;Human associated huchismacovirus 3,10239;2731342;2732092;2732416;2732423;2732537;2169574;2169662;2169936,2169936
Avian gyrovirus 2,2375,Viruses;Anelloviridae;Gyrovirus;Gyrovirus galga1;Avian gyrovirus 2,10239;687329;227307;2844800;1002273,1002273
Gyrovirus GyV3,2359,Viruses;Anelloviridae;Gyrovirus;Gyrovirus homsa1;Gyrovirus GyV3,10239;687329;227307;2844802;1163715,1163715
Chicken anemia virus,2316,Viruses;Anelloviridae;Gyrovirus;Gyrovirus chickenanemia;Chicken anemia virus,10239;687329;227307;3047743;12618,12618
Human associated gemyvongvirus 1,2272,Viruses;Monodnaviria;Shotokuvirae;Cressdnaviricota;Repensiviricetes;Geplafuvirales;Genomoviridae;Gemyvongvirus;Gemyvongvirus humas1;Human associated gemyvongvirus 1,10239;2731342;2732092;2732416;2732424;2732539;1910928;1985370;2844646;1985415,1985415
Human genital-associated circular DNA virus-1,2235,Viruses;Monodnaviria;Shotokuvirae;Cressdnaviricota;Repensiviricetes;Geplafuvirales;Genomoviridae;Gemygorvirus;Gemygorvirus sewopo1;sewage derived gemygorvirus 1;Human genital-associated circular DNA virus-1,10239;2731342;2732092;2732416;2732424;2732539;1910928;1985366;2844554;1985428;1488574,1488574
Human gemycircularvirus GeTz1,2202,Viruses;Monodnaviria;Shotokuvirae;Cressdnaviricota;Repensiviricetes;Geplafuvirales;Genomoviridae;Gemykibivirus;Gemykibivirus humas4;Human associated gemykibivirus 4;Human gemycircularvirus GeTz1,10239;2731342;2732092;2732416;2732424;2732539;1910928;1941236;2844584;2004961;1792832,1792832
bubaline-associated gemykrogvirus,2179,Viruses;Monodnaviria;Shotokuvirae;Cressdnaviricota;Repensiviricetes;Geplafuvirales;Genomoviridae;Gemykrogvirus;unclassified Gemykrogvirus;bubaline-associated gemykrogvirus,10239;2731342;2732092;2732416;2732424;2732539;1910928;1985367;2781371;2781372,2781372
Gemykrogvirus sp.,2157,Viruses;Monodnaviria;Shotokuvirae;Cressdnaviricota;Repensiviricetes;Geplafuvirales;Genomoviridae;Gemykrogvirus;unclassified Gemykrogvirus;Gemykrogvirus sp.,10239;2731342;2732092;2732416;2732424;2732539;1910928;1985367;2781371;2809428,2809428
sewage derived gemykrogvirus 1,2115,Viruses;Monodnaviria;Shotokuvirae;Cressdnaviricota;Repensiviricetes;Geplafuvirales;Genomoviridae;Gemykrogvirus;Gemykrogvirus sewopo1;sewage derived gemykrogvirus 1,10239;2731342;2732092;2732416;2732424;2732539;1910928;1985367;2844636;1985418,1985418
Sewage-associated gemycircularvirus 4,2115,Viruses;Monodnaviria;Shotokuvirae;Cressdnaviricota;Repensiviricetes;Geplafuvirales;Genomoviridae;Gemykrogvirus;Gemykrogvirus sewopo1;sewage derived gemykrogvirus 1;Sewage-associated gemycircularvirus 4,10239;2731342;2732092;2732416;2732424;2732539;1910928;1985367;2844636;1985418;1519399,1519399
Choclo virus,1971,Viruses;Riboviria;Orthornavirae;Negarnaviricota;Polyploviricotina;Ellioviricetes;Bunyavirales;Hantaviridae;Mammantavirinae;Orthohantavirus;Orthohantavirus chocloense;Choclo virus,10239;2559587;2732396;2497569;2497571;2497576;1980410;1980413;2560074;1980442;3052474;169173,169173
Bourbon virus,1961,Viruses;Riboviria;Orthornavirae;Negarnaviricota;Polyploviricotina;Insthoviricetes;Articulavirales;Orthomyxoviridae;Thogotovirus;Thogotovirus bourbonense;Bourbon virus,10239;2559587;2732396;2497569;2497571;2497577;2499411;11308;35323;2956523;1618189,1618189
Cyclovirus TN25,1867,Viruses;Monodnaviria;Shotokuvirae;Cressdnaviricota;Arfiviricetes;Cirlivirales;Circoviridae;Cyclovirus;Cyclovirus bashri;Human associated cyclovirus 4;Cyclovirus TN25,10239;2731342;2732092;2732416;2732423;2732536;39724;742914;3047962;2038722;742924,742924
Cyclovirus VN,1856,Viruses;Monodnaviria;Shotokuvirae;Cressdnaviricota;Arfiviricetes;Cirlivirales;Circoviridae;Cyclovirus;Cyclovirus nhanloai;Human associated cyclovirus 8;Cyclovirus VN,10239;2731342;2732092;2732416;2732423;2732536;39724;742914;3047966;2038726;1348500,1348500
Human cyclovirus VS5700009,1832,Viruses;Monodnaviria;Shotokuvirae;Cressdnaviricota;Arfiviricetes;Cirlivirales;Circoviridae;Cyclovirus;Cyclovirus munthu;Human associated cyclovirus 9;Human cyclovirus VS5700009,10239;2731342;2732092;2732416;2732423;2732536;39724;742914;3047967;2038727;1345637,1345637
Cyclovirus NG14,1795,Viruses;Monodnaviria;Shotokuvirae;Cressdnaviricota;Arfiviricetes;Cirlivirales;Circoviridae;Cyclovirus;Cyclovirus mutum;Human associated cyclovirus 7;Cyclovirus NG14,10239;2731342;2732092;2732416;2732423;2732536;39724;742914;3047965;2038725;742923,742923
Cyclovirus NG12,1794,Viruses;Monodnaviria;Shotokuvirae;Cressdnaviricota;Arfiviricetes;Cirlivirales;Circoviridae;Cyclovirus;Cyclovirus mmadu;Human associated cyclovirus 6;Cyclovirus NG12,10239;2731342;2732092;2732416;2732423;2732536;39724;742914;3047964;2038724;742922,742922
Human associated cyclovirus 10,1790,Viruses;Monodnaviria;Shotokuvirae;Cressdnaviricota;Arfiviricetes;Cirlivirales;Circoviridae;Cyclovirus;Cyclovirus humana;Human associated cyclovirus 10,10239;2731342;2732092;2732416;2732423;2732536;39724;742914;3047957;2038728,2038728
Cyclovirus PK5034,1780,Viruses;Monodnaviria;Shotokuvirae;Cressdnaviricota;Arfiviricetes;Cirlivirales;Circoviridae;Cyclovirus;Cyclovirus homa;Human associated cyclovirus 5;Cyclovirus PK5034,10239;2731342;2732092;2732416;2732423;2732536;39724;742914;3047963;2038723;742916,742916
Porcine circovirus 2,1767,Viruses;Monodnaviria;Shotokuvirae;Cressdnaviricota;Arfiviricetes;Cirlivirales;Circoviridae;Circovirus;Circovirus porcine2;Porcine circovirus 2,10239;2731342;2732092;2732416;2732423;2732536;39724;39725;3048279;85708,85708
Cyclovirus PK5510,1759,Viruses;Monodnaviria;Shotokuvirae;Cressdnaviricota;Arfiviricetes;Cirlivirales;Circoviridae;Cyclovirus;Cyclovirus maanav;Human associated cyclovirus 1;Cyclovirus PK5510,10239;2731342;2732092;2732416;2732423;2732536;39724;742914;3047956;2038719;742918,742918
Cyclovirus PK5222,1740,Viruses;Monodnaviria;Shotokuvirae;Cressdnaviricota;Arfiviricetes;Cirlivirales;Circoviridae;Cyclovirus;Cyclovirus manukha;Human associated cyclovirus 3;Cyclovirus PK5222,10239;2731342;2732092;2732416;2732423;2732536;39724;742914;3047961;2038721;742917,742917
Indian encephalitis associated cyclovirus,1723,Viruses;Monodnaviria;Shotokuvirae;Cressdnaviricota;Arfiviricetes;Cirlivirales;Circoviridae;Cyclovirus;Cyclovirus manusyan;Human associated cyclovirus 12;Indian encephalitis associated cyclovirus,10239;2731342;2732092;2732416;2732423;2732536;39724;742914;3047959;2169855;1755290,1755290
Cyclovirus PK5006,1723,Viruses;Monodnaviria;Shotokuvirae;Cressdnaviricota;Arfiviricetes;Cirlivirales;Circoviridae;Cyclovirus;Cyclovirus insaan;Human associated cyclovirus 2;Cyclovirus PK5006,10239;2731342;2732092;2732416;2732423;2732536;39724;742914;3047960;2038720;742915,742915
Cyclovirus SL-108277,1710,Viruses;Monodnaviria;Shotokuvirae;Cressdnaviricota;Arfiviricetes;Cirlivirales;Circoviridae;Cyclovirus;Cyclovirus manitan;Human associated cyclovirus 11;Cyclovirus SL-108277,10239;2731342;2732092;2732416;2732423;2732536;39724;742914;3047958;1987745;1520935,1520935
Hantaanvirus CGHu3614,1700,Viruses;Riboviria;Orthornavirae;Negarnaviricota;Polyploviricotina;Ellioviricetes;Bunyavirales;Hantaviridae;Mammantavirinae;Orthohantavirus;Orthohantavirus hantanense;Hantaanvirus CGHu3614,10239;2559587;2732396;2497569;2497571;2497576;1980410;1980413;2560074;1980442;3052480;458672,458672
Human stool-associated circular virus NG13,1699,Viruses;Monodnaviria;Shotokuvirae;Cressdnaviricota;Arfiviricetes;Cirlivirales;Circoviridae;Circovirus;Circovirus eniyan;Human stool-associated circular virus NG13,10239;2731342;2732092;2732416;2732423;2732536;39724;39725;3052121;743300,743300
hepatitis D virus 2,1684,Viruses;Ribozyviria;Kolmioviridae;Deltavirus;Deltavirus japanense;hepatitis D virus 2,10239;2842242;2842321;39759;2844075;2847174,2847174
hepatitis D virus 4,1676,Viruses;Ribozyviria;Kolmioviridae;Deltavirus;Deltavirus taiwanense;hepatitis D virus 4,10239;2842242;2842321;39759;2844078;2847176,2847176
hepatitis D virus 1,1676,Viruses;Ribozyviria;Kolmioviridae;Deltavirus;Deltavirus italiense;hepatitis D virus 1,10239;2842242;2842321;39759;2844074;2847173,2847173
hepatitis D virus 3,1673,Viruses;Ribozyviria;Kolmioviridae;Deltavirus;Deltavirus peruense;hepatitis D virus 3,10239;2842242;2842321;39759;2844076;2847175,2847175
Pteropine orthoreovirus Sikamat/MYS/2010,1603,Viruses;Riboviria;Orthornavirae;Duplornaviricota;Resentoviricetes;Reovirales;Spinareoviridae;Orthoreovirus;Nelson Bay orthoreovirus;Pteropine orthoreovirus Sikamat/MYS/2010,10239;2559587;2732396;2732405;2732459;2732541;2946187;10882;118027;1109732,1109732
Trematomus bernacchii,1527,cellular organisms;Eukaryota;Opisthokonta;Metazoa;Eumetazoa;Bilateria;Deuterostomia;Chordata;Craniata;Vertebrata;Gnathostomata;Teleostomi;Euteleostomi;Actinopterygii;Actinopteri;Neopterygii;Teleostei;Osteoglossocephalai;Clupeocephala;Euteleosteomorpha;Neoteleostei;Eurypterygia;Ctenosquamata;Acanthomorphata;Euacanthomorphacea;Percomorphaceae;Eupercaria;Perciformes;Notothenioidei;Nototheniidae;Trematomus;Trematomus bernacchii,131567;2759;33154;33208;6072;33213;33511;7711;89593;7742;7776;117570;117571;7898;186623;41665;32443;1489341;186625;1489388;123365;123366;123367;123368;123369;1489872;1489922;8111;8205;8206;35729;40690,40690
Omsk hemorrhagic fever virus,1488,Viruses;Riboviria;Orthornavirae;Kitrinoviricota;Flasuviricetes;Amarillovirales;Flaviviridae;Orthoflavivirus;Orthoflavivirus omskense;Omsk hemorrhagic fever virus,10239;2559587;2732396;2732406;2732462;2732545;11050;3044782;3048233;12542,12542
Human betaretrovirus,1404,Viruses;Riboviria;Pararnavirae;Artverviricota;Revtraviricetes;Ortervirales;Retroviridae;Orthoretrovirinae;Betaretrovirus;Mouse mammary tumor virus;Human betaretrovirus,10239;2559587;2732397;2732409;2732514;2169561;11632;327045;140052;11757;189458,189458
Reovirus sp.,1136,Viruses;Riboviria;Orthornavirae;Duplornaviricota;Resentoviricetes;Reovirales;unclassified Reovirales;Reovirus sp.,10239;2559587;2732396;2732405;2732459;2732541;2788865;10891,10891
Wyeomyia virus strain Darien,1083,Viruses;Riboviria;Orthornavirae;Negarnaviricota;Polyploviricotina;Ellioviricetes;Bunyavirales;Peribunyaviridae;Orthobunyavirus;Orthobunyavirus wyeomyiae;Wyeomyia virus strain Darien,10239;2559587;2732396;2497569;2497571;2497576;1980410;1980416;11572;3052456;1138488,1138488
Camelpox virus,992,Viruses;Varidnaviria;Bamfordvirae;Nucleocytoviricota;Pokkesviricetes;Chitovirales;Poxviridae;Chordopoxvirinae;Orthopoxvirus;Camelpox virus,10239;2732004;2732005;2732007;2732525;2732527;10240;10241;10242;28873,28873
Jamestown Canyon virus,989,Viruses;Riboviria;Orthornavirae;Negarnaviricota;Polyploviricotina;Ellioviricetes;Bunyavirales;Peribunyaviridae;Orthobunyavirus;Orthobunyavirus jamestownense;Jamestown Canyon virus,10239;2559587;2732396;2497569;2497571;2497576;1980410;1980416;11572;3052402;35511,35511
Oya virus,984,Viruses;Riboviria;Orthornavirae;Negarnaviricota;Polyploviricotina;Ellioviricetes;Bunyavirales;Peribunyaviridae;Orthobunyavirus;Orthobunyavirus catqueense;Oya virus,10239;2559587;2732396;2497569;2497571;2497576;1980410;1980416;11572;3052388;181003,181003
Ngari virus,961,Viruses;Riboviria;Orthornavirae;Negarnaviricota;Polyploviricotina;Ellioviricetes;Bunyavirales;Peribunyaviridae;Orthobunyavirus;Orthobunyavirus bunyamweraense;Ngari virus,10239;2559587;2732396;2497569;2497571;2497576;1980410;1980416;11572;3052381;273357,273357
Ingwavuma virus,957,Viruses;Riboviria;Orthornavirae;Negarnaviricota;Polyploviricotina;Ellioviricetes;Bunyavirales;Peribunyaviridae;Orthobunyavirus;Orthobunyavirus ingwavumaense;Ingwavuma virus,10239;2559587;2732396;2497569;2497571;2497576;1980410;1980416;11572;3052400;159145,159145
Maguari virus,945,Viruses;Riboviria;Orthornavirae;Negarnaviricota;Polyploviricotina;Ellioviricetes;Bunyavirales;Peribunyaviridae;Orthobunyavirus;Orthobunyavirus maguariense;Maguari virus,10239;2559587;2732396;2497569;2497571;2497576;1980410;1980416;11572;3052414;11575,11575
Untyped enterovirus FJ96-71,933,Viruses;Riboviria;Orthornavirae;Pisuviricota;Pisoniviricetes;Picornavirales;Picornaviridae;Ensavirinae;Enterovirus;Enterovirus B;Enterovirus B75;Untyped enterovirus FJ96-71,10239;2559587;2732396;2732408;2732506;464095;12058;2946630;12059;138949;282345;268972,268972
Untyped enterovirus VA86-6765,929,Viruses;Riboviria;Orthornavirae;Pisuviricota;Pisoniviricetes;Picornavirales;Picornaviridae;Ensavirinae;Enterovirus;Enterovirus B;Enterovirus B75;Untyped enterovirus VA86-6765,10239;2559587;2732396;2732408;2732506;464095;12058;2946630;12059;138949;282345;118047,118047
Cowpox virus,894,Viruses;Varidnaviria;Bamfordvirae;Nucleocytoviricota;Pokkesviricetes;Chitovirales;Poxviridae;Chordopoxvirinae;Orthopoxvirus;Cowpox virus,10239;2732004;2732005;2732007;2732525;2732527;10240;10241;10242;10243,10243
Human bocavirus 53040/LanZhou/CHN,785,Viruses;Monodnaviria;Shotokuvirae;Cossaviricota;Quintoviricetes;Piccovirales;Parvoviridae;Parvovirinae;Bocaparvovirus;unclassified Bocaparvovirus;Human bocavirus;Human bocavirus 53040/LanZhou/CHN,10239;2731342;2732092;2732415;2732422;2732534;10780;40119;1507401;1507402;329641;499885,499885
Human bocavirus 52914/LanZhou/CHN,785,Viruses;Monodnaviria;Shotokuvirae;Cossaviricota;Quintoviricetes;Piccovirales;Parvoviridae;Parvovirinae;Bocaparvovirus;unclassified Bocaparvovirus;Human bocavirus;Human bocavirus 52914/LanZhou/CHN,10239;2731342;2732092;2732415;2732422;2732534;10780;40119;1507401;1507402;329641;499884,499884
Human bocavirus 52780/LanZhou/CHN,785,Viruses;Monodnaviria;Shotokuvirae;Cossaviricota;Quintoviricetes;Piccovirales;Parvoviridae;Parvovirinae;Bocaparvovirus;unclassified Bocaparvovirus;Human bocavirus;Human bocavirus 52780/LanZhou/CHN,10239;2731342;2732092;2732415;2732422;2732534;10780;40119;1507401;1507402;329641;499883,499883
Human bocavirus 50383/LanZhou/CHN,785,Viruses;Monodnaviria;Shotokuvirae;Cossaviricota;Quintoviricetes;Piccovirales;Parvoviridae;Parvovirinae;Bocaparvovirus;unclassified Bocaparvovirus;Human bocavirus;Human bocavirus 50383/LanZhou/CHN,10239;2731342;2732092;2732415;2732422;2732534;10780;40119;1507401;1507402;329641;499879,499879
Human bocavirus 52772/LanZhou/CHN,785,Viruses;Monodnaviria;Shotokuvirae;Cossaviricota;Quintoviricetes;Piccovirales;Parvoviridae;Parvovirinae;Bocaparvovirus;unclassified Bocaparvovirus;Human bocavirus;Human bocavirus 52772/LanZhou/CHN,10239;2731342;2732092;2732415;2732422;2732534;10780;40119;1507401;1507402;329641;499882,499882
Human bocavirus 50410/LanZhou/CHN,785,Viruses;Monodnaviria;Shotokuvirae;Cossaviricota;Quintoviricetes;Piccovirales;Parvoviridae;Parvovirinae;Bocaparvovirus;unclassified Bocaparvovirus;Human bocavirus;Human bocavirus 50410/LanZhou/CHN,10239;2731342;2732092;2732415;2732422;2732534;10780;40119;1507401;1507402;329641;499880,499880
Human bocavirus 52762/LanZhou/CHN,785,Viruses;Monodnaviria;Shotokuvirae;Cossaviricota;Quintoviricetes;Piccovirales;Parvoviridae;Parvovirinae;Bocaparvovirus;unclassified Bocaparvovirus;Human bocavirus;Human bocavirus 52762/LanZhou/CHN,10239;2731342;2732092;2732415;2732422;2732534;10780;40119;1507401;1507402;329641;499881,499881
Human bocavirus 53047/LanZhou/CHN,785,Viruses;Monodnaviria;Shotokuvirae;Cossaviricota;Quintoviricetes;Piccovirales;Parvoviridae;Parvovirinae;Bocaparvovirus;unclassified Bocaparvovirus;Human bocavirus;Human bocavirus 53047/LanZhou/CHN,10239;2731342;2732092;2732415;2732422;2732534;10780;40119;1507401;1507402;329641;499886,499886
Human bocavirus 48154/LanZhou/CHN,785,Viruses;Monodnaviria;Shotokuvirae;Cossaviricota;Quintoviricetes;Piccovirales;Parvoviridae;Parvovirinae;Bocaparvovirus;unclassified Bocaparvovirus;Human bocavirus;Human bocavirus 48154/LanZhou/CHN,10239;2731342;2732092;2732415;2732422;2732534;10780;40119;1507401;1507402;329641;499878,499878
Kadipiro virus,785,Viruses;Riboviria;Orthornavirae;Duplornaviricota;Resentoviricetes;Reovirales;Sedoreoviridae;Seadornavirus;Seadornavirus kadipiroense;Kadipiro virus,10239;2559587;2732396;2732405;2732459;2732541;2946186;208294;3241299;104580,104580
Human bocavirus 53055/LanZhou/CHN,785,Viruses;Monodnaviria;Shotokuvirae;Cossaviricota;Quintoviricetes;Piccovirales;Parvoviridae;Parvovirinae;Bocaparvovirus;unclassified Bocaparvovirus;Human bocavirus;Human bocavirus 53055/LanZhou/CHN,10239;2731342;2732092;2732415;2732422;2732534;10780;40119;1507401;1507402;329641;499887,499887
Human bocavirus 53784/LanZhou/CHN,785,Viruses;Monodnaviria;Shotokuvirae;Cossaviricota;Quintoviricetes;Piccovirales;Parvoviridae;Parvovirinae;Bocaparvovirus;unclassified Bocaparvovirus;Human bocavirus;Human bocavirus 53784/LanZhou/CHN,10239;2731342;2732092;2732415;2732422;2732534;10780;40119;1507401;1507402;329641;499888,499888
Human bocavirus 53819/LanZhou/CHN,785,Viruses;Monodnaviria;Shotokuvirae;Cossaviricota;Quintoviricetes;Piccovirales;Parvoviridae;Parvovirinae;Bocaparvovirus;unclassified Bocaparvovirus;Human bocavirus;Human bocavirus 53819/LanZhou/CHN,10239;2731342;2732092;2732415;2732422;2732534;10780;40119;1507401;1507402;329641;499889,499889
Human bocavirus 53889/LanZhou/CHN,785,Viruses;Monodnaviria;Shotokuvirae;Cossaviricota;Quintoviricetes;Piccovirales;Parvoviridae;Parvovirinae;Bocaparvovirus;unclassified Bocaparvovirus;Human bocavirus;Human bocavirus 53889/LanZhou/CHN,10239;2731342;2732092;2732415;2732422;2732534;10780;40119;1507401;1507402;329641;499890,499890
Toscana virus,762,Viruses;Riboviria;Orthornavirae;Negarnaviricota;Polyploviricotina;Ellioviricetes;Bunyavirales;Phenuiviridae;Phlebovirus;Phlebovirus toscanaense;Toscana virus,10239;2559587;2732396;2497569;2497571;2497576;1980410;1980418;11584;3052686;11590,11590
Human rotavirus B,751,Viruses;Riboviria;Orthornavirae;Duplornaviricota;Resentoviricetes;Reovirales;Sedoreoviridae;Rotavirus;Rotavirus B;Human rotavirus B,10239;2559587;2732396;2732405;2732459;2732541;2946186;10912;28876;10942,10942
Oriboca virus,705,Viruses;Riboviria;Orthornavirae;Negarnaviricota;Polyploviricotina;Ellioviricetes;Bunyavirales;Peribunyaviridae;Orthobunyavirus;Orthobunyavirus oribocaense;Oriboca virus,10239;2559587;2732396;2497569;2497571;2497576;1980410;1980416;11572;3052428;192199,192199
Bovine papular stomatitis virus,664,Viruses;Varidnaviria;Bamfordvirae;Nucleocytoviricota;Pokkesviricetes;Chitovirales;Poxviridae;Chordopoxvirinae;Parapoxvirus;Bovine papular stomatitis virus,10239;2732004;2732005;2732007;2732525;2732527;10240;10241;10257;129727,129727
Human torovirus,629,Viruses;Riboviria;Orthornavirae;Pisuviricota;Pisoniviricetes;Nidovirales;Tornidovirineae;Tobaniviridae;Torovirinae;Torovirus;Human torovirus,10239;2559587;2732396;2732408;2732506;76804;2499403;2508209;694017;11155;67605,67605
Banna virus,605,Viruses;Riboviria;Orthornavirae;Duplornaviricota;Resentoviricetes;Reovirales;Sedoreoviridae;Seadornavirus;Seadornavirus bannaense;Banna virus,10239;2559587;2732396;2732405;2732459;2732541;2946186;208294;3240447;77763,77763
Equine picobirnavirus,576,Viruses;Riboviria;Orthornavirae;Pisuviricota;Duplopiviricetes;Durnavirales;Picobirnaviridae;Orthopicobirnavirus;Orthopicobirnavirus equi;Equine picobirnavirus,10239;2559587;2732396;2732408;2732505;2732549;585893;2948851;2956251;2723956,2723956
Pseudocowpox virus,549,Viruses;Varidnaviria;Bamfordvirae;Nucleocytoviricota;Pokkesviricetes;Chitovirales;Poxviridae;Chordopoxvirinae;Parapoxvirus;Pseudocowpox virus,10239;2732004;2732005;2732007;2732525;2732527;10240;10241;10257;129726,129726
Tahyna virus,549,Viruses;Riboviria;Orthornavirae;Negarnaviricota;Polyploviricotina;Ellioviricetes;Bunyavirales;Peribunyaviridae;Orthobunyavirus;Orthobunyavirus tahynaense;Tahyna virus,10239;2559587;2732396;2497569;2497571;2497576;1980410;1980416;11572;3052445;45270,45270
Pediculus humanus capitis,514,cellular organisms;Eukaryota;Opisthokonta;Metazoa;Eumetazoa;Bilateria;Protostomia;Ecdysozoa;Panarthropoda;Arthropoda;Mandibulata;Pancrustacea;Hexapoda;Insecta;Dicondylia;Pterygota;Neoptera;Paraneoptera;Psocodea;Phthiraptera;Anoplura;Pediculidae;Pediculus;Pediculus humanus;Pediculus humanus capitis,131567;2759;33154;33208;6072;33213;33317;1206794;88770;6656;197563;197562;6960;50557;85512;7496;33340;33342;1930602;85819;30005;121221;121222;121225;121226,121226
San Miguel sea lion virus,453,Viruses;Riboviria;Orthornavirae;Pisuviricota;Pisoniviricetes;Picornavirales;Caliciviridae;Vesivirus;Vesicular exanthema of swine virus;San Miguel sea lion virus,10239;2559587;2732396;2732408;2732506;464095;11974;95337;35612;11982,11982
Avian nephritis virus 1,439,Viruses;Riboviria;Orthornavirae;Pisuviricota;Stelpaviricetes;Stellavirales;Astroviridae;Avastrovirus;Avastrovirus 2;Avian nephritis virus 1,10239;2559587;2732396;2732408;2732507;2732551;39733;249589;1239438;336960,336960
Untyped enterovirus CT87-7122,427,Viruses;Riboviria;Orthornavirae;Pisuviricota;Pisoniviricetes;Picornavirales;Picornaviridae;Ensavirinae;Enterovirus;Enterovirus B;Enterovirus B75;Untyped enterovirus CT87-7122,10239;2559587;2732396;2732408;2732506;464095;12058;2946630;12059;138949;282345;118044,118044
Untyped enterovirus CT87-7123,427,Viruses;Riboviria;Orthornavirae;Pisuviricota;Pisoniviricetes;Picornavirales;Picornaviridae;Ensavirinae;Enterovirus;Enterovirus B;Enterovirus B75;Untyped enterovirus CT87-7123,10239;2559587;2732396;2732408;2732506;464095;12058;2946630;12059;138949;282345;118045,118045
Untyped enterovirus OK85-6388,427,Viruses;Riboviria;Orthornavirae;Pisuviricota;Pisoniviricetes;Picornavirales;Picornaviridae;Ensavirinae;Enterovirus;Enterovirus B;Enterovirus B75;Untyped enterovirus OK85-6388,10239;2559587;2732396;2732408;2732506;464095;12058;2946630;12059;138949;282345;118046,118046
Astrovirus dogfaeces/Bari,415,Viruses;Riboviria;Orthornavirae;Pisuviricota;Stelpaviricetes;Stellavirales;Astroviridae;Mamastrovirus;unclassified Mamastrovirus;Astrovirus dogfaeces/Bari,10239;2559587;2732396;2732408;2732507;2732551;39733;249588;526119;1609131,1609131
Bole Tick Virus 3,413,Viruses;Riboviria;Orthornavirae;Negarnaviricota;Haploviricotina;Monjiviricetes;Jingchuvirales;Chuviridae;Mivirus;Mivirus boleense;Bole Tick Virus 3,10239;2559587;2732396;2497569;2497570;2497574;2499407;2501952;2507291;2845619;1608042,1608042
Human bocavirus 143/01/2002/FRA,401,Viruses;Monodnaviria;Shotokuvirae;Cossaviricota;Quintoviricetes;Piccovirales;Parvoviridae;Parvovirinae;Bocaparvovirus;unclassified Bocaparvovirus;Human bocavirus;Human bocavirus 143/01/2002/FRA,10239;2731342;2732092;2732415;2732422;2732534;10780;40119;1507401;1507402;329641;463394,463394
Porcine enterovirus 9,396,Viruses;Riboviria;Orthornavirae;Pisuviricota;Pisoniviricetes;Picornavirales;Picornaviridae;Ensavirinae;Enterovirus;Enterovirus G;Porcine enterovirus 9,10239;2559587;2732396;2732408;2732506;464095;12058;2946630;12059;106966;64141,64141
Human bocavirus 144/01/2002/FRA,394,Viruses;Monodnaviria;Shotokuvirae;Cossaviricota;Quintoviricetes;Piccovirales;Parvoviridae;Parvovirinae;Bocaparvovirus;unclassified Bocaparvovirus;Human bocavirus;Human bocavirus 144/01/2002/FRA,10239;2731342;2732092;2732415;2732422;2732534;10780;40119;1507401;1507402;329641;463395,463395
Human bocavirus 186/04/2002/FRA,394,Viruses;Monodnaviria;Shotokuvirae;Cossaviricota;Quintoviricetes;Piccovirales;Parvoviridae;Parvovirinae;Bocaparvovirus;unclassified Bocaparvovirus;Human bocavirus;Human bocavirus 186/04/2002/FRA,10239;2731342;2732092;2732415;2732422;2732534;10780;40119;1507401;1507402;329641;463402,463402
Human bocavirus 180/03/2002/FRA,393,Viruses;Monodnaviria;Shotokuvirae;Cossaviricota;Quintoviricetes;Piccovirales;Parvoviridae;Parvovirinae;Bocaparvovirus;unclassified Bocaparvovirus;Human bocavirus;Human bocavirus 180/03/2002/FRA,10239;2731342;2732092;2732415;2732422;2732534;10780;40119;1507401;1507402;329641;463400,463400
Bovine leukemia virus,387,Viruses;Riboviria;Pararnavirae;Artverviricota;Revtraviricetes;Ortervirales;Retroviridae;Orthoretrovirinae;Deltaretrovirus;Bovine leukemia virus,10239;2559587;2732397;2732409;2732514;2169561;11632;327045;153136;11901,11901
Human bocavirus 175/03/2002/FRA,386,Viruses;Monodnaviria;Shotokuvirae;Cossaviricota;Quintoviricetes;Piccovirales;Parvoviridae;Parvovirinae;Bocaparvovirus;unclassified Bocaparvovirus;Human bocavirus;Human bocavirus 175/03/2002/FRA,10239;2731342;2732092;2732415;2732422;2732534;10780;40119;1507401;1507402;329641;463399,463399
Human bocavirus 174/03/2002/FRA,386,Viruses;Monodnaviria;Shotokuvirae;Cossaviricota;Quintoviricetes;Piccovirales;Parvoviridae;Parvovirinae;Bocaparvovirus;unclassified Bocaparvovirus;Human bocavirus;Human bocavirus 174/03/2002/FRA,10239;2731342;2732092;2732415;2732422;2732534;10780;40119;1507401;1507402;329641;463398,463398
Human bocavirus 184/04/2002/FRA,384,Viruses;Monodnaviria;Shotokuvirae;Cossaviricota;Quintoviricetes;Piccovirales;Parvoviridae;Parvovirinae;Bocaparvovirus;unclassified Bocaparvovirus;Human bocavirus;Human bocavirus 184/04/2002/FRA,10239;2731342;2732092;2732415;2732422;2732534;10780;40119;1507401;1507402;329641;463401,463401
Human bocavirus 191/04/2002/FRA,383,Viruses;Monodnaviria;Shotokuvirae;Cossaviricota;Quintoviricetes;Piccovirales;Parvoviridae;Parvovirinae;Bocaparvovirus;unclassified Bocaparvovirus;Human bocavirus;Human bocavirus 191/04/2002/FRA,10239;2731342;2732092;2732415;2732422;2732534;10780;40119;1507401;1507402;329641;463393,463393
Human bocavirus 173/03/2002/FRA,380,Viruses;Monodnaviria;Shotokuvirae;Cossaviricota;Quintoviricetes;Piccovirales;Parvoviridae;Parvovirinae;Bocaparvovirus;unclassified Bocaparvovirus;Human bocavirus;Human bocavirus 173/03/2002/FRA,10239;2731342;2732092;2732415;2732422;2732534;10780;40119;1507401;1507402;329641;463397,463397
Human bocavirus 164/02/2002/FRA,378,Viruses;Monodnaviria;Shotokuvirae;Cossaviricota;Quintoviricetes;Piccovirales;Parvoviridae;Parvovirinae;Bocaparvovirus;unclassified Bocaparvovirus;Human bocavirus;Human bocavirus 164/02/2002/FRA,10239;2731342;2732092;2732415;2732422;2732534;10780;40119;1507401;1507402;329641;463396,463396
Chagres virus,338,Viruses;Riboviria;Orthornavirae;Negarnaviricota;Polyploviricotina;Ellioviricetes;Bunyavirales;Phenuiviridae;Phlebovirus;Phlebovirus chagresense;Chagres virus,10239;2559587;2732396;2497569;2497571;2497576;1980410;1980418;11584;3052641;629727,629727
Human bocavirus human/1/2008/HUN,318,Viruses;Monodnaviria;Shotokuvirae;Cossaviricota;Quintoviricetes;Piccovirales;Parvoviridae;Parvovirinae;Bocaparvovirus;unclassified Bocaparvovirus;Human bocavirus;Human bocavirus human/1/2008/HUN,10239;2731342;2732092;2732415;2732422;2732534;10780;40119;1507401;1507402;329641;557563,557563
Human bocavirus human/2/2008/HUN,318,Viruses;Monodnaviria;Shotokuvirae;Cossaviricota;Quintoviricetes;Piccovirales;Parvoviridae;Parvovirinae;Bocaparvovirus;unclassified Bocaparvovirus;Human bocavirus;Human bocavirus human/2/2008/HUN,10239;2731342;2732092;2732415;2732422;2732534;10780;40119;1507401;1507402;329641;557562,557562
Tembusu virus,277,Viruses;Riboviria;Orthornavirae;Kitrinoviricota;Flasuviricetes;Amarillovirales;Flaviviridae;Orthoflavivirus;Orthoflavivirus tembusu;Tembusu virus,10239;2559587;2732396;2732406;2732462;2732545;11050;3044782;3048360;64293,64293
Tonate virus,256,Viruses;Riboviria;Orthornavirae;Kitrinoviricota;Alsuviricetes;Martellivirales;Togaviridae;Alphavirus;Tonate virus,10239;2559587;2732396;2732406;2732461;2732544;11018;11019;60877,60877
Gibbon ape leukemia virus,211,Viruses;Riboviria;Pararnavirae;Artverviricota;Revtraviricetes;Ortervirales;Retroviridae;Orthoretrovirinae;Gammaretrovirus;Gibbon ape leukemia virus,10239;2559587;2732397;2732409;2732514;2169561;11632;327045;153135;11840,11840
Bovine viral diarrhea virus 2,140,Viruses;Riboviria;Orthornavirae;Kitrinoviricota;Flasuviricetes;Amarillovirales;Flaviviridae;Pestivirus;Pestivirus tauri;Bovine viral diarrhea virus 2,10239;2559587;2732396;2732406;2732462;2732545;11050;11095;3052626;54315,54315
Bovine viral diarrhea virus 1,124,Viruses;Riboviria;Orthornavirae;Kitrinoviricota;Flasuviricetes;Amarillovirales;Flaviviridae;Pestivirus;Pestivirus bovis;Bovine viral diarrhea virus 1,10239;2559587;2732396;2732406;2732462;2732545;11050;11095;3052619;11099,11099
