taxid,contig_count,total_bp,Name,Rank,FullLineage,FullLineageTaxIDs,FullLineageRanks
9606.0,16076319,15995586950,Homo sapiens,species,cellular organisms;Eukaryota;Opisthokonta;Metazoa;Eumetazoa;Bilateria;Deuterostomia;Chordata;Craniata;Vertebrata;Gnathostomata;Teleostomi;Euteleostomi;Sarcopterygii;Dipnotetrapodomorpha;Tetrapoda;Amniota;Mammalia;Theria;Eutheria;Boreoeutheria;Euarchontoglires;Primates;Haplorrhini;Simiiformes;Catarrhini;Hominoidea;Hominidae;Homininae;Homo;Homo sapiens,131567;2759;33154;33208;6072;33213;33511;7711;89593;7742;7776;117570;117571;8287;1338369;32523;32524;40674;32525;9347;1437010;314146;9443;376913;314293;9526;314295;9604;207598;9605;9606,no rank;superkingdom;clade;kingdom;clade;clade;clade;phylum;subphylum;clade;clade;clade;clade;superclass;clade;clade;clade;class;clade;clade;clade;superorder;order;suborder;infraorder;parvorder;superfamily;family;subfamily;genus;species
4097.0,24,3901734127,Nicotiana tabacum,species,cellular organisms;Eukaryota;Viridiplantae;Streptophyta;Streptophytina;Embryophyta;Tracheophyta;Euphyllophyta;Spermatophyta;Magnoliopsida;Mesangiospermae;eudicotyledons;Gunneridae;Pentapetalae;asterids;lamiids;Solanales;Solanaceae;Nicotianoideae;Nicotianeae;Nicotiana;Nicotiana tabacum,131567;2759;33090;35493;131221;3193;58023;78536;58024;3398;1437183;71240;91827;1437201;71274;91888;4069;4070;424554;424562;4085;4097,no rank;superkingdom;kingdom;phylum;subphylum;clade;clade;clade;clade;class;clade;clade;clade;clade;clade;clade;order;family;subfamily;tribe;genus;species
34504.0,30456,922849782,Paragonimus westermani,species,cellular organisms;Eukaryota;Opisthokonta;Metazoa;Eumetazoa;Bilateria;Protostomia;Spiralia;Lophotrochozoa;Platyhelminthes;Trematoda;Digenea;Plagiorchiida;Troglotremata;Troglotrematidae;Paragonimus;Paragonimus westermani,131567;2759;33154;33208;6072;33213;33317;2697495;1206795;6157;6178;6179;27871;116925;34502;34503;34504,no rank;superkingdom;clade;kingdom;clade;clade;clade;clade;clade;phylum;class;subclass;order;suborder;family;genus;species
562.0,567,529366522,Escherichia coli,species,cellular organisms;Bacteria;Pseudomonadota;Gammaproteobacteria;Enterobacterales;Enterobacteriaceae;Escherichia;Escherichia coli,131567;2;1224;1236;91347;543;561;562,no rank;superkingdom;phylum;class;order;family;genus;species
6182.0,100,406576294,Schistosoma japonicum,species,cellular organisms;Eukaryota;Opisthokonta;Metazoa;Eumetazoa;Bilateria;Protostomia;Spiralia;Lophotrochozoa;Platyhelminthes;Trematoda;Digenea;Strigeidida;Schistosomatoidea;Schistosomatidae;Schistosoma;Schistosoma japonicum,131567;2759;33154;33208;6072;33213;33317;2697495;1206795;6157;6178;6179;6180;31244;31245;6181;6182,no rank;superkingdom;clade;kingdom;clade;clade;clade;clade;clade;phylum;class;subclass;order;superfamily;family;genus;species
6185.0,163,400271889,Schistosoma haematobium,species,cellular organisms;Eukaryota;Opisthokonta;Metazoa;Eumetazoa;Bilateria;Protostomia;Spiralia;Lophotrochozoa;Platyhelminthes;Trematoda;Digenea;Strigeidida;Schistosomatoidea;Schistosomatidae;Schistosoma;Schistosoma haematobium,131567;2759;33154;33208;6072;33213;33317;2697495;1206795;6157;6178;6179;6180;31244;31245;6181;6185,no rank;superkingdom;clade;kingdom;clade;clade;clade;clade;clade;phylum;class;subclass;order;superfamily;family;genus;species
51022.0,69981,332875813,Ancylostoma duodenale,species,cellular organisms;Eukaryota;Opisthokonta;Metazoa;Eumetazoa;Bilateria;Protostomia;Ecdysozoa;Nematoda;Chromadorea;Rhabditida;Rhabditina;Rhabditomorpha;Strongyloidea;Ancylostomatidae;Ancylostomatinae;Ancylostoma;Ancylostoma duodenale,131567;2759;33154;33208;6072;33213;33317;1206794;6231;119089;6236;2301116;2301119;27829;33278;53469;29169;51022,no rank;superkingdom;clade;kingdom;clade;clade;clade;clade;phylum;class;order;suborder;infraorder;superfamily;family;subfamily;genus;species
6252.0,415,295967828,Ascaris lumbricoides,species,cellular organisms;Eukaryota;Opisthokonta;Metazoa;Eumetazoa;Bilateria;Protostomia;Ecdysozoa;Nematoda;Chromadorea;Rhabditida;Spirurina;Ascaridomorpha;Ascaridoidea;Ascarididae;Ascaris;Ascaris lumbricoides,131567;2759;33154;33208;6072;33213;33317;1206794;6231;119089;6236;6274;6249;33256;6250;6251;6252,no rank;superkingdom;clade;kingdom;clade;clade;clade;clade;phylum;class;order;suborder;infraorder;superfamily;family;genus;species
573.0,252,268679294,Klebsiella pneumoniae,species,cellular organisms;Bacteria;Pseudomonadota;Gammaproteobacteria;Enterobacterales;Enterobacteriaceae;Klebsiella/Raoultella group;Klebsiella;Klebsiella pneumoniae,131567;2;1224;1236;91347;543;2890311;570;573,no rank;superkingdom;phylum;class;order;family;no rank;genus;species
51031.0,38,234457255,Necator americanus,species,cellular organisms;Eukaryota;Opisthokonta;Metazoa;Eumetazoa;Bilateria;Protostomia;Ecdysozoa;Nematoda;Chromadorea;Rhabditida;Rhabditina;Rhabditomorpha;Strongyloidea;Ancylostomatidae;Bunostominae;Necator;Necator americanus,131567;2759;33154;33208;6072;33213;33317;1206794;6231;119089;6236;2301116;2301119;27829;33278;53477;51030;51031,no rank;superkingdom;clade;kingdom;clade;clade;clade;clade;phylum;class;order;suborder;infraorder;superfamily;family;subfamily;genus;species
1280.0,230,188665820,Staphylococcus aureus,species,cellular organisms;Bacteria;Terrabacteria group;Bacillota;Bacilli;Bacillales;Staphylococcaceae;Staphylococcus;Staphylococcus aureus,131567;2;1783272;1239;91061;1385;90964;1279;1280,no rank;superkingdom;clade;phylum;class;order;family;genus;species
6211.0,1217,114963228,Echinococcus multilocularis,species,cellular organisms;Eukaryota;Opisthokonta;Metazoa;Eumetazoa;Bilateria;Protostomia;Spiralia;Lophotrochozoa;Platyhelminthes;Cestoda;Eucestoda;Cyclophyllidea;Taeniidae;Echinococcus;Echinococcus multilocularis,131567;2759;33154;33208;6072;33213;33317;2697495;1206795;6157;6199;6200;6201;6208;6209;6211,no rank;superkingdom;clade;kingdom;clade;clade;clade;clade;clade;phylum;class;subclass;order;family;genus;species
6210.0,957,110837706,Echinococcus granulosus,species,cellular organisms;Eukaryota;Opisthokonta;Metazoa;Eumetazoa;Bilateria;Protostomia;Spiralia;Lophotrochozoa;Platyhelminthes;Cestoda;Eucestoda;Cyclophyllidea;Taeniidae;Echinococcus;Echinococcus granulosus group;Echinococcus granulosus,131567;2759;33154;33208;6072;33213;33317;2697495;1206795;6157;6199;6200;6201;6208;6209;2212966;6210,no rank;superkingdom;clade;kingdom;clade;clade;clade;clade;clade;phylum;class;subclass;order;family;genus;species group;species
28901.0,45,101281735,Salmonella enterica,species,cellular organisms;Bacteria;Pseudomonadota;Gammaproteobacteria;Enterobacterales;Enterobacteriaceae;Salmonella;Salmonella enterica,131567;2;1224;1236;91347;543;590;28901,no rank;superkingdom;phylum;class;order;family;genus;species
5661.0,163,99910120,Leishmania donovani,species,cellular organisms;Eukaryota;Discoba;Euglenozoa;Kinetoplastea;Metakinetoplastina;Trypanosomatida;Trypanosomatidae;Leishmaniinae;Leishmania;Leishmania;Leishmania donovani species complex;Leishmania donovani,131567;2759;2611352;33682;5653;2704647;2704949;5654;1286322;5658;38568;38574;5661,no rank;superkingdom;clade;phylum;class;subclass;order;family;subfamily;genus;subgenus;species group;species
5693.0,29495,89937456,Trypanosoma cruzi,species,cellular organisms;Eukaryota;Discoba;Euglenozoa;Kinetoplastea;Metakinetoplastina;Trypanosomatida;Trypanosomatidae;Trypanosoma;Schizotrypanum;Trypanosoma cruzi,131567;2759;2611352;33682;5653;2704647;2704949;5654;5690;47570;5693,no rank;superkingdom;clade;phylum;class;subclass;order;family;genus;subgenus;species
6293.0,705,88416250,Wuchereria bancrofti,species,cellular organisms;Eukaryota;Opisthokonta;Metazoa;Eumetazoa;Bilateria;Protostomia;Ecdysozoa;Nematoda;Chromadorea;Rhabditida;Spirurina;Spiruromorpha;Filarioidea;Onchocercidae;Wuchereria;Wuchereria bancrofti,131567;2759;33154;33208;6072;33213;33317;1206794;6231;119089;6236;6274;2072716;6295;6296;6292;6293,no rank;superkingdom;clade;kingdom;clade;clade;clade;clade;phylum;class;order;suborder;infraorder;superfamily;family;genus;species
287.0,22,82677196,Pseudomonas aeruginosa,species,cellular organisms;Bacteria;Pseudomonadota;Gammaproteobacteria;Pseudomonadales;Pseudomonadaceae;Pseudomonas;Pseudomonas aeruginosa group;Pseudomonas aeruginosa,131567;2;1224;1236;72274;135621;286;136841;287,no rank;superkingdom;phylum;class;order;family;genus;species group;species
1392.0,30,73487927,Bacillus anthracis,species,cellular organisms;Bacteria;Terrabacteria group;Bacillota;Bacilli;Bacillales;Bacillaceae;Bacillus;Bacillus cereus group;Bacillus anthracis,131567;2;1783272;1239;91061;1385;186817;1386;86661;1392,no rank;superkingdom;clade;phylum;class;order;family;genus;species group;species
87883.0,37,72264596,Burkholderia multivorans,species,cellular organisms;Bacteria;Pseudomonadota;Betaproteobacteria;Burkholderiales;Burkholderiaceae;Burkholderia;Burkholderia cepacia complex;Burkholderia multivorans,131567;2;1224;28216;80840;119060;32008;87882;87883,no rank;superkingdom;phylum;class;order;family;genus;species group;species
57975.0,22,67458599,Burkholderia thailandensis,species,cellular organisms;Bacteria;Pseudomonadota;Betaproteobacteria;Burkholderiales;Burkholderiaceae;Burkholderia;pseudomallei group;Burkholderia thailandensis,131567;2;1224;28216;80840;119060;32008;111527;57975,no rank;superkingdom;phylum;class;order;family;genus;species group;species
559297.0,27,66608683,Blastomyces dermatitidis ER-3,strain,cellular organisms;Eukaryota;Opisthokonta;Fungi;Dikarya;Ascomycota;saccharomyceta;Pezizomycotina;leotiomyceta;Eurotiomycetes;Eurotiomycetidae;Onygenales;Ajellomycetaceae;Blastomyces;Blastomyces dermatitidis;Blastomyces dermatitidis ER-3,131567;2759;33154;4751;451864;4890;716545;147538;716546;147545;451871;33183;299071;229219;5039;559297,no rank;superkingdom;clade;kingdom;subkingdom;phylum;clade;subphylum;clade;class;subclass;order;family;genus;species;strain
508771.0,2263,65633124,Toxoplasma gondii ME49,strain,cellular organisms;Eukaryota;Sar;Alveolata;Apicomplexa;Conoidasida;Coccidia;Eucoccidiorida;Eimeriorina;Sarcocystidae;Toxoplasma;Toxoplasma gondii;Toxoplasma gondii ME49,131567;2759;2698737;33630;5794;1280412;5796;75739;423054;5809;5810;5811;508771,no rank;superkingdom;clade;clade;phylum;class;subclass;order;suborder;family;genus;species;strain
1357677.0,6360,65533039,Mucor racemosus B9645,strain,cellular organisms;Eukaryota;Opisthokonta;Fungi;Fungi incertae sedis;Mucoromycota;Mucoromycotina;Mucoromycetes;Mucorales;Mucorineae;Mucoraceae;Mucor;Mucor racemosus;Mucor racemosus B9645,131567;2759;33154;4751;112252;1913637;451507;2212703;4827;1344963;34489;4830;4841;1357677,no rank;superkingdom;clade;kingdom;no rank;phylum;subphylum;class;order;suborder;family;genus;species;strain
95486.0,47,61139727,Burkholderia cenocepacia,species,cellular organisms;Bacteria;Pseudomonadota;Betaproteobacteria;Burkholderiales;Burkholderiaceae;Burkholderia;Burkholderia cepacia complex;Burkholderia cenocepacia,131567;2;1224;28216;80840;119060;32008;87882;95486,no rank;superkingdom;phylum;class;order;family;genus;species group;species
85698.0,19,60569573,Achromobacter xylosoxidans,species,cellular organisms;Bacteria;Pseudomonadota;Betaproteobacteria;Burkholderiales;Alcaligenaceae;Achromobacter;Achromobacter xylosoxidans,131567;2;1224;28216;80840;506;222;85698,no rank;superkingdom;phylum;class;order;family;genus;species
169388.0,19,59379714,Fusarium solani,species,cellular organisms;Eukaryota;Opisthokonta;Fungi;Dikarya;Ascomycota;saccharomyceta;Pezizomycotina;leotiomyceta;sordariomyceta;Sordariomycetes;Hypocreomycetidae;Hypocreales;Nectriaceae;Fusarium;Fusarium solani species complex;Fusarium solani,131567;2759;33154;4751;451864;4890;716545;147538;716546;715989;147550;222543;5125;110618;5506;232080;169388,no rank;superkingdom;clade;kingdom;subkingdom;phylum;clade;subphylum;clade;clade;class;subclass;order;family;genus;species group;species
1195481.0,10557,54179589,Circinella minor,species,cellular organisms;Eukaryota;Opisthokonta;Fungi;Fungi incertae sedis;Mucoromycota;Mucoromycotina;Mucoromycetes;Mucorales;Lichtheimiaceae;Circinella;Circinella minor,131567;2759;33154;4751;112252;1913637;451507;2212703;4827;499202;101102;1195481,no rank;superkingdom;clade;kingdom;no rank;phylum;subphylum;class;order;family;genus;species
5480.0,57,53157029,Candida parapsilosis,species,cellular organisms;Eukaryota;Opisthokonta;Fungi;Dikarya;Ascomycota;saccharomyceta;Saccharomycotina;Pichiomycetes;Serinales;Debaryomycetaceae;Candida/Lodderomyces clade;Candida;Candida parapsilosis,131567;2759;33154;4751;451864;4890;716545;147537;3239874;2916678;766764;1535325;5475;5480,no rank;superkingdom;clade;kingdom;subkingdom;phylum;clade;subphylum;class;order;family;clade;genus;species
1396.0,34,52013173,Bacillus cereus,species,cellular organisms;Bacteria;Terrabacteria group;Bacillota;Bacilli;Bacillales;Bacillaceae;Bacillus;Bacillus cereus group;Bacillus cereus,131567;2;1783272;1239;91061;1385;186817;1386;86661;1396,no rank;superkingdom;clade;phylum;class;order;family;genus;species group;species
4840.0,753,51020084,Rhizomucor pusillus,species,cellular organisms;Eukaryota;Opisthokonta;Fungi;Fungi incertae sedis;Mucoromycota;Mucoromycotina;Mucoromycetes;Mucorales;Lichtheimiaceae;Rhizomucor;Rhizomucor pusillus,131567;2759;33154;4751;112252;1913637;451507;2212703;4827;499202;4838;4840,no rank;superkingdom;clade;kingdom;no rank;phylum;subphylum;class;order;family;genus;species
660027.0,12,50358849,Fusarium oxysporum Fo47,strain,cellular organisms;Eukaryota;Opisthokonta;Fungi;Dikarya;Ascomycota;saccharomyceta;Pezizomycotina;leotiomyceta;sordariomyceta;Sordariomycetes;Hypocreomycetidae;Hypocreales;Nectriaceae;Fusarium;Fusarium oxysporum species complex;Fusarium oxysporum;Fusarium oxysporum Fo47,131567;2759;33154;4751;451864;4890;716545;147538;716546;715989;147550;222543;5125;110618;5506;171631;5507;660027,no rank;superkingdom;clade;kingdom;subkingdom;phylum;clade;subphylum;clade;clade;class;subclass;order;family;genus;species group;species;strain
4829.0,5338,48746359,Absidia glauca,species,cellular organisms;Eukaryota;Opisthokonta;Fungi;Fungi incertae sedis;Mucoromycota;Mucoromycotina;Mucoromycetes;Mucorales;Cunninghamellaceae;Absidia;Absidia glauca,131567;2759;33154;4751;112252;1913637;451507;2212703;4827;4851;4828;4829,no rank;superkingdom;clade;kingdom;no rank;phylum;subphylum;class;order;family;genus;species
571.0,326,48711067,Klebsiella oxytoca,species,cellular organisms;Bacteria;Pseudomonadota;Gammaproteobacteria;Enterobacterales;Enterobacteriaceae;Klebsiella/Raoultella group;Klebsiella;Klebsiella oxytoca,131567;2;1224;1236;91347;543;2890311;570;571,no rank;superkingdom;phylum;class;order;family;no rank;genus;species
97098.0,5701,48371435,Mucor plumbeus,species,cellular organisms;Eukaryota;Opisthokonta;Fungi;Fungi incertae sedis;Mucoromycota;Mucoromycotina;Mucoromycetes;Mucorales;Mucorineae;Mucoraceae;Mucor;Mucor plumbeus,131567;2759;33154;4751;112252;1913637;451507;2212703;4827;1344963;34489;4830;97098,no rank;superkingdom;clade;kingdom;no rank;phylum;subphylum;class;order;suborder;family;genus;species
633.0,144,48095053,Yersinia pseudotuberculosis,species,cellular organisms;Bacteria;Pseudomonadota;Gammaproteobacteria;Enterobacterales;Yersiniaceae;Yersinia;Yersinia pseudotuberculosis complex;Yersinia pseudotuberculosis,131567;2;1224;1236;91347;1903411;629;1649845;633,no rank;superkingdom;phylum;class;order;family;genus;species group;species
623.0,52,48053744,Shigella flexneri,species,cellular organisms;Bacteria;Pseudomonadota;Gammaproteobacteria;Enterobacterales;Enterobacteriaceae;Shigella;Shigella flexneri,131567;2;1224;1236;91347;543;620;623,no rank;superkingdom;phylum;class;order;family;genus;species
548.0,23,47738785,Klebsiella aerogenes,species,cellular organisms;Bacteria;Pseudomonadota;Gammaproteobacteria;Enterobacterales;Enterobacteriaceae;Klebsiella/Raoultella group;Klebsiella;Klebsiella aerogenes,131567;2;1224;1236;91347;543;2890311;570;548,no rank;superkingdom;phylum;class;order;family;no rank;genus;species
90262.0,94,47422896,Absidia repens,species,cellular organisms;Eukaryota;Opisthokonta;Fungi;Fungi incertae sedis;Mucoromycota;Mucoromycotina;Mucoromycetes;Mucorales;Cunninghamellaceae;Absidia;Absidia repens,131567;2759;33154;4751;112252;1913637;451507;2212703;4827;4851;4828;90262,no rank;superkingdom;clade;kingdom;no rank;phylum;subphylum;class;order;family;genus;species
246409.0,83,46148878,Rhizopus delemar RA 99-880,strain,cellular organisms;Eukaryota;Opisthokonta;Fungi;Fungi incertae sedis;Mucoromycota;Mucoromycotina;Mucoromycetes;Mucorales;Mucorineae;Rhizopodaceae;Rhizopus;Rhizopus delemar;Rhizopus delemar RA 99-880,131567;2759;33154;4751;112252;1913637;451507;2212703;4827;1344963;1344955;4842;936053;246409,no rank;superkingdom;clade;kingdom;no rank;phylum;subphylum;class;order;suborder;family;genus;species;strain
6248.0,9,44372495,Strongyloides stercoralis,species,cellular organisms;Eukaryota;Opisthokonta;Metazoa;Eumetazoa;Bilateria;Protostomia;Ecdysozoa;Nematoda;Chromadorea;Rhabditida;Tylenchina;Panagrolaimomorpha;Strongyloidoidea;Strongyloididae;Strongyloides;Strongyloides stercoralis,131567;2759;33154;33208;6072;33213;33317;1206794;6231;119089;6236;6300;2082223;2082224;6246;6247;6248,no rank;superkingdom;clade;kingdom;clade;clade;clade;clade;phylum;class;order;suborder;infraorder;superfamily;family;genus;species
563466.0,176,43437139,Scedosporium apiospermum,species,cellular organisms;Eukaryota;Opisthokonta;Fungi;Dikarya;Ascomycota;saccharomyceta;Pezizomycotina;leotiomyceta;sordariomyceta;Sordariomycetes;Hypocreomycetidae;Microascales;Microascaceae;Scedosporium;Scedosporium apiospermum,131567;2759;33154;4751;451864;4890;716545;147538;716546;715989;147550;222543;5592;5593;41687;563466,no rank;superkingdom;clade;kingdom;subkingdom;phylum;clade;subphylum;clade;clade;class;subclass;order;family;genus;species
64495.0,4566,42900422,Rhizopus arrhizus,species,cellular organisms;Eukaryota;Opisthokonta;Fungi;Fungi incertae sedis;Mucoromycota;Mucoromycotina;Mucoromycetes;Mucorales;Mucorineae;Rhizopodaceae;Rhizopus;Rhizopus arrhizus,131567;2759;33154;4751;112252;1913637;451507;2212703;4827;1344963;1344955;4842;64495,no rank;superkingdom;clade;kingdom;no rank;phylum;subphylum;class;order;suborder;family;genus;species
670.0,25,41456556,Vibrio parahaemolyticus,species,cellular organisms;Bacteria;Pseudomonadota;Gammaproteobacteria;Vibrionales;Vibrionaceae;Vibrio;Vibrio harveyi group;Vibrio parahaemolyticus,131567;2;1224;1236;135623;641;662;717610;670,no rank;superkingdom;phylum;class;order;family;genus;species group;species
91626.0,1283,40737472,Mucor ambiguus,species,cellular organisms;Eukaryota;Opisthokonta;Fungi;Fungi incertae sedis;Mucoromycota;Mucoromycotina;Mucoromycetes;Mucorales;Mucorineae;Mucoraceae;Mucor;Mucor ambiguus,131567;2759;33154;4751;112252;1913637;451507;2212703;4827;1344963;34489;4830;91626,no rank;superkingdom;clade;kingdom;no rank;phylum;subphylum;class;order;suborder;family;genus;species
67351.0,22,40473119,Streptomyces californicus,species,cellular organisms;Bacteria;Terrabacteria group;Actinomycetota;Actinomycetes;Kitasatosporales;Streptomycetaceae;Streptomyces;Streptomyces californicus,131567;2;1783272;201174;1760;85011;2062;1883;67351,no rank;superkingdom;clade;phylum;class;order;family;genus;species
1357679.0,3117,39797221,Mucor indicus B7402,strain,cellular organisms;Eukaryota;Opisthokonta;Fungi;Fungi incertae sedis;Mucoromycota;Mucoromycotina;Mucoromycetes;Mucorales;Mucorineae;Mucoraceae;Mucor;Mucor indicus;Mucor indicus B7402,131567;2759;33154;4751;112252;1913637;451507;2212703;4827;1344963;34489;4830;64623;1357679,no rank;superkingdom;clade;kingdom;no rank;phylum;subphylum;class;order;suborder;family;genus;species;strain
760013.0,411,39322312,Apophysomyces variabilis,species,cellular organisms;Eukaryota;Opisthokonta;Fungi;Fungi incertae sedis;Mucoromycota;Mucoromycotina;Mucoromycetes;Mucorales;Mucorineae;Mucoraceae;Apophysomyces;Apophysomyces variabilis,131567;2759;33154;4751;112252;1913637;451507;2212703;4827;1344963;34489;90268;760013,no rank;superkingdom;clade;kingdom;no rank;phylum;subphylum;class;order;suborder;family;genus;species
64648.0,5146,39171786,Mucor saturninus,species,cellular organisms;Eukaryota;Opisthokonta;Fungi;Fungi incertae sedis;Mucoromycota;Mucoromycotina;Mucoromycetes;Mucorales;Mucorineae;Mucoraceae;Mucor;Mucor saturninus,131567;2759;33154;4751;112252;1913637;451507;2212703;4827;1344963;34489;4830;64648,no rank;superkingdom;clade;kingdom;no rank;phylum;subphylum;class;order;suborder;family;genus;species
158836.0,15,39028823,Enterobacter hormaechei,species,cellular organisms;Bacteria;Pseudomonadota;Gammaproteobacteria;Enterobacterales;Enterobacteriaceae;Enterobacter;Enterobacter cloacae complex;Enterobacter hormaechei,131567;2;1224;1236;91347;543;547;354276;158836,no rank;superkingdom;phylum;class;order;family;genus;species group;species
86630.0,5775,39022965,Rhizopus azygosporus,species,cellular organisms;Eukaryota;Opisthokonta;Fungi;Fungi incertae sedis;Mucoromycota;Mucoromycotina;Mucoromycetes;Mucorales;Mucorineae;Rhizopodaceae;Rhizopus;Rhizopus azygosporus,131567;2759;33154;4751;112252;1913637;451507;2212703;4827;1344963;1344955;4842;86630,no rank;superkingdom;clade;kingdom;no rank;phylum;subphylum;class;order;suborder;family;genus;species
1428.0,118,38876155,Bacillus thuringiensis,species,cellular organisms;Bacteria;Terrabacteria group;Bacillota;Bacilli;Bacillales;Bacillaceae;Bacillus;Bacillus cereus group;Bacillus thuringiensis,131567;2;1783272;1239;91061;1385;186817;1386;86661;1428,no rank;superkingdom;clade;phylum;class;order;family;genus;species group;species
545.0,28,38611123,Citrobacter koseri,species,cellular organisms;Bacteria;Pseudomonadota;Gammaproteobacteria;Enterobacterales;Enterobacteriaceae;Citrobacter;Citrobacter koseri,131567;2;1224;1236;91347;543;544;545,no rank;superkingdom;phylum;class;order;family;genus;species
1274791.0,1528,38467560,Apophysomyces elegans B7760,strain,cellular organisms;Eukaryota;Opisthokonta;Fungi;Fungi incertae sedis;Mucoromycota;Mucoromycotina;Mucoromycetes;Mucorales;Mucorineae;Mucoraceae;Apophysomyces;Apophysomyces elegans;Apophysomyces elegans B7760,131567;2759;33154;4751;112252;1913637;451507;2212703;4827;1344963;34489;90268;90269;1274791,no rank;superkingdom;clade;kingdom;no rank;phylum;subphylum;class;order;suborder;family;genus;species;strain
1274793.0,5567,38025998,Rhizopus stolonifer B9770,strain,cellular organisms;Eukaryota;Opisthokonta;Fungi;Fungi incertae sedis;Mucoromycota;Mucoromycotina;Mucoromycetes;Mucorales;Mucorineae;Rhizopodaceae;Rhizopus;Rhizopus stolonifer;Rhizopus stolonifer B9770,131567;2759;33154;4751;112252;1913637;451507;2212703;4827;1344963;1344955;4842;4846;1274793,no rank;superkingdom;clade;kingdom;no rank;phylum;subphylum;class;order;suborder;family;genus;species;strain
5059.0,8,37749288,Aspergillus flavus,species,cellular organisms;Eukaryota;Opisthokonta;Fungi;Dikarya;Ascomycota;saccharomyceta;Pezizomycotina;leotiomyceta;Eurotiomycetes;Eurotiomycetidae;Eurotiales;Aspergillaceae;Aspergillus;Aspergillus subgen. Circumdati;Aspergillus flavus,131567;2759;33154;4751;451864;4890;716545;147538;716546;147545;451871;5042;1131492;5052;2720871;5059,no rank;superkingdom;clade;kingdom;subkingdom;phylum;clade;subphylum;clade;class;subclass;order;family;genus;subgenus;species
29924.0,24,36817399,Mucor lusitanicus,species,cellular organisms;Eukaryota;Opisthokonta;Fungi;Fungi incertae sedis;Mucoromycota;Mucoromycotina;Mucoromycetes;Mucorales;Mucorineae;Mucoraceae;Mucor;Mucor lusitanicus,131567;2759;33154;4751;112252;1913637;451507;2212703;4827;1344963;34489;4830;29924,no rank;superkingdom;clade;kingdom;no rank;phylum;subphylum;class;order;suborder;family;genus;species
1442370.0,60,36722552,Cladophialophora bantiana CBS 173.52,strain,cellular organisms;Eukaryota;Opisthokonta;Fungi;Dikarya;Ascomycota;saccharomyceta;Pezizomycotina;leotiomyceta;Eurotiomycetes;Chaetothyriomycetidae;Chaetothyriales;Herpotrichiellaceae;Cladophialophora;Cladophialophora bantiana;Cladophialophora bantiana CBS 173.52,131567;2759;33154;4751;451864;4890;716545;147538;716546;147545;451870;34395;43219;82105;89940;1442370,no rank;superkingdom;clade;kingdom;subkingdom;phylum;clade;subphylum;clade;class;subclass;order;family;genus;species;strain
36080.0,401,36616466,Mucor circinelloides,species,cellular organisms;Eukaryota;Opisthokonta;Fungi;Fungi incertae sedis;Mucoromycota;Mucoromycotina;Mucoromycetes;Mucorales;Mucorineae;Mucoraceae;Mucor;Mucor circinelloides,131567;2759;33154;4751;112252;1913637;451507;2212703;4827;1344963;34489;4830;36080,no rank;superkingdom;clade;kingdom;no rank;phylum;subphylum;class;order;suborder;family;genus;species
1274784.0,2411,35852029,Mucor velutinosus B5328,strain,cellular organisms;Eukaryota;Opisthokonta;Fungi;Fungi incertae sedis;Mucoromycota;Mucoromycotina;Mucoromycetes;Mucorales;Mucorineae;Mucoraceae;Mucor;Mucor velutinosus;Mucor velutinosus B5328,131567;2759;33154;4751;112252;1913637;451507;2212703;4827;1344963;34489;4830;708070;1274784,no rank;superkingdom;clade;kingdom;no rank;phylum;subphylum;class;order;suborder;family;genus;species;strain
1274790.0,1400,35840759,Apophysomyces trapeziformis B9324,strain,cellular organisms;Eukaryota;Opisthokonta;Fungi;Fungi incertae sedis;Mucoromycota;Mucoromycotina;Mucoromycetes;Mucorales;Mucorineae;Mucoraceae;Apophysomyces;Apophysomyces trapeziformis;Apophysomyces trapeziformis B9324,131567;2759;33154;4751;112252;1913637;451507;2212703;4827;1344963;34489;90268;679948;1274790,no rank;superkingdom;clade;kingdom;no rank;phylum;subphylum;class;order;suborder;family;genus;species;strain
5061.0,25,35806243,Aspergillus niger,species,cellular organisms;Eukaryota;Opisthokonta;Fungi;Dikarya;Ascomycota;saccharomyceta;Pezizomycotina;leotiomyceta;Eurotiomycetes;Eurotiomycetidae;Eurotiales;Aspergillaceae;Aspergillus;Aspergillus subgen. Circumdati;Aspergillus niger,131567;2759;33154;4751;451864;4890;716545;147538;716546;147545;451871;5042;1131492;5052;2720871;5061,no rank;superkingdom;clade;kingdom;subkingdom;phylum;clade;subphylum;clade;class;subclass;order;family;genus;subgenus;species
1442368.0,11,34688880,Fonsecaea pedrosoi CBS 271.37,strain,cellular organisms;Eukaryota;Opisthokonta;Fungi;Dikarya;Ascomycota;saccharomyceta;Pezizomycotina;leotiomyceta;Eurotiomycetes;Chaetothyriomycetidae;Chaetothyriales;Herpotrichiellaceae;Fonsecaea;Fonsecaea pedrosoi;Fonsecaea pedrosoi CBS 271.37,131567;2759;33154;4751;451864;4890;716545;147538;716546;147545;451870;34395;43219;40354;40355;1442368,no rank;superkingdom;clade;kingdom;subkingdom;phylum;clade;subphylum;clade;class;subclass;order;family;genus;species;strain
679940.0,1141,34079843,Apophysomyces ossiformis,species,cellular organisms;Eukaryota;Opisthokonta;Fungi;Fungi incertae sedis;Mucoromycota;Mucoromycotina;Mucoromycetes;Mucorales;Mucorineae;Mucoraceae;Apophysomyces;Apophysomyces ossiformis,131567;2759;33154;4751;112252;1913637;451507;2212703;4827;1344963;34489;90268;679940,no rank;superkingdom;clade;kingdom;no rank;phylum;subphylum;class;order;suborder;family;genus;species
1290454.0,882,33966588,Mucor irregularis B50,strain,cellular organisms;Eukaryota;Opisthokonta;Fungi;Fungi incertae sedis;Mucoromycota;Mucoromycotina;Mucoromycetes;Mucorales;Mucorineae;Mucoraceae;Mucor;Mucor irregularis;Mucor irregularis B50,131567;2759;33154;4751;112252;1913637;451507;2212703;4827;1344963;34489;4830;713888;1290454,no rank;superkingdom;clade;kingdom;no rank;phylum;subphylum;class;order;suborder;family;genus;species;strain
13373.0,13,33440540,Burkholderia mallei,species,cellular organisms;Bacteria;Pseudomonadota;Betaproteobacteria;Burkholderiales;Burkholderiaceae;Burkholderia;pseudomallei group;Burkholderia mallei,131567;2;1224;28216;80840;119060;32008;111527;13373,no rank;superkingdom;phylum;class;order;family;genus;species group;species
630.0,34,33363537,Yersinia enterocolitica,species,cellular organisms;Bacteria;Pseudomonadota;Gammaproteobacteria;Enterobacterales;Yersiniaceae;Yersinia;Yersinia enterocolitica,131567;2;1224;1236;91347;1903411;629;630,no rank;superkingdom;phylum;class;order;family;genus;species
1036611.0,51,33126810,Aspergillus versicolor CBS 583.65,strain,cellular organisms;Eukaryota;Opisthokonta;Fungi;Dikarya;Ascomycota;saccharomyceta;Pezizomycotina;leotiomyceta;Eurotiomycetes;Eurotiomycetidae;Eurotiales;Aspergillaceae;Aspergillus;Aspergillus subgen. Nidulantes;Aspergillus versicolor;Aspergillus versicolor CBS 583.65,131567;2759;33154;4751;451864;4890;716545;147538;716546;147545;451871;5042;1131492;5052;2720870;46472;1036611,no rank;superkingdom;clade;kingdom;subkingdom;phylum;clade;subphylum;clade;class;subclass;order;family;genus;subgenus;species;strain
502779.0,110,32925248,Paracoccidioides lutzii Pb01,strain,cellular organisms;Eukaryota;Opisthokonta;Fungi;Dikarya;Ascomycota;saccharomyceta;Pezizomycotina;leotiomyceta;Eurotiomycetes;Eurotiomycetidae;Onygenales;Ajellomycetaceae;Paracoccidioides;Paracoccidioides lutzii;Paracoccidioides lutzii Pb01,131567;2759;33154;4751;451864;4890;716545;147538;716546;147545;451871;33183;299071;38946;1048829;502779,no rank;superkingdom;clade;kingdom;subkingdom;phylum;clade;subphylum;clade;class;subclass;order;family;genus;species;strain
1397361.0,16,32375103,Sporothrix schenckii 1099-18,strain,cellular organisms;Eukaryota;Opisthokonta;Fungi;Dikarya;Ascomycota;saccharomyceta;Pezizomycotina;leotiomyceta;sordariomyceta;Sordariomycetes;Sordariomycetidae;Ophiostomatales;Ophiostomataceae;Sporothrix;Sporothrix schenckii;Sporothrix schenckii 1099-18,131567;2759;33154;4751;451864;4890;716545;147538;716546;715989;147550;222544;5151;5152;29907;29908;1397361,no rank;superkingdom;clade;kingdom;subkingdom;phylum;clade;subphylum;clade;clade;class;subclass;order;family;genus;species;strain
48296.0,28,31790450,Acinetobacter pittii,species,cellular organisms;Bacteria;Pseudomonadota;Gammaproteobacteria;Moraxellales;Moraxellaceae;Acinetobacter;Acinetobacter calcoaceticus/baumannii complex;Acinetobacter pittii,131567;2;1224;1236;2887326;468;469;909768;48296,no rank;superkingdom;phylum;class;order;family;genus;species group;species
470.0,175,31761107,Acinetobacter baumannii,species,cellular organisms;Bacteria;Pseudomonadota;Gammaproteobacteria;Moraxellales;Moraxellaceae;Acinetobacter;Acinetobacter calcoaceticus/baumannii complex;Acinetobacter baumannii,131567;2;1224;1236;2887326;468;469;909768;470,no rank;superkingdom;phylum;class;order;family;genus;species group;species
588.0,15,30952981,Providencia stuartii,species,cellular organisms;Bacteria;Pseudomonadota;Gammaproteobacteria;Enterobacterales;Morganellaceae;Providencia;Providencia stuartii,131567;2;1224;1236;91347;1903414;586;588,no rank;superkingdom;phylum;class;order;family;genus;species
28454.0,8,30495909,Sphingobacterium multivorum,species,cellular organisms;Bacteria;FCB group;Bacteroidota/Chlorobiota group;Bacteroidota;Sphingobacteriia;Sphingobacteriales;Sphingobacteriaceae;Sphingobacterium;Sphingobacterium multivorum,131567;2;1783270;68336;976;117747;200666;84566;28453;28454,no rank;superkingdom;clade;clade;phylum;class;order;family;genus;species
447093.0,88,30483324,Histoplasma capsulatum G186AR,strain,cellular organisms;Eukaryota;Opisthokonta;Fungi;Dikarya;Ascomycota;saccharomyceta;Pezizomycotina;leotiomyceta;Eurotiomycetes;Eurotiomycetidae;Onygenales;Ajellomycetaceae;Histoplasma;Histoplasma capsulatum;Histoplasma capsulatum G186AR,131567;2759;33154;4751;451864;4890;716545;147538;716546;147545;451871;33183;299071;5036;5037;447093,no rank;superkingdom;clade;kingdom;subkingdom;phylum;clade;subphylum;clade;class;subclass;order;family;genus;species;strain
502780.0,57,29952540,Paracoccidioides brasiliensis Pb18,strain,cellular organisms;Eukaryota;Opisthokonta;Fungi;Dikarya;Ascomycota;saccharomyceta;Pezizomycotina;leotiomyceta;Eurotiomycetes;Eurotiomycetidae;Onygenales;Ajellomycetaceae;Paracoccidioides;Paracoccidioides brasiliensis;Paracoccidioides brasiliensis Pb18,131567;2759;33154;4751;451864;4890;716545;147538;716546;147545;451871;33183;299071;38946;121759;502780,no rank;superkingdom;clade;kingdom;subkingdom;phylum;clade;subphylum;clade;class;subclass;order;family;genus;species;strain
624.0,25,29868206,Shigella sonnei,species,cellular organisms;Bacteria;Pseudomonadota;Gammaproteobacteria;Enterobacterales;Enterobacteriaceae;Shigella;Shigella sonnei,131567;2;1224;1236;91347;543;620;624,no rank;superkingdom;phylum;class;order;family;genus;species
227321.0,9,29861518,Aspergillus nidulans FGSC A4,strain,cellular organisms;Eukaryota;Opisthokonta;Fungi;Dikarya;Ascomycota;saccharomyceta;Pezizomycotina;leotiomyceta;Eurotiomycetes;Eurotiomycetidae;Eurotiales;Aspergillaceae;Aspergillus;Aspergillus subgen. Nidulantes;Aspergillus nidulans;Aspergillus nidulans FGSC A4,131567;2759;33154;4751;451864;4890;716545;147538;716546;147545;451871;5042;1131492;5052;2720870;162425;227321,no rank;superkingdom;clade;kingdom;subkingdom;phylum;clade;subphylum;clade;class;subclass;order;family;genus;subgenus;species;strain
575.0,26,29484455,Raoultella planticola,species,cellular organisms;Bacteria;Pseudomonadota;Gammaproteobacteria;Enterobacterales;Enterobacteriaceae;Klebsiella/Raoultella group;Raoultella;Raoultella planticola,131567;2;1224;1236;91347;543;2890311;160674;575,no rank;superkingdom;phylum;class;order;family;no rank;genus;species
330879.0,8,29384958,Aspergillus fumigatus Af293,strain,cellular organisms;Eukaryota;Opisthokonta;Fungi;Dikarya;Ascomycota;saccharomyceta;Pezizomycotina;leotiomyceta;Eurotiomycetes;Eurotiomycetidae;Eurotiales;Aspergillaceae;Aspergillus;Aspergillus subgen. Fumigati;Aspergillus fumigatus;Aspergillus fumigatus Af293,131567;2759;33154;4751;451864;4890;716545;147538;716546;147545;451871;5042;1131492;5052;2720872;746128;330879,no rank;superkingdom;clade;kingdom;subkingdom;phylum;clade;subphylum;clade;class;subclass;order;family;genus;subgenus;species;strain
341663.0,27,29364022,Aspergillus terreus NIH2624,strain,cellular organisms;Eukaryota;Opisthokonta;Fungi;Dikarya;Ascomycota;saccharomyceta;Pezizomycotina;leotiomyceta;Eurotiomycetes;Eurotiomycetidae;Eurotiales;Aspergillaceae;Aspergillus;Aspergillus subgen. Circumdati;Aspergillus terreus;Aspergillus terreus NIH2624,131567;2759;33154;4751;451864;4890;716545;147538;716546;147545;451871;5042;1131492;5052;2720871;33178;341663,no rank;superkingdom;clade;kingdom;subkingdom;phylum;clade;subphylum;clade;class;subclass;order;family;genus;subgenus;species;strain
246410.0,7,29016019,Coccidioides immitis RS,strain,cellular organisms;Eukaryota;Opisthokonta;Fungi;Dikarya;Ascomycota;saccharomyceta;Pezizomycotina;leotiomyceta;Eurotiomycetes;Eurotiomycetidae;Onygenales;Onygenaceae;Coccidioides;Coccidioides immitis;Coccidioides immitis RS,131567;2759;33154;4751;451864;4890;716545;147538;716546;147545;451871;33183;33184;5500;5501;246410,no rank;superkingdom;clade;kingdom;subkingdom;phylum;clade;subphylum;clade;class;subclass;order;family;genus;species;strain
1279043.0,19,28991111,Cladophialophora carrionii CBS 160.54,strain,cellular organisms;Eukaryota;Opisthokonta;Fungi;Dikarya;Ascomycota;saccharomyceta;Pezizomycotina;leotiomyceta;Eurotiomycetes;Chaetothyriomycetidae;Chaetothyriales;Herpotrichiellaceae;Cladophialophora;Cladophialophora carrionii;Cladophialophora carrionii CBS 160.54,131567;2759;33154;4751;451864;4890;716545;147538;716546;147545;451870;34395;43219;82105;86049;1279043,no rank;superkingdom;clade;kingdom;subkingdom;phylum;clade;subphylum;clade;class;subclass;order;family;genus;species;strain
28450.0,8,28910302,Burkholderia pseudomallei,species,cellular organisms;Bacteria;Pseudomonadota;Betaproteobacteria;Burkholderiales;Burkholderiaceae;Burkholderia;pseudomallei group;Burkholderia pseudomallei,131567;2;1224;28216;80840;119060;32008;111527;28450,no rank;superkingdom;phylum;class;order;family;genus;species group;species
520.0,7,28749582,Bordetella pertussis,species,cellular organisms;Bacteria;Pseudomonadota;Betaproteobacteria;Burkholderiales;Alcaligenaceae;Bordetella;Bordetella pertussis,131567;2;1224;28216;80840;506;517;520,no rank;superkingdom;phylum;class;order;family;genus;species
40324.0,6,28686789,Stenotrophomonas maltophilia,species,cellular organisms;Bacteria;Pseudomonadota;Gammaproteobacteria;Lysobacterales;Lysobacteraceae;Stenotrophomonas;Stenotrophomonas maltophilia group;Stenotrophomonas maltophilia,131567;2;1224;1236;135614;32033;40323;995085;40324,no rank;superkingdom;phylum;class;order;family;genus;species group;species
584.0,17,28318716,Proteus mirabilis,species,cellular organisms;Bacteria;Pseudomonadota;Gammaproteobacteria;Enterobacterales;Morganellaceae;Proteus;Proteus mirabilis,131567;2;1224;1236;91347;1903414;583;584,no rank;superkingdom;phylum;class;order;family;genus;species
37727.0,8,28198338,Talaromyces marneffei,species,cellular organisms;Eukaryota;Opisthokonta;Fungi;Dikarya;Ascomycota;saccharomyceta;Pezizomycotina;leotiomyceta;Eurotiomycetes;Eurotiomycetidae;Eurotiales;Trichocomaceae;Talaromyces;Talaromyces sect. Talaromyces;Talaromyces marneffei,131567;2759;33154;4751;451864;4890;716545;147538;716546;147545;451871;5042;28568;5094;2752537;37727,no rank;superkingdom;clade;kingdom;subkingdom;phylum;clade;subphylum;clade;class;subclass;order;family;genus;section;species
443226.0,9,28193268,Coccidioides posadasii str. Silveira,strain,cellular organisms;Eukaryota;Opisthokonta;Fungi;Dikarya;Ascomycota;saccharomyceta;Pezizomycotina;leotiomyceta;Eurotiomycetes;Eurotiomycetidae;Onygenales;Onygenaceae;Coccidioides;Coccidioides posadasii;Coccidioides posadasii str. Silveira,131567;2759;33154;4751;451864;4890;716545;147538;716546;147545;451871;33183;33184;5500;199306;443226,no rank;superkingdom;clade;kingdom;subkingdom;phylum;clade;subphylum;clade;class;subclass;order;family;genus;species;strain
90255.0,85,28120762,Cokeromyces recurvatus,species,cellular organisms;Eukaryota;Opisthokonta;Fungi;Fungi incertae sedis;Mucoromycota;Mucoromycotina;Mucoromycetes;Mucorales;Mucorineae;Mucoraceae;Cokeromyces;Cokeromyces recurvatus,131567;2759;33154;4751;112252;1913637;451507;2212703;4827;1344963;34489;90254;90255,no rank;superkingdom;clade;kingdom;no rank;phylum;subphylum;class;order;suborder;family;genus;species
1160497.0,82,27993362,Aspergillus glaucus CBS 516.65,strain,cellular organisms;Eukaryota;Opisthokonta;Fungi;Dikarya;Ascomycota;saccharomyceta;Pezizomycotina;leotiomyceta;Eurotiomycetes;Eurotiomycetidae;Eurotiales;Aspergillaceae;Aspergillus;Aspergillus subgen. Aspergillus;Aspergillus glaucus;Aspergillus glaucus CBS 516.65,131567;2759;33154;4751;451864;4890;716545;147538;716546;147545;451871;5042;1131492;5052;2720874;41413;1160497,no rank;superkingdom;clade;kingdom;subkingdom;phylum;clade;subphylum;clade;class;subclass;order;family;genus;subgenus;species;strain
1282.0,47,27946292,Staphylococcus epidermidis,species,cellular organisms;Bacteria;Terrabacteria group;Bacillota;Bacilli;Bacillales;Staphylococcaceae;Staphylococcus;Staphylococcus epidermidis,131567;2;1783272;1239;91061;1385;90964;1279;1282,no rank;superkingdom;clade;phylum;class;order;family;genus;species
344612.0,143,27859441,Aspergillus clavatus NRRL 1,strain,cellular organisms;Eukaryota;Opisthokonta;Fungi;Dikarya;Ascomycota;saccharomyceta;Pezizomycotina;leotiomyceta;Eurotiomycetes;Eurotiomycetidae;Eurotiales;Aspergillaceae;Aspergillus;Aspergillus subgen. Fumigati;Aspergillus clavatus;Aspergillus clavatus NRRL 1,131567;2759;33154;4751;451864;4890;716545;147538;716546;147545;451871;5042;1131492;5052;2720872;5057;344612,no rank;superkingdom;clade;kingdom;subkingdom;phylum;clade;subphylum;clade;class;subclass;order;family;genus;subgenus;species;strain
1392256.0,34,27718211,Aspergillus ochraceoroseus IBT 24754,strain,cellular organisms;Eukaryota;Opisthokonta;Fungi;Dikarya;Ascomycota;saccharomyceta;Pezizomycotina;leotiomyceta;Eurotiomycetes;Eurotiomycetidae;Eurotiales;Aspergillaceae;Aspergillus;Aspergillus subgen. Nidulantes;Aspergillus ochraceoroseus;Aspergillus ochraceoroseus IBT 24754,131567;2759;33154;4751;451864;4890;716545;147538;716546;147545;451871;5042;1131492;5052;2720870;138278;1392256,no rank;superkingdom;clade;kingdom;subkingdom;phylum;clade;subphylum;clade;class;subclass;order;family;genus;subgenus;species;strain
1031333.0,870,27442318,Rhizomucor miehei CAU432,strain,cellular organisms;Eukaryota;Opisthokonta;Fungi;Fungi incertae sedis;Mucoromycota;Mucoromycotina;Mucoromycetes;Mucorales;Lichtheimiaceae;Rhizomucor;Rhizomucor miehei;Rhizomucor miehei CAU432,131567;2759;33154;4751;112252;1913637;451507;2212703;4827;499202;4838;4839;1031333,no rank;superkingdom;clade;kingdom;no rank;phylum;subphylum;class;order;family;genus;species;strain
82996.0,10,27271131,Serratia plymuthica,species,cellular organisms;Bacteria;Pseudomonadota;Gammaproteobacteria;Enterobacterales;Yersiniaceae;Serratia;Serratia plymuthica,131567;2;1224;1236;91347;1903411;613;82996,no rank;superkingdom;phylum;class;order;family;genus;species
5855.0,2747,27007701,Plasmodium vivax,species,cellular organisms;Eukaryota;Sar;Alveolata;Apicomplexa;Aconoidasida;Haemosporida;Plasmodiidae;Plasmodium;Plasmodium (Plasmodium);Plasmodium vivax,131567;2759;2698737;33630;5794;422676;5819;1639119;5820;418103;5855,no rank;superkingdom;clade;clade;phylum;class;order;family;genus;subgenus;species
80866.0,8,27006880,Delftia acidovorans,species,cellular organisms;Bacteria;Pseudomonadota;Betaproteobacteria;Burkholderiales;Comamonadaceae;Delftia;Delftia acidovorans,131567;2;1224;28216;80840;80864;80865;80866,no rank;superkingdom;phylum;class;order;family;genus;species
1639.0,14,26457359,Listeria monocytogenes,species,cellular organisms;Bacteria;Terrabacteria group;Bacillota;Bacilli;Bacillales;Listeriaceae;Listeria;Listeria monocytogenes,131567;2;1783272;1239;91061;1385;186820;1637;1639,no rank;superkingdom;clade;phylum;class;order;family;genus;species
663.0,12,26281282,Vibrio alginolyticus,species,cellular organisms;Bacteria;Pseudomonadota;Gammaproteobacteria;Vibrionales;Vibrionaceae;Vibrio;Vibrio harveyi group;Vibrio alginolyticus,131567;2;1224;1236;135623;641;662;717610;663,no rank;superkingdom;phylum;class;order;family;genus;species group;species
28095.0,13,26116015,Burkholderia gladioli,species,cellular organisms;Bacteria;Pseudomonadota;Betaproteobacteria;Burkholderiales;Burkholderiaceae;Burkholderia;Burkholderia gladioli,131567;2;1224;28216;80840;119060;32008;28095,no rank;superkingdom;phylum;class;order;family;genus;species
185431.0,12,26075494,Trypanosoma brucei brucei TREU927,strain,cellular organisms;Eukaryota;Discoba;Euglenozoa;Kinetoplastea;Metakinetoplastina;Trypanosomatida;Trypanosomatidae;Trypanosoma;Trypanozoon;Trypanosoma brucei;Trypanosoma brucei brucei;Trypanosoma brucei brucei TREU927,131567;2759;2611352;33682;5653;2704647;2704949;5654;5690;39700;5691;5702;185431,no rank;superkingdom;clade;phylum;class;subclass;order;family;genus;subgenus;species;subspecies;strain
1340429.0,131,25972395,Rhizopus microsporus ATCC 52813,strain,cellular organisms;Eukaryota;Opisthokonta;Fungi;Fungi incertae sedis;Mucoromycota;Mucoromycotina;Mucoromycetes;Mucorales;Mucorineae;Rhizopodaceae;Rhizopus;Rhizopus microsporus;Rhizopus microsporus ATCC 52813,131567;2759;33154;4751;112252;1913637;451507;2212703;4827;1344963;1344955;4842;58291;1340429,no rank;superkingdom;clade;kingdom;no rank;phylum;subphylum;class;order;suborder;family;genus;species;strain
518.0,5,25801121,Bordetella bronchiseptica,species,cellular organisms;Bacteria;Pseudomonadota;Betaproteobacteria;Burkholderiales;Alcaligenaceae;Bordetella;Bordetella bronchiseptica,131567;2;1224;28216;80840;506;517;518,no rank;superkingdom;phylum;class;order;family;genus;species
1496.0,89,25659804,Clostridioides difficile,species,cellular organisms;Bacteria;Terrabacteria group;Bacillota;Clostridia;Peptostreptococcales;Peptostreptococcaceae;Clostridioides;Clostridioides difficile,131567;2;1783272;1239;186801;3082720;186804;1870884;1496,no rank;superkingdom;clade;phylum;class;order;family;genus;species
57706.0,6,25311205,Citrobacter braakii,species,cellular organisms;Bacteria;Pseudomonadota;Gammaproteobacteria;Enterobacterales;Enterobacteriaceae;Citrobacter;Citrobacter freundii complex;Citrobacter braakii,131567;2;1224;1236;91347;543;544;1344959;57706,no rank;superkingdom;phylum;class;order;family;genus;species group;species
672.0,13,24982748,Vibrio vulnificus,species,cellular organisms;Bacteria;Pseudomonadota;Gammaproteobacteria;Vibrionales;Vibrionaceae;Vibrio;Vibrio vulnificus,131567;2;1224;1236;135623;641;662;672,no rank;superkingdom;phylum;class;order;family;genus;species
823.0,44,24853017,Parabacteroides distasonis,species,cellular organisms;Bacteria;FCB group;Bacteroidota/Chlorobiota group;Bacteroidota;Bacteroidia;Bacteroidales;Tannerellaceae;Parabacteroides;Parabacteroides distasonis,131567;2;1783270;68336;976;200643;171549;2005525;375288;823,no rank;superkingdom;clade;clade;phylum;class;order;family;genus;species
253.0,5,24596772,Chryseobacterium indologenes,species,cellular organisms;Bacteria;FCB group;Bacteroidota/Chlorobiota group;Bacteroidota;Flavobacteriia;Flavobacteriales;Weeksellaceae;Chryseobacterium group;Chryseobacterium;Chryseobacterium indologenes,131567;2;1783270;68336;976;117743;200644;2762318;2782232;59732;253,no rank;superkingdom;clade;clade;phylum;class;order;family;no rank;genus;species
632.0,21,24382313,Yersinia pestis,species,cellular organisms;Bacteria;Pseudomonadota;Gammaproteobacteria;Enterobacterales;Yersiniaceae;Yersinia;Yersinia pseudotuberculosis complex;Yersinia pestis,131567;2;1224;1236;91347;1903411;629;1649845;632,no rank;superkingdom;phylum;class;order;family;genus;species group;species
36329.0,14,23292622,Plasmodium falciparum 3D7,isolate,cellular organisms;Eukaryota;Sar;Alveolata;Apicomplexa;Aconoidasida;Haemosporida;Plasmodiidae;Plasmodium;Plasmodium (Laverania);Plasmodium falciparum;Plasmodium falciparum 3D7,131567;2759;2698737;33630;5794;422676;5819;1639119;5820;418107;5833;36329,no rank;superkingdom;clade;clade;phylum;class;order;family;genus;subgenus;species;isolate
1773.0,5,22175766,Mycobacterium tuberculosis,species,cellular organisms;Bacteria;Terrabacteria group;Actinomycetota;Actinomycetes;Mycobacteriales;Mycobacteriaceae;Mycobacterium;Mycobacterium tuberculosis complex;Mycobacterium tuberculosis,131567;2;1783272;201174;1760;85007;1762;1763;77643;1773,no rank;superkingdom;clade;phylum;class;order;family;genus;species group;species
33945.0,12,21918842,Enterococcus avium,species,cellular organisms;Bacteria;Terrabacteria group;Bacillota;Bacilli;Lactobacillales;Enterococcaceae;Enterococcus;Enterococcus avium,131567;2;1783272;1239;91061;186826;81852;1350;33945,no rank;superkingdom;clade;phylum;class;order;family;genus;species
817.0,9,21607656,Bacteroides fragilis,species,cellular organisms;Bacteria;FCB group;Bacteroidota/Chlorobiota group;Bacteroidota;Bacteroidia;Bacteroidales;Bacteroidaceae;Bacteroides;Bacteroides fragilis,131567;2;1783270;68336;976;200643;171549;815;816;817,no rank;superkingdom;clade;clade;phylum;class;order;family;genus;species
1352.0,38,21404787,Enterococcus faecium,species,cellular organisms;Bacteria;Terrabacteria group;Bacillota;Bacilli;Lactobacillales;Enterococcaceae;Enterococcus;Enterococcus faecium,131567;2;1783272;1239;91061;186826;81852;1350;1352,no rank;superkingdom;clade;phylum;class;order;family;genus;species
747.0,31,21379216,Pasteurella multocida,species,cellular organisms;Bacteria;Pseudomonadota;Gammaproteobacteria;Pasteurellales;Pasteurellaceae;Pasteurella;Pasteurella multocida,131567;2;1224;1236;135625;712;745;747,no rank;superkingdom;phylum;class;order;family;genus;species
1351.0,16,21338795,Enterococcus faecalis,species,cellular organisms;Bacteria;Terrabacteria group;Bacillota;Bacilli;Lactobacillales;Enterococcaceae;Enterococcus;Enterococcus faecalis,131567;2;1783272;1239;91061;186826;81852;1350;1351,no rank;superkingdom;clade;phylum;class;order;family;genus;species
28090.0,130,21059395,Acinetobacter lwoffii,species,cellular organisms;Bacteria;Pseudomonadota;Gammaproteobacteria;Moraxellales;Moraxellaceae;Acinetobacter;Acinetobacter lwoffii,131567;2;1224;1236;2887326;468;469;28090,no rank;superkingdom;phylum;class;order;family;genus;species
615.0,20,20889861,Serratia marcescens,species,cellular organisms;Bacteria;Pseudomonadota;Gammaproteobacteria;Enterobacterales;Yersiniaceae;Serratia;Serratia marcescens,131567;2;1224;1236;91347;1903411;613;615,no rank;superkingdom;phylum;class;order;family;genus;species
294381.0,1529,20835395,Entamoeba histolytica HM-1:IMSS,strain,cellular organisms;Eukaryota;Amoebozoa;Evosea;Archamoebae;Mastigamoebida;Entamoebidae;Entamoeba;Entamoeba histolytica;Entamoeba histolytica HM-1:IMSS,131567;2759;554915;2605435;555406;2682482;33084;5758;5759;294381,no rank;superkingdom;clade;phylum;clade;order;family;genus;species;strain
1290.0,84,20791759,Staphylococcus hominis,species,cellular organisms;Bacteria;Terrabacteria group;Bacillota;Bacilli;Bacillales;Staphylococcaceae;Staphylococcus;Staphylococcus hominis,131567;2;1783272;1239;91061;1385;90964;1279;1290,no rank;superkingdom;clade;phylum;class;order;family;genus;species
546.0,7,20781000,Citrobacter freundii,species,cellular organisms;Bacteria;Pseudomonadota;Gammaproteobacteria;Enterobacterales;Enterobacteriaceae;Citrobacter;Citrobacter freundii complex;Citrobacter freundii,131567;2;1224;1236;91347;543;544;1344959;546,no rank;superkingdom;phylum;class;order;family;genus;species group;species
337.0,13,20540837,Burkholderia glumae,species,cellular organisms;Bacteria;Pseudomonadota;Betaproteobacteria;Burkholderiales;Burkholderiaceae;Burkholderia;Burkholderia glumae,131567;2;1224;28216;80840;119060;32008;337,no rank;superkingdom;phylum;class;order;family;genus;species
582.0,12,20427631,Morganella morganii,species,cellular organisms;Bacteria;Pseudomonadota;Gammaproteobacteria;Enterobacterales;Morganellaceae;Morganella;Morganella morganii,131567;2;1224;1236;91347;1903414;581;582,no rank;superkingdom;phylum;class;order;family;genus;species
32002.0,3,20290285,Achromobacter denitrificans,species,cellular organisms;Bacteria;Pseudomonadota;Betaproteobacteria;Burkholderiales;Alcaligenaceae;Achromobacter;Achromobacter denitrificans,131567;2;1224;28216;80840;506;222;32002,no rank;superkingdom;phylum;class;order;family;genus;species
35703.0,11,20125407,Citrobacter amalonaticus,species,cellular organisms;Bacteria;Pseudomonadota;Gammaproteobacteria;Enterobacterales;Enterobacteriaceae;Citrobacter;Citrobacter amalonaticus,131567;2;1224;1236;91347;543;544;35703,no rank;superkingdom;phylum;class;order;family;genus;species
82633.0,13,19725309,Cupriavidus pauculus,species,cellular organisms;Bacteria;Pseudomonadota;Betaproteobacteria;Burkholderiales;Burkholderiaceae;Cupriavidus;Cupriavidus pauculus,131567;2;1224;28216;80840;119060;106589;82633,no rank;superkingdom;phylum;class;order;family;genus;species
28116.0,3,19469148,Bacteroides ovatus,species,cellular organisms;Bacteria;FCB group;Bacteroidota/Chlorobiota group;Bacteroidota;Bacteroidia;Bacteroidales;Bacteroidaceae;Bacteroides;Bacteroides ovatus,131567;2;1783270;68336;976;200643;171549;815;816;28116,no rank;superkingdom;clade;clade;phylum;class;order;family;genus;species
33889.0,5,19406386,Brevibacterium casei,species,cellular organisms;Bacteria;Terrabacteria group;Actinomycetota;Actinomycetes;Micrococcales;Brevibacteriaceae;Brevibacterium;Brevibacterium casei,131567;2;1783272;201174;1760;85006;85019;1696;33889,no rank;superkingdom;clade;phylum;class;order;family;genus;species
152500.0,9,19013840,Burkholderia dolosa,species,cellular organisms;Bacteria;Pseudomonadota;Betaproteobacteria;Burkholderiales;Burkholderiaceae;Burkholderia;Burkholderia cepacia complex;Burkholderia dolosa,131567;2;1224;28216;80840;119060;32008;87882;152500,no rank;superkingdom;phylum;class;order;family;genus;species group;species
818.0,56,18923433,Bacteroides thetaiotaomicron,species,cellular organisms;Bacteria;FCB group;Bacteroidota/Chlorobiota group;Bacteroidota;Bacteroidia;Bacteroidales;Bacteroidaceae;Bacteroides;Bacteroides thetaiotaomicron,131567;2;1783270;68336;976;200643;171549;815;816;818,no rank;superkingdom;clade;clade;phylum;class;order;family;genus;species
235443.0,15,18916112,Cryptococcus neoformans var. grubii H99,strain,cellular organisms;Eukaryota;Opisthokonta;Fungi;Dikarya;Basidiomycota;Agaricomycotina;Tremellomycetes;Tremellales;Cryptococcaceae;Cryptococcus;Cryptococcus neoformans species complex;Cryptococcus neoformans;Cryptococcus neoformans serotype A;Cryptococcus neoformans var. grubii H99,131567;2759;33154;4751;451864;5204;5302;155616;5234;1884633;5206;1897064;5207;178876;235443,no rank;superkingdom;clade;kingdom;subkingdom;phylum;subphylum;class;order;family;genus;species group;species;varietas;strain
61646.0,9,18488660,Lelliottia amnigena,species,cellular organisms;Bacteria;Pseudomonadota;Gammaproteobacteria;Enterobacterales;Enterobacteriaceae;Lelliottia;Lelliottia amnigena,131567;2;1224;1236;91347;543;1330545;61646,no rank;superkingdom;phylum;class;order;family;genus;species
367775.0,14,18374760,Cryptococcus gattii WM276,strain,cellular organisms;Eukaryota;Opisthokonta;Fungi;Dikarya;Basidiomycota;Agaricomycotina;Tremellomycetes;Tremellales;Cryptococcaceae;Cryptococcus;Cryptococcus gattii species complex;Cryptococcus gattii;Cryptococcus gattii WM276,131567;2759;33154;4751;451864;5204;5302;155616;5234;1884633;5206;1884637;37769;367775,no rank;superkingdom;clade;kingdom;subkingdom;phylum;subphylum;class;order;family;genus;species group;species;strain
587.0,6,18321611,Providencia rettgeri,species,cellular organisms;Bacteria;Pseudomonadota;Gammaproteobacteria;Enterobacterales;Morganellaceae;Providencia;Providencia rettgeri,131567;2;1224;1236;91347;1903414;586;587,no rank;superkingdom;phylum;class;order;family;genus;species
303.0,5,18127813,Pseudomonas putida,species,cellular organisms;Bacteria;Pseudomonadota;Gammaproteobacteria;Pseudomonadales;Pseudomonadaceae;Pseudomonas;Pseudomonas putida group;Pseudomonas putida,131567;2;1224;1236;72274;135621;286;136845;303,no rank;superkingdom;phylum;class;order;family;genus;species group;species
487.0,8,18113790,Neisseria meningitidis,species,cellular organisms;Bacteria;Pseudomonadota;Betaproteobacteria;Neisseriales;Neisseriaceae;Neisseria;Neisseria meningitidis,131567;2;1224;28216;206351;481;482;487,no rank;superkingdom;phylum;class;order;family;genus;species
669.0,6,17752198,Vibrio harveyi,species,cellular organisms;Bacteria;Pseudomonadota;Gammaproteobacteria;Vibrionales;Vibrionaceae;Vibrio;Vibrio harveyi group;Vibrio harveyi,131567;2;1224;1236;135623;641;662;717610;669,no rank;superkingdom;phylum;class;order;family;genus;species group;species
32009.0,8,17179713,Burkholderia gladioli pv. gladioli,no rank,cellular organisms;Bacteria;Pseudomonadota;Betaproteobacteria;Burkholderiales;Burkholderiaceae;Burkholderia;Burkholderia gladioli;Burkholderia gladioli pv. gladioli,131567;2;1224;28216;80840;119060;32008;28095;32009,no rank;superkingdom;phylum;class;order;family;genus;species;no rank
292.0,8,17139678,Burkholderia cepacia,species,cellular organisms;Bacteria;Pseudomonadota;Betaproteobacteria;Burkholderiales;Burkholderiaceae;Burkholderia;Burkholderia cepacia complex;Burkholderia cepacia,131567;2;1224;28216;80840;119060;32008;87882;292,no rank;superkingdom;phylum;class;order;family;genus;species group;species
244366.0,9,17078005,Klebsiella variicola,species,cellular organisms;Bacteria;Pseudomonadota;Gammaproteobacteria;Enterobacterales;Enterobacteriaceae;Klebsiella/Raoultella group;Klebsiella;Klebsiella variicola,131567;2;1224;1236;91347;543;2890311;570;244366,no rank;superkingdom;phylum;class;order;family;no rank;genus;species
5476.0,69,17026608,Candida albicans,species,cellular organisms;Eukaryota;Opisthokonta;Fungi;Dikarya;Ascomycota;saccharomyceta;Saccharomycotina;Pichiomycetes;Serinales;Debaryomycetaceae;Candida/Lodderomyces clade;Candida;Candida albicans,131567;2759;33154;4751;451864;4890;716545;147537;3239874;2916678;766764;1535325;5475;5476,no rank;superkingdom;clade;kingdom;subkingdom;phylum;clade;subphylum;class;order;family;clade;genus;species
2026188.0,8,16715842,Bacillus tropicus,species,cellular organisms;Bacteria;Terrabacteria group;Bacillota;Bacilli;Bacillales;Bacillaceae;Bacillus;Bacillus cereus group;Bacillus tropicus,131567;2;1783272;1239;91061;1385;186817;1386;86661;2026188,no rank;superkingdom;clade;phylum;class;order;family;genus;species group;species
1502.0,11,16617793,Clostridium perfringens,species,cellular organisms;Bacteria;Terrabacteria group;Bacillota;Clostridia;Eubacteriales;Clostridiaceae;Clostridium;Clostridium perfringens,131567;2;1783272;1239;186801;186802;31979;1485;1502,no rank;superkingdom;clade;phylum;class;order;family;genus;species
666.0,14,16365889,Vibrio cholerae,species,cellular organisms;Bacteria;Pseudomonadota;Gammaproteobacteria;Vibrionales;Vibrionaceae;Vibrio;Vibrio cholerae,131567;2;1224;1236;135623;641;662;666,no rank;superkingdom;phylum;class;order;family;genus;species
50719.0,7,15731576,Vibrio diabolicus,species,cellular organisms;Bacteria;Pseudomonadota;Gammaproteobacteria;Vibrionales;Vibrionaceae;Vibrio;Vibrio harveyi group;Vibrio diabolicus subgroup;Vibrio diabolicus,131567;2;1224;1236;135623;641;662;717610;2315253;50719,no rank;superkingdom;phylum;class;order;family;genus;species group;species subgroup;species
258.0,4,15548842,Sphingobacterium spiritivorum,species,cellular organisms;Bacteria;FCB group;Bacteroidota/Chlorobiota group;Bacteroidota;Sphingobacteriia;Sphingobacteriales;Sphingobacteriaceae;Sphingobacterium;Sphingobacterium spiritivorum,131567;2;1783270;68336;976;117747;200666;84566;28453;258,no rank;superkingdom;clade;clade;phylum;class;order;family;genus;species
90371.0,9,15250614,Salmonella enterica subsp. enterica serovar Typhimurium,no rank,cellular organisms;Bacteria;Pseudomonadota;Gammaproteobacteria;Enterobacterales;Enterobacteriaceae;Salmonella;Salmonella enterica;Salmonella enterica subsp. enterica;Salmonella enterica subsp. enterica serovar Typhimurium,131567;2;1224;1236;91347;543;590;28901;59201;90371,no rank;superkingdom;phylum;class;order;family;genus;species;subspecies;no rank
40214.0,30,15143252,Acinetobacter johnsonii,species,cellular organisms;Bacteria;Pseudomonadota;Gammaproteobacteria;Moraxellales;Moraxellaceae;Acinetobacter;Acinetobacter johnsonii,131567;2;1224;1236;2887326;468;469;40214,no rank;superkingdom;phylum;class;order;family;genus;species
152480.0,8,15070955,Burkholderia ambifaria,species,cellular organisms;Bacteria;Pseudomonadota;Betaproteobacteria;Burkholderiales;Burkholderiaceae;Burkholderia;Burkholderia cepacia complex;Burkholderia ambifaria,131567;2;1224;28216;80840;119060;32008;87882;152480,no rank;superkingdom;phylum;class;order;family;genus;species group;species
569.0,87,14851643,Hafnia alvei,species,cellular organisms;Bacteria;Pseudomonadota;Gammaproteobacteria;Enterobacterales;Hafniaceae;Hafnia;Hafnia alvei,131567;2;1224;1236;91347;1903412;568;569,no rank;superkingdom;phylum;class;order;family;genus;species
631.0,3,14818476,Yersinia intermedia,species,cellular organisms;Bacteria;Pseudomonadota;Gammaproteobacteria;Enterobacterales;Yersiniaceae;Yersinia;Yersinia intermedia,131567;2;1224;1236;91347;1903411;629;631,no rank;superkingdom;phylum;class;order;family;genus;species
294747.0,24,14630139,Candida tropicalis MYA-3404,strain,cellular organisms;Eukaryota;Opisthokonta;Fungi;Dikarya;Ascomycota;saccharomyceta;Saccharomycotina;Pichiomycetes;Serinales;Debaryomycetaceae;Candida/Lodderomyces clade;Candida;Candida tropicalis;Candida tropicalis MYA-3404,131567;2759;33154;4751;451864;4890;716545;147537;3239874;2916678;766764;1535325;5475;5482;294747,no rank;superkingdom;clade;kingdom;subkingdom;phylum;clade;subphylum;class;order;family;clade;genus;species;strain
61645.0,13,14625621,Enterobacter asburiae,species,cellular organisms;Bacteria;Pseudomonadota;Gammaproteobacteria;Enterobacterales;Enterobacteriaceae;Enterobacter;Enterobacter cloacae complex;Enterobacter asburiae,131567;2;1224;1236;91347;543;547;354276;61645,no rank;superkingdom;phylum;class;order;family;genus;species group;species
573826.0,8,14618422,Candida dubliniensis CD36,strain,cellular organisms;Eukaryota;Opisthokonta;Fungi;Dikarya;Ascomycota;saccharomyceta;Saccharomycotina;Pichiomycetes;Serinales;Debaryomycetaceae;Candida/Lodderomyces clade;Candida;Candida dubliniensis;Candida dubliniensis CD36,131567;2759;33154;4751;451864;4890;716545;147537;3239874;2916678;766764;1535325;5475;42374;573826,no rank;superkingdom;clade;kingdom;subkingdom;phylum;clade;subphylum;class;order;family;clade;genus;species;strain
1354.0,14,14602134,Enterococcus hirae,species,cellular organisms;Bacteria;Terrabacteria group;Bacillota;Bacilli;Lactobacillales;Enterococcaceae;Enterococcus;Enterococcus hirae,131567;2;1783272;1239;91061;186826;81852;1350;1354,no rank;superkingdom;clade;phylum;class;order;family;genus;species
4932.0,62,14455402,Saccharomyces cerevisiae,species,cellular organisms;Eukaryota;Opisthokonta;Fungi;Dikarya;Ascomycota;saccharomyceta;Saccharomycotina;Saccharomycetes;Saccharomycetales;Saccharomycetaceae;Saccharomyces;Saccharomyces cerevisiae,131567;2759;33154;4751;451864;4890;716545;147537;4891;4892;4893;4930;4932,no rank;superkingdom;clade;kingdom;subkingdom;phylum;clade;subphylum;class;order;family;genus;species
246787.0,94,14453927,Bacteroides cellulosilyticus,species,cellular organisms;Bacteria;FCB group;Bacteroidota/Chlorobiota group;Bacteroidota;Bacteroidia;Bacteroidales;Bacteroidaceae;Bacteroides;Bacteroides cellulosilyticus,131567;2;1783270;68336;976;200643;171549;815;816;246787,no rank;superkingdom;clade;clade;phylum;class;order;family;genus;species
37734.0,12,14430792,Enterococcus casseliflavus,species,cellular organisms;Bacteria;Terrabacteria group;Bacillota;Bacilli;Lactobacillales;Enterococcaceae;Enterococcus;Enterococcus casseliflavus,131567;2;1783272;1239;91061;186826;81852;1350;37734,no rank;superkingdom;clade;phylum;class;order;family;genus;species
536.0,6,14416843,Chromobacterium violaceum,species,cellular organisms;Bacteria;Pseudomonadota;Betaproteobacteria;Neisseriales;Chromobacteriaceae;Chromobacterium;Chromobacterium violaceum,131567;2;1224;28216;206351;1499392;535;536,no rank;superkingdom;phylum;class;order;family;genus;species
47678.0,54,14340937,Bacteroides caccae,species,cellular organisms;Bacteria;FCB group;Bacteroidota/Chlorobiota group;Bacteroidota;Bacteroidia;Bacteroidales;Bacteroidaceae;Bacteroides;Bacteroides caccae,131567;2;1783270;68336;976;200643;171549;815;816;47678,no rank;superkingdom;clade;clade;phylum;class;order;family;genus;species
648.0,12,13952331,Aeromonas caviae,species,cellular organisms;Bacteria;Pseudomonadota;Gammaproteobacteria;Aeromonadales;Aeromonadaceae;Aeromonas;Aeromonas caviae,131567;2;1224;1236;135624;84642;642;648,no rank;superkingdom;phylum;class;order;family;genus;species
1772.0,3,13933050,Mycolicibacterium smegmatis,species,cellular organisms;Bacteria;Terrabacteria group;Actinomycetota;Actinomycetes;Mycobacteriales;Mycobacteriaceae;Mycolicibacterium;Mycolicibacterium smegmatis,131567;2;1783272;201174;1760;85007;1762;1866885;1772,no rank;superkingdom;clade;phylum;class;order;family;genus;species
263.0,10,13339549,Francisella tularensis,species,cellular organisms;Bacteria;Pseudomonadota;Gammaproteobacteria;Thiotrichales;Francisellaceae;Francisella;Francisella tularensis,131567;2;1224;1236;72273;34064;262;263,no rank;superkingdom;phylum;class;order;family;genus;species
43765.0,5,13289157,Corynebacterium amycolatum,species,cellular organisms;Bacteria;Terrabacteria group;Actinomycetota;Actinomycetes;Mycobacteriales;Corynebacteriaceae;Corynebacterium;Corynebacterium amycolatum,131567;2;1783272;201174;1760;85007;1653;1716;43765,no rank;superkingdom;clade;phylum;class;order;family;genus;species
1134687.0,10,13134293,Klebsiella michiganensis,species,cellular organisms;Bacteria;Pseudomonadota;Gammaproteobacteria;Enterobacterales;Enterobacteriaceae;Klebsiella/Raoultella group;Klebsiella;Klebsiella michiganensis,131567;2;1224;1236;91347;543;2890311;570;1134687,no rank;superkingdom;phylum;class;order;family;no rank;genus;species
28035.0,6,12868366,Staphylococcus lugdunensis,species,cellular organisms;Bacteria;Terrabacteria group;Bacillota;Bacilli;Bacillales;Staphylococcaceae;Staphylococcus;Staphylococcus lugdunensis,131567;2;1783272;1239;91061;1385;90964;1279;28035,no rank;superkingdom;clade;phylum;class;order;family;genus;species
5478.0,13,12726212,Nakaseomyces glabratus,species,cellular organisms;Eukaryota;Opisthokonta;Fungi;Dikarya;Ascomycota;saccharomyceta;Saccharomycotina;Saccharomycetes;Saccharomycetales;Saccharomycetaceae;Nakaseomyces;Nakaseomyces glabratus,131567;2759;33154;4751;451864;4890;716545;147537;4891;4892;4893;374468;5478,no rank;superkingdom;clade;kingdom;subkingdom;phylum;clade;subphylum;class;order;family;genus;species
1136231.0,8,12659401,Candida orthopsilosis Co 90-125,strain,cellular organisms;Eukaryota;Opisthokonta;Fungi;Dikarya;Ascomycota;saccharomyceta;Saccharomycotina;Pichiomycetes;Serinales;Debaryomycetaceae;Candida/Lodderomyces clade;Candida;Candida orthopsilosis;Candida orthopsilosis Co 90-125,131567;2759;33154;4751;451864;4890;716545;147537;3239874;2916678;766764;1535325;5475;273371;1136231,no rank;superkingdom;clade;kingdom;subkingdom;phylum;clade;subphylum;class;order;family;clade;genus;species;strain
585.0,746,12263618,Proteus vulgaris,species,cellular organisms;Bacteria;Pseudomonadota;Gammaproteobacteria;Enterobacterales;Morganellaceae;Proteus;Proteus vulgaris,131567;2;1224;1236;91347;1903414;583;585,no rank;superkingdom;phylum;class;order;family;genus;species
498019.0,7,12249773,Candidozyma auris,species,cellular organisms;Eukaryota;Opisthokonta;Fungi;Dikarya;Ascomycota;saccharomyceta;Saccharomycotina;Pichiomycetes;Serinales;Metschnikowiaceae;Candidozyma;Candidozyma auris,131567;2759;33154;4751;451864;4890;716545;147537;3239874;2916678;27319;3303203;498019,no rank;superkingdom;clade;kingdom;subkingdom;phylum;clade;subphylum;class;order;family;genus;species
36911.0,9,12152819,Clavispora lusitaniae,species,cellular organisms;Eukaryota;Opisthokonta;Fungi;Dikarya;Ascomycota;saccharomyceta;Saccharomycotina;Pichiomycetes;Serinales;Metschnikowiaceae;Clavispora;Clavispora lusitaniae,131567;2759;33154;4751;451864;4890;716545;147537;3239874;2916678;27319;36910;36911,no rank;superkingdom;clade;kingdom;subkingdom;phylum;clade;subphylum;class;order;family;genus;species
648995.0,383,12124931,Agrobacterium pusense,species,cellular organisms;Bacteria;Pseudomonadota;Alphaproteobacteria;Hyphomicrobiales;Rhizobiaceae;Rhizobium/Agrobacterium group;Agrobacterium;Agrobacterium pusense,131567;2;1224;28211;356;82115;227290;357;648995,no rank;superkingdom;phylum;class;order;family;no rank;genus;species
5741.0,35,12078186,Giardia intestinalis,species,cellular organisms;Eukaryota;Metamonada;Fornicata;Diplomonadida;Hexamitidae;Giardiinae;Giardia;Giardia intestinalis,131567;2759;2611341;207245;5738;5739;68459;5740;5741,no rank;superkingdom;clade;phylum;order;family;subfamily;genus;species
1117645.0,3,12070977,Elizabethkingia anophelis,species,cellular organisms;Bacteria;FCB group;Bacteroidota/Chlorobiota group;Bacteroidota;Flavobacteriia;Flavobacteriales;Weeksellaceae;Elizabethkingia;Elizabethkingia anophelis,131567;2;1783270;68336;976;117743;200644;2762318;308865;1117645,no rank;superkingdom;clade;clade;phylum;class;order;family;genus;species
1509.0,9,12051316,Clostridium sporogenes,species,cellular organisms;Bacteria;Terrabacteria group;Bacillota;Clostridia;Eubacteriales;Clostridiaceae;Clostridium;Clostridium sporogenes,131567;2;1783272;1239;186801;186802;31979;1485;1509,no rank;superkingdom;clade;phylum;class;order;family;genus;species
1303.0,6,11823516,Streptococcus oralis,species,cellular organisms;Bacteria;Terrabacteria group;Bacillota;Bacilli;Lactobacillales;Streptococcaceae;Streptococcus;Streptococcus oralis,131567;2;1783272;1239;91061;186826;1300;1301;1303,no rank;superkingdom;clade;phylum;class;order;family;genus;species
39791.0,5,11566607,Corynebacterium glucuronolyticum,species,cellular organisms;Bacteria;Terrabacteria group;Actinomycetota;Actinomycetes;Mycobacteriales;Corynebacteriaceae;Corynebacterium;Corynebacterium glucuronolyticum,131567;2;1783272;201174;1760;85007;1653;1716;39791,no rank;superkingdom;clade;phylum;class;order;family;genus;species
43770.0,5,11527767,Corynebacterium striatum,species,cellular organisms;Bacteria;Terrabacteria group;Actinomycetota;Actinomycetes;Mycobacteriales;Corynebacteriaceae;Corynebacterium;Corynebacterium striatum,131567;2;1783272;201174;1760;85007;1653;1716;43770,no rank;superkingdom;clade;phylum;class;order;family;genus;species
291645.0,2,11357164,Bacteroides nordii,species,cellular organisms;Bacteria;FCB group;Bacteroidota/Chlorobiota group;Bacteroidota;Bacteroidia;Bacteroidales;Bacteroidaceae;Bacteroides;Bacteroides nordii,131567;2;1783270;68336;976;200643;171549;815;816;291645,no rank;superkingdom;clade;clade;phylum;class;order;family;genus;species
1045010.0,5,11252366,Escherichia coli O157,serogroup,cellular organisms;Bacteria;Pseudomonadota;Gammaproteobacteria;Enterobacterales;Enterobacteriaceae;Escherichia;Escherichia coli;Escherichia coli O157,131567;2;1224;1236;91347;543;561;562;1045010,no rank;superkingdom;phylum;class;order;family;genus;species;serogroup
1311.0,15,11237203,Streptococcus agalactiae,species,cellular organisms;Bacteria;Terrabacteria group;Bacillota;Bacilli;Lactobacillales;Streptococcaceae;Streptococcus;Streptococcus agalactiae,131567;2;1783272;1239;91061;186826;1300;1301;1311,no rank;superkingdom;clade;phylum;class;order;family;genus;species
246432.0,15,11162979,Staphylococcus equorum,species,cellular organisms;Bacteria;Terrabacteria group;Bacillota;Bacilli;Bacillales;Staphylococcaceae;Staphylococcus;Staphylococcus equorum,131567;2;1783272;1239;91061;1385;90964;1279;246432,no rank;superkingdom;clade;phylum;class;order;family;genus;species
1314.0,10,11099580,Streptococcus pyogenes,species,cellular organisms;Bacteria;Terrabacteria group;Bacillota;Bacilli;Lactobacillales;Streptococcaceae;Streptococcus;Streptococcus pyogenes,131567;2;1783272;1239;91061;186826;1300;1301;1314,no rank;superkingdom;clade;phylum;class;order;family;genus;species
1334.0,10,10984369,Streptococcus dysgalactiae,species,cellular organisms;Bacteria;Terrabacteria group;Bacillota;Bacilli;Lactobacillales;Streptococcaceae;Streptococcus;Streptococcus dysgalactiae group;Streptococcus dysgalactiae,131567;2;1783272;1239;91061;186826;1300;1301;119603;1334,no rank;superkingdom;clade;phylum;class;order;family;genus;species group;species
1003335.0,9,10966467,Kluyveromyces marxianus DMKU3-1042,strain,cellular organisms;Eukaryota;Opisthokonta;Fungi;Dikarya;Ascomycota;saccharomyceta;Saccharomycotina;Saccharomycetes;Saccharomycetales;Saccharomycetaceae;Kluyveromyces;Kluyveromyces marxianus;Kluyveromyces marxianus DMKU3-1042,131567;2759;33154;4751;451864;4890;716545;147537;4891;4892;4893;4910;4911;1003335,no rank;superkingdom;clade;kingdom;subkingdom;phylum;clade;subphylum;class;order;family;genus;species;strain
1038927.0,8,10943599,Escherichia coli O104:H4,serotype,cellular organisms;Bacteria;Pseudomonadota;Gammaproteobacteria;Enterobacterales;Enterobacteriaceae;Escherichia;Escherichia coli;Escherichia coli O104:H4,131567;2;1224;1236;91347;543;561;562;1038927,no rank;superkingdom;phylum;class;order;family;genus;species;serotype
1463165.0,5,10907874,Klebsiella quasipneumoniae,species,cellular organisms;Bacteria;Pseudomonadota;Gammaproteobacteria;Enterobacterales;Enterobacteriaceae;Klebsiella/Raoultella group;Klebsiella;Klebsiella quasipneumoniae,131567;2;1224;1236;91347;543;2890311;570;1463165,no rank;superkingdom;phylum;class;order;family;no rank;genus;species
1302.0,5,10883024,Streptococcus gordonii,species,cellular organisms;Bacteria;Terrabacteria group;Bacillota;Bacilli;Lactobacillales;Streptococcaceae;Streptococcus;Streptococcus gordonii,131567;2;1783272;1239;91061;186826;1300;1301;1302,no rank;superkingdom;clade;phylum;class;order;family;genus;species
61647.0,4,10847639,Pluralibacter gergoviae,species,cellular organisms;Bacteria;Pseudomonadota;Gammaproteobacteria;Enterobacterales;Enterobacteriaceae;Pluralibacter;Pluralibacter gergoviae,131567;2;1224;1236;91347;543;1330546;61647,no rank;superkingdom;phylum;class;order;family;genus;species
4909.0,5,10812555,Pichia kudriavzevii,species,cellular organisms;Eukaryota;Opisthokonta;Fungi;Dikarya;Ascomycota;saccharomyceta;Saccharomycotina;Pichiomycetes;Pichiales;Pichiaceae;Pichia;Pichia kudriavzevii,131567;2759;33154;4751;451864;4890;716545;147537;3239874;3243775;1156497;4919;4909,no rank;superkingdom;clade;kingdom;subkingdom;phylum;clade;subphylum;class;order;family;genus;species
614.0,3,10801225,Serratia liquefaciens,species,cellular organisms;Bacteria;Pseudomonadota;Gammaproteobacteria;Enterobacterales;Yersiniaceae;Serratia;Serratia liquefaciens,131567;2;1224;1236;91347;1903411;613;614,no rank;superkingdom;phylum;class;order;family;genus;species
1283.0,24,10762108,Staphylococcus haemolyticus,species,cellular organisms;Bacteria;Terrabacteria group;Bacillota;Bacilli;Bacillales;Staphylococcaceae;Staphylococcus;Staphylococcus haemolyticus,131567;2;1783272;1239;91061;1385;90964;1279;1283,no rank;superkingdom;clade;phylum;class;order;family;genus;species
1363.0,13,10734495,Lactococcus garvieae,species,cellular organisms;Bacteria;Terrabacteria group;Bacillota;Bacilli;Lactobacillales;Streptococcaceae;Lactococcus;Lactococcus garvieae,131567;2;1783272;1239;91061;186826;1300;1357;1363,no rank;superkingdom;clade;phylum;class;order;family;genus;species
1397.0,5,10638997,Niallia circulans,species,cellular organisms;Bacteria;Terrabacteria group;Bacillota;Bacilli;Bacillales;Bacillaceae;Niallia;Niallia circulans,131567;2;1783272;1239;91061;1385;186817;2837506;1397,no rank;superkingdom;clade;phylum;class;order;family;genus;species
294746.0,9,10609954,Meyerozyma guilliermondii ATCC 6260,strain,cellular organisms;Eukaryota;Opisthokonta;Fungi;Dikarya;Ascomycota;saccharomyceta;Saccharomycotina;Pichiomycetes;Serinales;Debaryomycetaceae;Meyerozyma;Meyerozyma guilliermondii;Meyerozyma guilliermondii ATCC 6260,131567;2759;33154;4751;451864;4890;716545;147537;3239874;2916678;766764;766728;4929;294746,no rank;superkingdom;clade;kingdom;subkingdom;phylum;clade;subphylum;class;order;family;genus;species;strain
2054.0,3,10606068,Gordonia bronchialis,species,cellular organisms;Bacteria;Terrabacteria group;Actinomycetota;Actinomycetes;Mycobacteriales;Gordoniaceae;Gordonia;Gordonia bronchialis,131567;2;1783272;201174;1760;85007;85026;2053;2054,no rank;superkingdom;clade;phylum;class;order;family;genus;species
29385.0,12,10504262,Staphylococcus saprophyticus,species,cellular organisms;Bacteria;Terrabacteria group;Bacillota;Bacilli;Bacillales;Staphylococcaceae;Staphylococcus;Staphylococcus saprophyticus,131567;2;1783272;1239;91061;1385;90964;1279;29385,no rank;superkingdom;clade;phylum;class;order;family;genus;species
821.0,3,10500537,Phocaeicola vulgatus,species,cellular organisms;Bacteria;FCB group;Bacteroidota/Chlorobiota group;Bacteroidota;Bacteroidia;Bacteroidales;Bacteroidaceae;Phocaeicola;Phocaeicola vulgatus,131567;2;1783270;68336;976;200643;171549;815;909656;821,no rank;superkingdom;clade;clade;phylum;class;order;family;genus;species
34062.0,122,10337686,Moraxella osloensis,species,cellular organisms;Bacteria;Pseudomonadota;Gammaproteobacteria;Moraxellales;Moraxellaceae;Moraxella;Moraxella osloensis,131567;2;1224;1236;2887326;468;475;34062,no rank;superkingdom;phylum;class;order;family;genus;species
1620419.0,8,10305545,Salmonella enterica subsp. enterica serovar Typhimurium var. 5-,no rank,cellular organisms;Bacteria;Pseudomonadota;Gammaproteobacteria;Enterobacterales;Enterobacteriaceae;Salmonella;Salmonella enterica;Salmonella enterica subsp. enterica;Salmonella enterica subsp. enterica serovar Typhimurium;Salmonella enterica subsp. enterica serovar Typhimurium var. 5-,131567;2;1224;1236;91347;543;590;28901;59201;90371;1620419,no rank;superkingdom;phylum;class;order;family;genus;species;subspecies;no rank;no rank
1358.0,17,10278582,Lactococcus lactis,species,cellular organisms;Bacteria;Terrabacteria group;Bacillota;Bacilli;Lactobacillales;Streptococcaceae;Lactococcus;Lactococcus lactis,131567;2;1783272;1239;91061;186826;1300;1357;1358,no rank;superkingdom;clade;phylum;class;order;family;genus;species
446.0,4,10255742,Legionella pneumophila,species,cellular organisms;Bacteria;Pseudomonadota;Gammaproteobacteria;Legionellales;Legionellaceae;Legionella;Legionella pneumophila,131567;2;1224;1236;118969;444;445;446,no rank;superkingdom;phylum;class;order;family;genus;species
45972.0,37,10222242,Staphylococcus pasteuri,species,cellular organisms;Bacteria;Terrabacteria group;Bacillota;Bacilli;Bacillales;Staphylococcaceae;Staphylococcus;Staphylococcus pasteuri,131567;2;1783272;1239;91061;1385;90964;1279;45972,no rank;superkingdom;clade;phylum;class;order;family;genus;species
1547.0,3,10214654,Thomasclavelia ramosa,species,cellular organisms;Bacteria;Terrabacteria group;Bacillota;Erysipelotrichia;Erysipelotrichales;Coprobacillaceae;Thomasclavelia;Thomasclavelia ramosa,131567;2;1783272;1239;526524;526525;2810280;3025755;1547,no rank;superkingdom;clade;phylum;class;order;family;genus;species
197.0,7,10194638,Campylobacter jejuni,species,cellular organisms;Bacteria;Campylobacterota;Epsilonproteobacteria;Campylobacterales;Campylobacteraceae;Campylobacter;Campylobacter jejuni,131567;2;29547;3031852;213849;72294;194;197,no rank;superkingdom;phylum;class;order;family;genus;species
1812935.0,14,10107797,Enterobacter roggenkampii,species,cellular organisms;Bacteria;Pseudomonadota;Gammaproteobacteria;Enterobacterales;Enterobacteriaceae;Enterobacter;Enterobacter cloacae complex;Enterobacter roggenkampii,131567;2;1224;1236;91347;543;547;354276;1812935,no rank;superkingdom;phylum;class;order;family;genus;species group;species
1639133.0,6,10091992,Citrobacter portucalensis,species,cellular organisms;Bacteria;Pseudomonadota;Gammaproteobacteria;Enterobacterales;Enterobacteriaceae;Citrobacter;Citrobacter freundii complex;Citrobacter portucalensis,131567;2;1224;1236;91347;543;544;1344959;1639133,no rank;superkingdom;phylum;class;order;family;genus;species group;species
61652.0,2,10051188,Serratia rubidaea,species,cellular organisms;Bacteria;Pseudomonadota;Gammaproteobacteria;Enterobacterales;Yersiniaceae;Serratia;Serratia rubidaea,131567;2;1224;1236;91347;1903411;613;61652,no rank;superkingdom;phylum;class;order;family;genus;species
69218.0,8,10001324,Enterobacter cancerogenus,species,cellular organisms;Bacteria;Pseudomonadota;Gammaproteobacteria;Enterobacterales;Enterobacteriaceae;Enterobacter;Enterobacter cloacae complex;Enterobacter cancerogenus,131567;2;1224;1236;91347;543;547;354276;69218,no rank;superkingdom;phylum;class;order;family;genus;species group;species
29484.0,2,9934709,Yersinia frederiksenii,species,cellular organisms;Bacteria;Pseudomonadota;Gammaproteobacteria;Enterobacterales;Yersiniaceae;Yersinia;Yersinia frederiksenii,131567;2;1224;1236;91347;1903411;629;29484,no rank;superkingdom;phylum;class;order;family;genus;species
67827.0,3,9934402,Citrobacter werkmanii,species,cellular organisms;Bacteria;Pseudomonadota;Gammaproteobacteria;Enterobacterales;Enterobacteriaceae;Citrobacter;Citrobacter freundii complex;Citrobacter werkmanii,131567;2;1224;1236;91347;543;544;1344959;67827,no rank;superkingdom;phylum;class;order;family;genus;species group;species
2778070.0,2,9798102,Amycolatopsis sp. FDAARGOS 1241,species,cellular organisms;Bacteria;Terrabacteria group;Actinomycetota;Actinomycetes;Pseudonocardiales;Pseudonocardiaceae;Amycolatopsis;unclassified Amycolatopsis;Amycolatopsis sp. FDAARGOS 1241,131567;2;1783272;201174;1760;85010;2070;1813;2618356;2778070,no rank;superkingdom;clade;phylum;class;order;family;genus;no rank;species
4956.0,7,9764635,Zygosaccharomyces rouxii,species,cellular organisms;Eukaryota;Opisthokonta;Fungi;Dikarya;Ascomycota;saccharomyceta;Saccharomycotina;Saccharomycetes;Saccharomycetales;Saccharomycetaceae;Zygosaccharomyces;Zygosaccharomyces rouxii,131567;2759;33154;4751;451864;4890;716545;147537;4891;4892;4893;4953;4956,no rank;superkingdom;clade;kingdom;subkingdom;phylum;clade;subphylum;class;order;family;genus;species
611.0,3,9760041,Salmonella enterica subsp. enterica serovar Heidelberg,no rank,cellular organisms;Bacteria;Pseudomonadota;Gammaproteobacteria;Enterobacterales;Enterobacteriaceae;Salmonella;Salmonella enterica;Salmonella enterica subsp. enterica;Salmonella enterica subsp. enterica serovar Heidelberg,131567;2;1224;1236;91347;543;590;28901;59201;611,no rank;superkingdom;phylum;class;order;family;genus;species;subspecies;no rank
676.0,4,9695281,Vibrio fluvialis,species,cellular organisms;Bacteria;Pseudomonadota;Gammaproteobacteria;Vibrionales;Vibrionaceae;Vibrio;Vibrio fluvialis,131567;2;1224;1236;135623;641;662;676,no rank;superkingdom;phylum;class;order;family;genus;species
299767.0,2,9674153,Enterobacter ludwigii,species,cellular organisms;Bacteria;Pseudomonadota;Gammaproteobacteria;Enterobacterales;Enterobacteriaceae;Enterobacter;Enterobacter cloacae complex;Enterobacter ludwigii,131567;2;1224;1236;91347;543;547;354276;299767,no rank;superkingdom;phylum;class;order;family;genus;species group;species
644.0,8,9660967,Aeromonas hydrophila,species,cellular organisms;Bacteria;Pseudomonadota;Gammaproteobacteria;Aeromonadales;Aeromonadaceae;Aeromonas;Aeromonas hydrophila,131567;2;1224;1236;135624;84642;642;644,no rank;superkingdom;phylum;class;order;family;genus;species
147645.0,13,9519411,Paracoccus yeei,species,cellular organisms;Bacteria;Pseudomonadota;Alphaproteobacteria;Rhodobacterales;Paracoccaceae;Paracoccus;Paracoccus yeei,131567;2;1224;28211;204455;31989;265;147645,no rank;superkingdom;phylum;class;order;family;genus;species
546367.0,8,9428208,Hafnia paralvei,species,cellular organisms;Bacteria;Pseudomonadota;Gammaproteobacteria;Enterobacterales;Hafniaceae;Hafnia;Hafnia paralvei,131567;2;1224;1236;91347;1903412;568;546367,no rank;superkingdom;phylum;class;order;family;genus;species
564.0,3,9190471,Escherichia fergusonii,species,cellular organisms;Bacteria;Pseudomonadota;Gammaproteobacteria;Enterobacterales;Enterobacteriaceae;Escherichia;Escherichia fergusonii,131567;2;1224;1236;91347;543;561;564,no rank;superkingdom;phylum;class;order;family;genus;species
28082.0,8,9012496,Legionella anisa,species,cellular organisms;Bacteria;Pseudomonadota;Gammaproteobacteria;Legionellales;Legionellaceae;Legionella;Legionella anisa,131567;2;1224;1236;118969;444;445;28082,no rank;superkingdom;phylum;class;order;family;genus;species
134537.0,7,9009624,Paraburkholderia fungorum,species,cellular organisms;Bacteria;Pseudomonadota;Betaproteobacteria;Burkholderiales;Burkholderiaceae;Paraburkholderia;Paraburkholderia fungorum,131567;2;1224;28216;80840;119060;1822464;134537,no rank;superkingdom;phylum;class;order;family;genus;species
1255.0,12,8968357,Pediococcus pentosaceus,species,cellular organisms;Bacteria;Terrabacteria group;Bacillota;Bacilli;Lactobacillales;Lactobacillaceae;Pediococcus;Pediococcus pentosaceus,131567;2;1783272;1239;91061;186826;33958;1253;1255,no rank;superkingdom;clade;phylum;class;order;family;genus;species
316.0,2,8962333,Stutzerimonas stutzeri,species,cellular organisms;Bacteria;Pseudomonadota;Gammaproteobacteria;Pseudomonadales;Pseudomonadaceae;Stutzerimonas;Stutzerimonas stutzeri group;Stutzerimonas stutzeri subgroup;Stutzerimonas stutzeri,131567;2;1224;1236;72274;135621;2901164;136846;578833;316,no rank;superkingdom;phylum;class;order;family;genus;species group;species subgroup;species
37326.0,1,8935513,Nocardia brasiliensis,species,cellular organisms;Bacteria;Terrabacteria group;Actinomycetota;Actinomycetes;Mycobacteriales;Nocardiaceae;Nocardia;Nocardia brasiliensis,131567;2;1783272;201174;1760;85007;85025;1817;37326,no rank;superkingdom;clade;phylum;class;order;family;genus;species
485.0,7,8909808,Neisseria gonorrhoeae,species,cellular organisms;Bacteria;Pseudomonadota;Betaproteobacteria;Neisseriales;Neisseriaceae;Neisseria;Neisseria gonorrhoeae,131567;2;1224;28216;206351;481;482;485,no rank;superkingdom;phylum;class;order;family;genus;species
13689.0,8,8883130,Sphingomonas paucimobilis,species,cellular organisms;Bacteria;Pseudomonadota;Alphaproteobacteria;Sphingomonadales;Sphingomonadaceae;Sphingomonas;Sphingomonas paucimobilis,131567;2;1224;28211;204457;41297;13687;13689,no rank;superkingdom;phylum;class;order;family;genus;species
674.0,4,8870790,Vibrio mimicus,species,cellular organisms;Bacteria;Pseudomonadota;Gammaproteobacteria;Vibrionales;Vibrionaceae;Vibrio;Vibrio mimicus,131567;2;1224;1236;135623;641;662;674,no rank;superkingdom;phylum;class;order;family;genus;species
353151.0,1422,8743570,Cryptosporidium hominis TU502,strain,cellular organisms;Eukaryota;Sar;Alveolata;Apicomplexa;Conoidasida;Coccidia;Eucoccidiorida;Eimeriorina;Cryptosporidiidae;Cryptosporidium;Cryptosporidium hominis;Cryptosporidium hominis TU502,131567;2759;2698737;33630;5794;1280412;5796;75739;423054;35082;5806;237895;353151,no rank;superkingdom;clade;clade;phylum;class;subclass;order;suborder;family;genus;species;strain
256.0,2,8410197,Myroides odoratus,species,cellular organisms;Bacteria;FCB group;Bacteroidota/Chlorobiota group;Bacteroidota;Flavobacteriia;Flavobacteriales;Flavobacteriaceae;Myroides;Myroides odoratus,131567;2;1783270;68336;976;117743;200644;49546;76831;256,no rank;superkingdom;clade;clade;phylum;class;order;family;genus;species
1408657.0,70,8396240,Pneumocystis jirovecii RU7,strain,cellular organisms;Eukaryota;Opisthokonta;Fungi;Dikarya;Ascomycota;Taphrinomycotina;Pneumocystomycetes;Pneumocystales;Pneumocystaceae;Pneumocystis;Pneumocystis jirovecii;Pneumocystis jirovecii RU7,131567;2759;33154;4751;451864;4890;451866;147553;37987;44281;4753;42068;1408657,no rank;superkingdom;clade;kingdom;subkingdom;phylum;subphylum;class;order;family;genus;species;strain
450.0,3,8328188,Legionella longbeachae,species,cellular organisms;Bacteria;Pseudomonadota;Gammaproteobacteria;Legionellales;Legionellaceae;Legionella;Legionella longbeachae,131567;2;1224;1236;118969;444;445;450,no rank;superkingdom;phylum;class;order;family;genus;species
29382.0,15,8235322,Staphylococcus cohnii,species,cellular organisms;Bacteria;Terrabacteria group;Bacillota;Bacilli;Bacillales;Staphylococcaceae;Staphylococcus;Staphylococcus cohnii species complex;Staphylococcus cohnii,131567;2;1783272;1239;91061;1385;90964;1279;3239053;29382,no rank;superkingdom;clade;phylum;class;order;family;genus;species group;species
283734.0,3,8232495,Staphylococcus pseudintermedius,species,cellular organisms;Bacteria;Terrabacteria group;Bacillota;Bacilli;Bacillales;Staphylococcaceae;Staphylococcus;Staphylococcus intermedius group;Staphylococcus pseudintermedius,131567;2;1783272;1239;91061;1385;90964;1279;2815305;283734,no rank;superkingdom;clade;phylum;class;order;family;genus;species group;species
1309.0,4,8220724,Streptococcus mutans,species,cellular organisms;Bacteria;Terrabacteria group;Bacillota;Bacilli;Lactobacillales;Streptococcaceae;Streptococcus;Streptococcus mutans,131567;2;1783272;1239;91061;186826;1300;1301;1309,no rank;superkingdom;clade;phylum;class;order;family;genus;species
511.0,2,8145822,Alcaligenes faecalis,species,cellular organisms;Bacteria;Pseudomonadota;Betaproteobacteria;Burkholderiales;Alcaligenaceae;Alcaligenes;Alcaligenes faecalis,131567;2;1224;28216;80840;506;507;511,no rank;superkingdom;phylum;class;order;family;genus;species
41899.0,3,8124970,Burkholderia plantarii,species,cellular organisms;Bacteria;Pseudomonadota;Betaproteobacteria;Burkholderiales;Burkholderiaceae;Burkholderia;Burkholderia plantarii,131567;2;1224;28216;80840;119060;32008;41899,no rank;superkingdom;phylum;class;order;family;genus;species
38301.0,3,8117287,Corynebacterium minutissimum,species,cellular organisms;Bacteria;Terrabacteria group;Actinomycetota;Actinomycetes;Mycobacteriales;Corynebacteriaceae;Corynebacterium;Corynebacterium minutissimum,131567;2;1783272;201174;1760;85007;1653;1716;38301,no rank;superkingdom;clade;phylum;class;order;family;genus;species
482462.0,5,8080416,Mycobacterium dioxanotrophicus,species,cellular organisms;Bacteria;Terrabacteria group;Actinomycetota;Actinomycetes;Mycobacteriales;Mycobacteriaceae;Mycobacterium;Mycobacterium dioxanotrophicus,131567;2;1783272;201174;1760;85007;1762;1763;482462,no rank;superkingdom;clade;phylum;class;order;family;genus;species
636.0,18,8041250,Edwardsiella tarda,species,cellular organisms;Bacteria;Pseudomonadota;Gammaproteobacteria;Enterobacterales;Hafniaceae;Edwardsiella;Edwardsiella tarda,131567;2;1224;1236;91347;1903412;635;636,no rank;superkingdom;phylum;class;order;family;genus;species
28111.0,34,8000418,Bacteroides eggerthii,species,cellular organisms;Bacteria;FCB group;Bacteroidota/Chlorobiota group;Bacteroidota;Bacteroidia;Bacteroidales;Bacteroidaceae;Bacteroides;Bacteroides eggerthii,131567;2;1783270;68336;976;200643;171549;815;816;28111,no rank;superkingdom;clade;clade;phylum;class;order;family;genus;species
1927124.0,111,7927592,Mycobacterium aquaticum,species,cellular organisms;Bacteria;Terrabacteria group;Actinomycetota;Actinomycetes;Mycobacteriales;Mycobacteriaceae;Mycobacterium;Mycobacterium aquaticum,131567;2;1783272;201174;1760;85007;1762;1763;1927124,no rank;superkingdom;clade;phylum;class;order;family;genus;species
1281.0,6,7915958,Staphylococcus carnosus,species,cellular organisms;Bacteria;Terrabacteria group;Bacillota;Bacilli;Bacillales;Staphylococcaceae;Staphylococcus;Staphylococcus carnosus,131567;2;1783272;1239;91061;1385;90964;1279;1281,no rank;superkingdom;clade;phylum;class;order;family;genus;species
106654.0,2,7905299,Acinetobacter nosocomialis,species,cellular organisms;Bacteria;Pseudomonadota;Gammaproteobacteria;Moraxellales;Moraxellaceae;Acinetobacter;Acinetobacter calcoaceticus/baumannii complex;Acinetobacter nosocomialis,131567;2;1224;1236;2887326;468;469;909768;106654,no rank;superkingdom;phylum;class;order;family;genus;species group;species
39054.0,1081,7818171,Enterovirus A71,serotype,Viruses;Riboviria;Orthornavirae;Pisuviricota;Pisoniviricetes;Picornavirales;Picornaviridae;Ensavirinae;Enterovirus;Enterovirus A;Enterovirus A71,10239;2559587;2732396;2732408;2732506;464095;12058;2946630;12059;138948;39054,superkingdom;clade;kingdom;phylum;class;order;family;subfamily;genus;species;serotype
71237.0,6,7743837,Mammaliicoccus vitulinus,species,cellular organisms;Bacteria;Terrabacteria group;Bacillota;Bacilli;Bacillales;Staphylococcaceae;Mammaliicoccus;Mammaliicoccus vitulinus,131567;2;1783272;1239;91061;1385;90964;2803850;71237,no rank;superkingdom;clade;phylum;class;order;family;genus;species
1778.0,260,7601632,Mycobacterium gordonae,species,cellular organisms;Bacteria;Terrabacteria group;Actinomycetota;Actinomycetes;Mycobacteriales;Mycobacteriaceae;Mycobacterium;Mycobacterium gordonae,131567;2;1783272;201174;1760;85007;1762;1763;1778,no rank;superkingdom;clade;phylum;class;order;family;genus;species
29388.0,10,7578657,Staphylococcus capitis,species,cellular organisms;Bacteria;Terrabacteria group;Bacillota;Bacilli;Bacillales;Staphylococcaceae;Staphylococcus;Staphylococcus capitis,131567;2;1783272;1239;91061;1385;90964;1279;29388,no rank;superkingdom;clade;phylum;class;order;family;genus;species
1270.0,3,7458594,Micrococcus luteus,species,cellular organisms;Bacteria;Terrabacteria group;Actinomycetota;Actinomycetes;Micrococcales;Micrococcaceae;Micrococcus;Micrococcus luteus,131567;2;1783272;201174;1760;85006;1268;1269;1270,no rank;superkingdom;clade;phylum;class;order;family;genus;species
161879.0,3,7442398,Corynebacterium kroppenstedtii,species,cellular organisms;Bacteria;Terrabacteria group;Actinomycetota;Actinomycetes;Mycobacteriales;Corynebacteriaceae;Corynebacterium;Corynebacterium kroppenstedtii,131567;2;1783272;201174;1760;85007;1653;1716;161879,no rank;superkingdom;clade;phylum;class;order;family;genus;species
106590.0,3,7415967,Cupriavidus necator,species,cellular organisms;Bacteria;Pseudomonadota;Betaproteobacteria;Burkholderiales;Burkholderiaceae;Cupriavidus;Cupriavidus necator,131567;2;1224;28216;80840;119060;106589;106590,no rank;superkingdom;phylum;class;order;family;genus;species
1824.0,2,7415900,Nocardia asteroides,species,cellular organisms;Bacteria;Terrabacteria group;Actinomycetota;Actinomycetes;Mycobacteriales;Nocardiaceae;Nocardia;Nocardia asteroides,131567;2;1783272;201174;1760;85007;85025;1817;1824,no rank;superkingdom;clade;phylum;class;order;family;genus;species
76775.0,10,7369627,Malassezia restricta,species,cellular organisms;Eukaryota;Opisthokonta;Fungi;Dikarya;Basidiomycota;Ustilaginomycotina;Malasseziomycetes;Malasseziales;Malasseziaceae;Malassezia;Malassezia restricta,131567;2759;33154;4751;451864;5204;452284;1538075;162474;742845;55193;76775,no rank;superkingdom;clade;kingdom;subkingdom;phylum;subphylum;class;order;family;genus;species
195.0,15,7359708,Campylobacter coli,species,cellular organisms;Bacteria;Campylobacterota;Epsilonproteobacteria;Campylobacterales;Campylobacteraceae;Campylobacter;Campylobacter coli,131567;2;29547;3031852;213849;72294;194;195,no rank;superkingdom;phylum;class;order;family;genus;species
342113.0,2,7319520,Burkholderia oklahomensis,species,cellular organisms;Bacteria;Pseudomonadota;Betaproteobacteria;Burkholderiales;Burkholderiaceae;Burkholderia;pseudomallei group;Burkholderia oklahomensis,131567;2;1224;28216;80840;119060;32008;111527;342113,no rank;superkingdom;phylum;class;order;family;genus;species group;species
38304.0,3,7294409,Corynebacterium tuberculostearicum,species,cellular organisms;Bacteria;Terrabacteria group;Actinomycetota;Actinomycetes;Mycobacteriales;Corynebacteriaceae;Corynebacterium;Corynebacterium tuberculostearicum,131567;2;1783272;201174;1760;85007;1653;1716;38304,no rank;superkingdom;clade;phylum;class;order;family;genus;species
430531.0,3,7286661,Burkholderia humptydooensis,species,cellular organisms;Bacteria;Pseudomonadota;Betaproteobacteria;Burkholderiales;Burkholderiaceae;Burkholderia;pseudomallei group;Burkholderia humptydooensis,131567;2;1224;28216;80840;119060;32008;111527;430531,no rank;superkingdom;phylum;class;order;family;genus;species group;species
558537.0,2,7274508,Delftia lacustris,species,cellular organisms;Bacteria;Pseudomonadota;Betaproteobacteria;Burkholderiales;Comamonadaceae;Delftia;Delftia lacustris,131567;2;1224;28216;80840;80864;80865;558537,no rank;superkingdom;phylum;class;order;family;genus;species
1389713.0,5,7224251,Mycobacterium paragordonae,species,cellular organisms;Bacteria;Terrabacteria group;Actinomycetota;Actinomycetes;Mycobacteriales;Mycobacteriaceae;Mycobacterium;Mycobacterium paragordonae,131567;2;1783272;201174;1760;85007;1762;1763;1389713,no rank;superkingdom;clade;phylum;class;order;family;genus;species
1912896.0,101,7181066,Bacteroides koreensis,species,cellular organisms;Bacteria;FCB group;Bacteroidota/Chlorobiota group;Bacteroidota;Bacteroidia;Bacteroidales;Bacteroidaceae;Bacteroides;Bacteroides koreensis,131567;2;1783270;68336;976;200643;171549;815;816;1912896,no rank;superkingdom;clade;clade;phylum;class;order;family;genus;species
1353889.0,2,7177303,Achromobacter pestifer,species,cellular organisms;Bacteria;Pseudomonadota;Betaproteobacteria;Burkholderiales;Alcaligenaceae;Achromobacter;Achromobacter pestifer,131567;2;1224;28216;80840;506;222;1353889,no rank;superkingdom;phylum;class;order;family;genus;species
1912894.0,102,7176701,Bacteroides kribbi,species,cellular organisms;Bacteria;FCB group;Bacteroidota/Chlorobiota group;Bacteroidota;Bacteroidia;Bacteroidales;Bacteroidaceae;Bacteroides;Bacteroides kribbi,131567;2;1783270;68336;976;200643;171549;815;816;1912894,no rank;superkingdom;clade;clade;phylum;class;order;family;genus;species
29430.0,4,7154303,Acinetobacter haemolyticus,species,cellular organisms;Bacteria;Pseudomonadota;Gammaproteobacteria;Moraxellales;Moraxellaceae;Acinetobacter;Acinetobacter haemolyticus,131567;2;1224;1236;2887326;468;469;29430,no rank;superkingdom;phylum;class;order;family;genus;species
441162.0,2,7135022,Burkholderia oklahomensis C6786,strain,cellular organisms;Bacteria;Pseudomonadota;Betaproteobacteria;Burkholderiales;Burkholderiaceae;Burkholderia;pseudomallei group;Burkholderia oklahomensis;Burkholderia oklahomensis C6786,131567;2;1224;28216;80840;119060;32008;111527;342113;441162,no rank;superkingdom;phylum;class;order;family;genus;species group;species;strain
43771.0,3,7132436,Corynebacterium urealyticum,species,cellular organisms;Bacteria;Terrabacteria group;Actinomycetota;Actinomycetes;Mycobacteriales;Corynebacteriaceae;Corynebacterium;Corynebacterium urealyticum,131567;2;1783272;201174;1760;85007;1653;1716;43771,no rank;superkingdom;clade;phylum;class;order;family;genus;species
285729.0,3,7129608,Fusobacterium canifelinum,species,cellular organisms;Bacteria;Fusobacteriota;Fusobacteriia;Fusobacteriales;Fusobacteriaceae;Fusobacterium;Fusobacterium canifelinum,131567;2;32066;203490;203491;203492;848;285729,no rank;superkingdom;phylum;class;order;family;genus;species
134601.0,1,7105933,Mycolicibacterium goodii,species,cellular organisms;Bacteria;Terrabacteria group;Actinomycetota;Actinomycetes;Mycobacteriales;Mycobacteriaceae;Mycolicibacterium;Mycolicibacterium goodii,131567;2;1783272;201174;1760;85007;1762;1866885;134601,no rank;superkingdom;clade;phylum;class;order;family;genus;species
108980.0,10,7099711,Acinetobacter ursingii,species,cellular organisms;Bacteria;Pseudomonadota;Gammaproteobacteria;Moraxellales;Moraxellaceae;Acinetobacter;Acinetobacter ursingii,131567;2;1224;1236;2887326;468;469;108980,no rank;superkingdom;phylum;class;order;family;genus;species
1353.0,3,7096408,Enterococcus gallinarum,species,cellular organisms;Bacteria;Terrabacteria group;Bacillota;Bacilli;Lactobacillales;Enterococcaceae;Enterococcus;Enterococcus gallinarum,131567;2;1783272;1239;91061;186826;81852;1350;1353,no rank;superkingdom;clade;phylum;class;order;family;genus;species
626931.0,15,7087734,Bacteroides oleiciplenus,species,cellular organisms;Bacteria;FCB group;Bacteroidota/Chlorobiota group;Bacteroidota;Bacteroidia;Bacteroidales;Bacteroidaceae;Bacteroides;Bacteroides oleiciplenus,131567;2;1783270;68336;976;200643;171549;815;816;626931,no rank;superkingdom;clade;clade;phylum;class;order;family;genus;species
380021.0,1,7075815,Pseudomonas protegens,species,cellular organisms;Bacteria;Pseudomonadota;Gammaproteobacteria;Pseudomonadales;Pseudomonadaceae;Pseudomonas;Pseudomonas chlororaphis group;Pseudomonas protegens,131567;2;1224;1236;72274;135621;286;136842;380021,no rank;superkingdom;phylum;class;order;family;genus;species group;species
1470345.0,211,7017222,Bacteroides timonensis,species,cellular organisms;Bacteria;FCB group;Bacteroidota/Chlorobiota group;Bacteroidota;Bacteroidia;Bacteroidales;Bacteroidaceae;Bacteroides;Bacteroides timonensis,131567;2;1783270;68336;976;200643;171549;815;816;1470345,no rank;superkingdom;clade;clade;phylum;class;order;family;genus;species
1353891.0,1,6987272,Achromobacter deleyi,species,cellular organisms;Bacteria;Pseudomonadota;Betaproteobacteria;Burkholderiales;Alcaligenaceae;Achromobacter;Achromobacter deleyi,131567;2;1224;28216;80840;506;222;1353891,no rank;superkingdom;phylum;class;order;family;genus;species
49897.0,218,6986390,Mycolicibacterium hodleri,species,cellular organisms;Bacteria;Terrabacteria group;Actinomycetota;Actinomycetes;Mycobacteriales;Mycobacteriaceae;Mycolicibacterium;Mycolicibacterium hodleri,131567;2;1783272;201174;1760;85007;1762;1866885;49897,no rank;superkingdom;clade;phylum;class;order;family;genus;species
39693.0,5,6977991,Mycolicibacterium porcinum,species,cellular organisms;Bacteria;Terrabacteria group;Actinomycetota;Actinomycetes;Mycobacteriales;Mycobacteriaceae;Mycolicibacterium;Mycolicibacterium porcinum,131567;2;1783272;201174;1760;85007;1762;1866885;39693,no rank;superkingdom;clade;phylum;class;order;family;genus;species
119219.0,4,6941396,Cupriavidus metallidurans,species,cellular organisms;Bacteria;Pseudomonadota;Betaproteobacteria;Burkholderiales;Burkholderiaceae;Cupriavidus;Cupriavidus metallidurans,131567;2;1224;28216;80840;119060;106589;119219,no rank;superkingdom;phylum;class;order;family;genus;species
60552.0,4,6930411,Burkholderia vietnamiensis,species,cellular organisms;Bacteria;Pseudomonadota;Betaproteobacteria;Burkholderiales;Burkholderiaceae;Burkholderia;Burkholderia cepacia complex;Burkholderia vietnamiensis,131567;2;1224;28216;80840;119060;32008;87882;60552,no rank;superkingdom;phylum;class;order;family;genus;species group;species
1273442.0,2,6912804,Mycobacterium bourgelatii,species,cellular organisms;Bacteria;Terrabacteria group;Actinomycetota;Actinomycetes;Mycobacteriales;Mycobacteriaceae;Mycobacterium;Mycobacterium bourgelatii,131567;2;1783272;201174;1760;85007;1762;1763;1273442,no rank;superkingdom;clade;phylum;class;order;family;genus;species
217204.0,2,6893045,Achromobacter insolitus,species,cellular organisms;Bacteria;Pseudomonadota;Betaproteobacteria;Burkholderiales;Alcaligenaceae;Achromobacter;Achromobacter insolitus,131567;2;1224;28216;80840;506;222;217204,no rank;superkingdom;phylum;class;order;family;genus;species
486698.0,3,6888178,Mycobacterium riyadhense,species,cellular organisms;Bacteria;Terrabacteria group;Actinomycetota;Actinomycetes;Mycobacteriales;Mycobacteriaceae;Mycobacterium;Mycobacterium riyadhense,131567;2;1783272;201174;1760;85007;1762;1763;486698,no rank;superkingdom;clade;phylum;class;order;family;genus;species
2856338.0,8,6754466,Bacillus sp. FDAARGOS_1420,species,cellular organisms;Bacteria;Terrabacteria group;Bacillota;Bacilli;Bacillales;Bacillaceae;Bacillus;unclassified Bacillus (in: firmicutes);Bacillus sp. FDAARGOS_1420,131567;2;1783272;1239;91061;1385;186817;1386;185979;2856338,no rank;superkingdom;clade;phylum;class;order;family;genus;no rank;species
117567.0,4,6713618,Mycolicibacterium frederiksbergense,species,cellular organisms;Bacteria;Terrabacteria group;Actinomycetota;Actinomycetes;Mycobacteriales;Mycobacteriaceae;Mycolicibacterium;Mycolicibacterium frederiksbergense,131567;2;1783272;201174;1760;85007;1762;1866885;117567,no rank;superkingdom;clade;phylum;class;order;family;genus;species
1787.0,178,6672659,Mycobacterium szulgai,species,cellular organisms;Bacteria;Terrabacteria group;Actinomycetota;Actinomycetes;Mycobacteriales;Mycobacteriaceae;Mycobacterium;Mycobacterium szulgai,131567;2;1783272;201174;1760;85007;1762;1763;1787,no rank;superkingdom;clade;phylum;class;order;family;genus;species
208479.0,2,6613968,Enterocloster bolteae,species,cellular organisms;Bacteria;Terrabacteria group;Bacillota;Clostridia;Lachnospirales;Lachnospiraceae;Enterocloster;Enterocloster bolteae,131567;2;1783272;1239;186801;3085636;186803;2719313;208479,no rank;superkingdom;clade;phylum;class;order;family;genus;species
311231.0,3,6597255,Paraburkholderia ginsengisoli,species,cellular organisms;Bacteria;Pseudomonadota;Betaproteobacteria;Burkholderiales;Burkholderiaceae;Paraburkholderia;Paraburkholderia ginsengisoli,131567;2;1224;28216;80840;119060;1822464;311231,no rank;superkingdom;phylum;class;order;family;genus;species
1304.0,3,6577636,Streptococcus salivarius,species,cellular organisms;Bacteria;Terrabacteria group;Bacillota;Bacilli;Lactobacillales;Streptococcaceae;Streptococcus;Streptococcus salivarius,131567;2;1783272;1239;91061;186826;1300;1301;1304,no rank;superkingdom;clade;phylum;class;order;family;genus;species
557599.0,2,6577228,Mycobacterium kansasii ATCC 12478,strain,cellular organisms;Bacteria;Terrabacteria group;Actinomycetota;Actinomycetes;Mycobacteriales;Mycobacteriaceae;Mycobacterium;Mycobacterium kansasii;Mycobacterium kansasii ATCC 12478,131567;2;1783272;201174;1760;85007;1762;1763;1768;557599,no rank;superkingdom;clade;phylum;class;order;family;genus;species;strain
371601.0,4,6558523,Bacteroides xylanisolvens,species,cellular organisms;Bacteria;FCB group;Bacteroidota/Chlorobiota group;Bacteroidota;Bacteroidia;Bacteroidales;Bacteroidaceae;Bacteroides;Bacteroides xylanisolvens,131567;2;1783270;68336;976;200643;171549;815;816;371601,no rank;superkingdom;clade;clade;phylum;class;order;family;genus;species
244292.0,175,6539988,Mycobacterium nebraskense,species,cellular organisms;Bacteria;Terrabacteria group;Actinomycetota;Actinomycetes;Mycobacteriales;Mycobacteriaceae;Mycobacterium;Mycobacterium nebraskense,131567;2;1783272;201174;1760;85007;1762;1763;244292,no rank;superkingdom;clade;phylum;class;order;family;genus;species
28132.0,4,6521217,Prevotella melaninogenica,species,cellular organisms;Bacteria;FCB group;Bacteroidota/Chlorobiota group;Bacteroidota;Bacteroidia;Bacteroidales;Prevotellaceae;Prevotella;Prevotella melaninogenica,131567;2;1783270;68336;976;200643;171549;171552;838;28132,no rank;superkingdom;clade;clade;phylum;class;order;family;genus;species
2018067.0,1,6499364,Pseudomonas sp. FDAARGOS_380,species,cellular organisms;Bacteria;Pseudomonadota;Gammaproteobacteria;Pseudomonadales;Pseudomonadaceae;Pseudomonas;unclassified Pseudomonas;Pseudomonas sp. FDAARGOS_380,131567;2;1224;1236;72274;135621;286;196821;2018067,no rank;superkingdom;phylum;class;order;family;genus;no rank;species
53345.0,9,6491679,Enterococcus durans,species,cellular organisms;Bacteria;Terrabacteria group;Bacillota;Bacilli;Lactobacillales;Enterococcaceae;Enterococcus;Enterococcus durans,131567;2;1783272;1239;91061;186826;81852;1350;53345,no rank;superkingdom;clade;phylum;class;order;family;genus;species
53378.0,85,6475312,Mycobacterium paraffinicum,species,cellular organisms;Bacteria;Terrabacteria group;Actinomycetota;Actinomycetes;Mycobacteriales;Mycobacteriaceae;Mycobacterium;Mycobacterium paraffinicum,131567;2;1783272;201174;1760;85007;1762;1763;53378,no rank;superkingdom;clade;phylum;class;order;family;genus;species
2018066.0,2,6464747,Nocardia sp. FDAARGOS_372,species,cellular organisms;Bacteria;Terrabacteria group;Actinomycetota;Actinomycetes;Mycobacteriales;Nocardiaceae;Nocardia;unclassified Nocardia;Nocardia sp. FDAARGOS_372,131567;2;1783272;201174;1760;85007;85025;1817;2637762;2018066,no rank;superkingdom;clade;phylum;class;order;family;genus;no rank;species
1133968.0,6,6434485,Babesia microti strain RI,strain,cellular organisms;Eukaryota;Sar;Alveolata;Apicomplexa;Aconoidasida;Piroplasmida;Babesiidae;Babesia;Babesia microti;Babesia microti strain RI,131567;2759;2698737;33630;5794;422676;5863;32594;5864;5868;1133968,no rank;superkingdom;clade;clade;phylum;class;order;family;genus;species;strain
2341080.0,2,6425786,Mycobacterium pseudokansasii,species,cellular organisms;Bacteria;Terrabacteria group;Actinomycetota;Actinomycetes;Mycobacteriales;Mycobacteriaceae;Mycobacterium;Mycobacterium pseudokansasii,131567;2;1783272;201174;1760;85007;1762;1763;2341080,no rank;superkingdom;clade;phylum;class;order;family;genus;species
459424.0,2,6399543,Mycobacterium liflandii 128FXT,strain,cellular organisms;Bacteria;Terrabacteria group;Actinomycetota;Actinomycetes;Mycobacteriales;Mycobacteriaceae;Mycobacterium;Mycobacterium ulcerans group;Mycobacterium liflandii;Mycobacterium liflandii 128FXT,131567;2;1783272;201174;1760;85007;1762;1763;2993898;261524;459424,no rank;superkingdom;clade;phylum;class;order;family;genus;species group;species;strain
2545800.0,1,6384852,Pseudomonas sp. FDAARGOS_761,species,cellular organisms;Bacteria;Pseudomonadota;Gammaproteobacteria;Pseudomonadales;Pseudomonadaceae;Pseudomonas;unclassified Pseudomonas;Pseudomonas sp. FDAARGOS_761,131567;2;1224;1236;72274;135621;286;196821;2545800,no rank;superkingdom;phylum;class;order;family;genus;no rank;species
1871006.0,11,6373337,Bacteroides congonensis,species,cellular organisms;Bacteria;FCB group;Bacteroidota/Chlorobiota group;Bacteroidota;Bacteroidia;Bacteroidales;Bacteroidaceae;Bacteroides;Bacteroides congonensis,131567;2;1783270;68336;976;200643;171549;815;816;1871006,no rank;superkingdom;clade;clade;phylum;class;order;family;genus;species
674529.0,3,6352228,Bacteroides faecis,species,cellular organisms;Bacteria;FCB group;Bacteroidota/Chlorobiota group;Bacteroidota;Bacteroidia;Bacteroidales;Bacteroidaceae;Bacteroides;Bacteroides faecis,131567;2;1783270;68336;976;200643;171549;815;816;674529,no rank;superkingdom;clade;clade;phylum;class;order;family;genus;species
47500.0,28,6348994,Aneurinibacillus migulanus,species,cellular organisms;Bacteria;Terrabacteria group;Bacillota;Bacilli;Bacillales;Paenibacillaceae;Aneurinibacillus group;Aneurinibacillus;Aneurinibacillus migulanus,131567;2;1783272;1239;91061;1385;186822;85151;55079;47500,no rank;superkingdom;clade;phylum;class;order;family;no rank;genus;species
2341086.0,196,6344986,Mycobacterium attenuatum,species,cellular organisms;Bacteria;Terrabacteria group;Actinomycetota;Actinomycetes;Mycobacteriales;Mycobacteriaceae;Mycobacterium;Mycobacterium attenuatum,131567;2;1783272;201174;1760;85007;1762;1763;2341086,no rank;superkingdom;clade;phylum;class;order;family;genus;species
1908205.0,93,6344489,Mycobacterium syngnathidarum,species,cellular organisms;Bacteria;Terrabacteria group;Actinomycetota;Actinomycetes;Mycobacteriales;Mycobacteriaceae;Mycobacterium;Mycobacterium syngnathidarum,131567;2;1783272;201174;1760;85007;1762;1763;1908205,no rank;superkingdom;clade;phylum;class;order;family;genus;species
1781.0,1,6321947,Mycobacterium marinum,species,cellular organisms;Bacteria;Terrabacteria group;Actinomycetota;Actinomycetes;Mycobacteriales;Mycobacteriaceae;Mycobacterium;Mycobacterium ulcerans group;Mycobacterium marinum,131567;2;1783272;201174;1760;85007;1762;1763;2993898;1781,no rank;superkingdom;clade;phylum;class;order;family;genus;species group;species
39689.0,2,6301681,Mycobacterium gallinarum,species,cellular organisms;Bacteria;Terrabacteria group;Actinomycetota;Actinomycetes;Mycobacteriales;Mycobacteriaceae;Mycobacterium;Mycobacterium gallinarum,131567;2;1783272;201174;1760;85007;1762;1763;39689,no rank;superkingdom;clade;phylum;class;order;family;genus;species
2488567.0,5,6290193,Klebsiella sp. FDAARGOS_511,species,cellular organisms;Bacteria;Pseudomonadota;Gammaproteobacteria;Enterobacterales;Enterobacteriaceae;Klebsiella/Raoultella group;Klebsiella;unclassified Klebsiella;Klebsiella sp. FDAARGOS_511,131567;2;1224;1236;91347;543;2890311;570;2608929;2488567,no rank;superkingdom;phylum;class;order;family;no rank;genus;no rank;species
871324.0,91,6268181,Bacteroides stercorirosoris,species,cellular organisms;Bacteria;FCB group;Bacteroidota/Chlorobiota group;Bacteroidota;Bacteroidia;Bacteroidales;Bacteroidaceae;Bacteroides;Bacteroides stercorirosoris,131567;2;1783270;68336;976;200643;171549;815;816;871324,no rank;superkingdom;clade;clade;phylum;class;order;family;genus;species
1719132.0,1,6266765,Mycobacterium vicinigordonae,species,cellular organisms;Bacteria;Terrabacteria group;Actinomycetota;Actinomycetes;Mycobacteriales;Mycobacteriaceae;Mycobacterium;Mycobacterium vicinigordonae,131567;2;1783272;201174;1760;85007;1762;1763;1719132,no rank;superkingdom;clade;phylum;class;order;family;genus;species
547163.0,133,6266718,Mycolicibacterium vulneris,species,cellular organisms;Bacteria;Terrabacteria group;Actinomycetota;Actinomycetes;Mycobacteriales;Mycobacteriaceae;Mycolicibacterium;Mycolicibacterium vulneris,131567;2;1783272;201174;1760;85007;1762;1866885;547163,no rank;superkingdom;clade;phylum;class;order;family;genus;species
1841861.0,4,6248949,Mycobacterium numidiamassiliense,species,cellular organisms;Bacteria;Terrabacteria group;Actinomycetota;Actinomycetes;Mycobacteriales;Mycobacteriaceae;Mycobacterium;Mycobacterium numidiamassiliense,131567;2;1783272;201174;1760;85007;1762;1763;1841861,no rank;superkingdom;clade;phylum;class;order;family;genus;species
44010.0,1,6237139,Mycobacterium conspicuum,species,cellular organisms;Bacteria;Terrabacteria group;Actinomycetota;Actinomycetes;Mycobacteriales;Mycobacteriaceae;Mycobacterium;Mycobacterium conspicuum,131567;2;1783272;201174;1760;85007;1762;1763;44010,no rank;superkingdom;clade;phylum;class;order;family;genus;species
2034511.0,210,6230283,Mycolicibacterium palauense,species,cellular organisms;Bacteria;Terrabacteria group;Actinomycetota;Actinomycetes;Mycobacteriales;Mycobacteriaceae;Mycolicibacterium;Mycolicibacterium palauense,131567;2;1783272;201174;1760;85007;1762;1866885;2034511,no rank;superkingdom;clade;phylum;class;order;family;genus;species
1487726.0,71,6217645,Mycobacterium persicum,species,cellular organisms;Bacteria;Terrabacteria group;Actinomycetota;Actinomycetes;Mycobacteriales;Mycobacteriaceae;Mycobacterium;Mycobacterium persicum,131567;2;1783272;201174;1760;85007;1762;1763;1487726,no rank;superkingdom;clade;phylum;class;order;family;genus;species
242737.0,123,6209311,Mycobacterium neglectum,species,cellular organisms;Bacteria;Terrabacteria group;Actinomycetota;Actinomycetes;Mycobacteriales;Mycobacteriaceae;Mycobacterium;Mycobacterium neglectum,131567;2;1783272;201174;1760;85007;1762;1763;242737,no rank;superkingdom;clade;phylum;class;order;family;genus;species
2420311.0,8,6193908,Agrobacterium sp. FDAARGOS_525,species,cellular organisms;Bacteria;Pseudomonadota;Alphaproteobacteria;Hyphomicrobiales;Rhizobiaceae;Rhizobium/Agrobacterium group;Agrobacterium;unclassified Agrobacterium;Agrobacterium sp. FDAARGOS_525,131567;2;1224;28211;356;82115;227290;357;2632611;2420311,no rank;superkingdom;phylum;class;order;family;no rank;genus;no rank;species
627089.0,105,6192024,Mycobacterium simulans,species,cellular organisms;Bacteria;Terrabacteria group;Actinomycetota;Actinomycetes;Mycobacteriales;Mycobacteriaceae;Mycobacterium;Mycobacterium simulans,131567;2;1783272;201174;1760;85007;1762;1763;627089,no rank;superkingdom;clade;phylum;class;order;family;genus;species
2341083.0,361,6187059,Mycobacterium innocens,species,cellular organisms;Bacteria;Terrabacteria group;Actinomycetota;Actinomycetes;Mycobacteriales;Mycobacteriaceae;Mycobacterium;Mycobacterium innocens,131567;2;1783272;201174;1760;85007;1762;1763;2341083,no rank;superkingdom;clade;phylum;class;order;family;genus;species
1783.0,184,6170273,Mycobacterium scrofulaceum,species,cellular organisms;Bacteria;Terrabacteria group;Actinomycetota;Actinomycetes;Mycobacteriales;Mycobacteriaceae;Mycobacterium;Mycobacterium scrofulaceum,131567;2;1783272;201174;1760;85007;1762;1763;1783,no rank;superkingdom;clade;phylum;class;order;family;genus;species
294.0,1,6134597,Pseudomonas fluorescens,species,cellular organisms;Bacteria;Pseudomonadota;Gammaproteobacteria;Pseudomonadales;Pseudomonadaceae;Pseudomonas;Pseudomonas fluorescens group;Pseudomonas fluorescens,131567;2;1224;1236;72274;135621;286;136843;294,no rank;superkingdom;phylum;class;order;family;genus;species group;species
370524.0,3,6093551,Mycolicibacterium pallens,species,cellular organisms;Bacteria;Terrabacteria group;Actinomycetota;Actinomycetes;Mycobacteriales;Mycobacteriaceae;Mycolicibacterium;Mycolicibacterium pallens,131567;2;1783272;201174;1760;85007;1762;1866885;370524,no rank;superkingdom;clade;phylum;class;order;family;genus;species
1796.0,1,6086722,Mycolicibacterium senegalense,species,cellular organisms;Bacteria;Terrabacteria group;Actinomycetota;Actinomycetes;Mycobacteriales;Mycobacteriaceae;Mycolicibacterium;Mycolicibacterium senegalense,131567;2;1783272;201174;1760;85007;1762;1866885;1796,no rank;superkingdom;clade;phylum;class;order;family;genus;species
590652.0,1,6085955,Mycobacterium paraseoulense,species,cellular organisms;Bacteria;Terrabacteria group;Actinomycetota;Actinomycetes;Mycobacteriales;Mycobacteriaceae;Mycobacterium;Mycobacterium paraseoulense,131567;2;1783272;201174;1760;85007;1762;1763;590652,no rank;superkingdom;clade;phylum;class;order;family;genus;species
1124626.0,2,6066298,Mycobacterium ulcerans subsp. shinshuense,subspecies,cellular organisms;Bacteria;Terrabacteria group;Actinomycetota;Actinomycetes;Mycobacteriales;Mycobacteriaceae;Mycobacterium;Mycobacterium ulcerans group;Mycobacterium ulcerans;Mycobacterium ulcerans subsp. shinshuense,131567;2;1783272;201174;1760;85007;1762;1763;2993898;1809;1124626,no rank;superkingdom;clade;phylum;class;order;family;genus;species group;species;subspecies
1136880.0,1,6061597,Mycobacterium pseudoshottsii JCM 15466,strain,cellular organisms;Bacteria;Terrabacteria group;Actinomycetota;Actinomycetes;Mycobacteriales;Mycobacteriaceae;Mycobacterium;Mycobacterium ulcerans group;Mycobacterium pseudoshottsii;Mycobacterium pseudoshottsii JCM 15466,131567;2;1783272;201174;1760;85007;1762;1763;2993898;265949;1136880,no rank;superkingdom;clade;phylum;class;order;family;genus;species group;species;strain
54291.0,9,6040823,Raoultella ornithinolytica,species,cellular organisms;Bacteria;Pseudomonadota;Gammaproteobacteria;Enterobacterales;Enterobacteriaceae;Klebsiella/Raoultella group;Raoultella;Raoultella ornithinolytica,131567;2;1224;1236;91347;543;2890311;160674;54291,no rank;superkingdom;phylum;class;order;family;no rank;genus;species
1254.0,3,6031256,Pediococcus acidilactici,species,cellular organisms;Bacteria;Terrabacteria group;Bacillota;Bacilli;Lactobacillales;Lactobacillaceae;Pediococcus;Pediococcus acidilactici group;Pediococcus acidilactici,131567;2;1783272;1239;91061;186826;33958;1253;1670797;1254,no rank;superkingdom;clade;phylum;class;order;family;genus;species group;species
1841859.0,12,6029582,Mycobacterium terramassiliense,species,cellular organisms;Bacteria;Terrabacteria group;Actinomycetota;Actinomycetes;Mycobacteriales;Mycobacteriaceae;Mycobacterium;Mycobacterium terramassiliense,131567;2;1783272;201174;1760;85007;1762;1763;1841859,no rank;superkingdom;clade;phylum;class;order;family;genus;species
2738409.0,187,6027332,Mycobacterium ostraviense,species,cellular organisms;Bacteria;Terrabacteria group;Actinomycetota;Actinomycetes;Mycobacteriales;Mycobacteriaceae;Mycobacterium;Mycobacterium ostraviense,131567;2;1783272;201174;1760;85007;1762;1763;2738409,no rank;superkingdom;clade;phylum;class;order;family;genus;species
1841860.0,1,6015470,Mycobacterium rhizamassiliense,species,cellular organisms;Bacteria;Terrabacteria group;Actinomycetota;Actinomycetes;Mycobacteriales;Mycobacteriaceae;Mycobacterium;Mycobacterium rhizamassiliense,131567;2;1783272;201174;1760;85007;1762;1763;1841860,no rank;superkingdom;clade;phylum;class;order;family;genus;species
1801.0,52,5982379,Mycolicibacterium diernhoferi,species,cellular organisms;Bacteria;Terrabacteria group;Actinomycetota;Actinomycetes;Mycobacteriales;Mycobacteriaceae;Mycolicibacterium;Mycolicibacterium diernhoferi,131567;2;1783272;201174;1760;85007;1762;1866885;1801,no rank;superkingdom;clade;phylum;class;order;family;genus;species
43348.0,2,5979623,Mycobacterium branderi,species,cellular organisms;Bacteria;Terrabacteria group;Actinomycetota;Actinomycetes;Mycobacteriales;Mycobacteriaceae;Mycobacterium;Mycobacterium branderi,131567;2;1783272;201174;1760;85007;1762;1763;43348,no rank;superkingdom;clade;phylum;class;order;family;genus;species
133549.0,1,5973149,Mycobacterium shottsii,species,cellular organisms;Bacteria;Terrabacteria group;Actinomycetota;Actinomycetes;Mycobacteriales;Mycobacteriaceae;Mycobacterium;Mycobacterium ulcerans group;Mycobacterium shottsii,131567;2;1783272;201174;1760;85007;1762;1763;2993898;133549,no rank;superkingdom;clade;phylum;class;order;family;genus;species group;species
82979.0,1,5946490,Budvicia aquatica,species,cellular organisms;Bacteria;Pseudomonadota;Gammaproteobacteria;Enterobacterales;Budviciaceae;Budvicia;Budvicia aquatica,131567;2;1224;1236;91347;1903416;82978;82979,no rank;superkingdom;phylum;class;order;family;genus;species
1265310.0,10,5938932,Mycobacterium asiaticum DSM 44297,strain,cellular organisms;Bacteria;Terrabacteria group;Actinomycetota;Actinomycetes;Mycobacteriales;Mycobacteriaceae;Mycobacterium;Mycobacterium asiaticum;Mycobacterium asiaticum DSM 44297,131567;2;1783272;201174;1760;85007;1762;1763;1790;1265310,no rank;superkingdom;clade;phylum;class;order;family;genus;species;strain
358.0,4,5932670,Agrobacterium tumefaciens,species,cellular organisms;Bacteria;Pseudomonadota;Alphaproteobacteria;Hyphomicrobiales;Rhizobiaceae;Rhizobium/Agrobacterium group;Agrobacterium;Agrobacterium tumefaciens complex;Agrobacterium tumefaciens,131567;2;1224;28211;356;82115;227290;357;1183400;358,no rank;superkingdom;phylum;class;order;family;no rank;genus;species group;species
76860.0,3,5920525,Streptococcus constellatus,species,cellular organisms;Bacteria;Terrabacteria group;Bacillota;Bacilli;Lactobacillales;Streptococcaceae;Streptococcus;Streptococcus anginosus group;Streptococcus constellatus,131567;2;1783272;1239;91061;186826;1300;1301;671232;76860,no rank;superkingdom;clade;phylum;class;order;family;genus;species group;species
47886.0,5,5901383,Pseudomonas luteola,species,cellular organisms;Bacteria;Pseudomonadota;Gammaproteobacteria;Pseudomonadales;Pseudomonadaceae;Pseudomonas;Pseudomonas luteola,131567;2;1224;1236;72274;135621;286;47886,no rank;superkingdom;phylum;class;order;family;genus;species
76759.0,2,5897272,Pseudomonas monteilii,species,cellular organisms;Bacteria;Pseudomonadota;Gammaproteobacteria;Pseudomonadales;Pseudomonadaceae;Pseudomonas;Pseudomonas putida group;Pseudomonas monteilii,131567;2;1224;1236;72274;135621;286;136845;76759,no rank;superkingdom;phylum;class;order;family;genus;species group;species
463025.0,1,5878756,Bordetella bronchialis,species,cellular organisms;Bacteria;Pseudomonadota;Betaproteobacteria;Burkholderiales;Alcaligenaceae;Bordetella;Bordetella bronchialis,131567;2;1224;28216;80840;506;517;463025,no rank;superkingdom;phylum;class;order;family;genus;species
357276.0,181,5833513,Phocaeicola dorei,species,cellular organisms;Bacteria;FCB group;Bacteroidota/Chlorobiota group;Bacteroidota;Bacteroidia;Bacteroidales;Bacteroidaceae;Phocaeicola;Phocaeicola dorei,131567;2;1783270;68336;976;200643;171549;815;909656;357276,no rank;superkingdom;clade;clade;phylum;class;order;family;genus;species
1777.0,154,5816659,Mycobacterium gastri,species,cellular organisms;Bacteria;Terrabacteria group;Actinomycetota;Actinomycetes;Mycobacteriales;Mycobacteriaceae;Mycobacterium;Mycobacterium gastri,131567;2;1783272;201174;1760;85007;1762;1763;1777,no rank;superkingdom;clade;phylum;class;order;family;genus;species
317.0,109,5816171,Pseudomonas syringae,species,cellular organisms;Bacteria;Pseudomonadota;Gammaproteobacteria;Pseudomonadales;Pseudomonadaceae;Pseudomonas;Pseudomonas syringae group;Pseudomonas syringae group genomosp. 1;Pseudomonas syringae,131567;2;1224;1236;72274;135621;286;136849;251695;317,no rank;superkingdom;phylum;class;order;family;genus;species group;species subgroup;species
362242.0,2,5805761,Mycobacterium ulcerans Agy99,strain,cellular organisms;Bacteria;Terrabacteria group;Actinomycetota;Actinomycetes;Mycobacteriales;Mycobacteriaceae;Mycobacterium;Mycobacterium ulcerans group;Mycobacterium ulcerans;Mycobacterium ulcerans Agy99,131567;2;1783272;201174;1760;85007;1762;1763;2993898;1809;362242,no rank;superkingdom;clade;phylum;class;order;family;genus;species group;species;strain
329854.0,1,5785766,Bacteroides intestinalis,species,cellular organisms;Bacteria;FCB group;Bacteroidota/Chlorobiota group;Bacteroidota;Bacteroidia;Bacteroidales;Bacteroidaceae;Bacteroides;Bacteroides intestinalis,131567;2;1783270;68336;976;200643;171549;815;816;329854,no rank;superkingdom;clade;clade;phylum;class;order;family;genus;species
2592811.0,387,5772032,Mycobacterium helveticum,species,cellular organisms;Bacteria;Terrabacteria group;Actinomycetota;Actinomycetes;Mycobacteriales;Mycobacteriaceae;Mycobacterium;Mycobacterium helveticum,131567;2;1783272;201174;1760;85007;1762;1763;2592811,no rank;superkingdom;clade;phylum;class;order;family;genus;species
2447885.0,53,5771427,Bacteroides faecalis,species,cellular organisms;Bacteria;FCB group;Bacteroidota/Chlorobiota group;Bacteroidota;Bacteroidia;Bacteroidales;Bacteroidaceae;Bacteroides;Bacteroides faecalis,131567;2;1783270;68336;976;200643;171549;815;816;2447885,no rank;superkingdom;clade;clade;phylum;class;order;family;genus;species
2650158.0,1,5760088,Bacteroides luhongzhouii,species,cellular organisms;Bacteria;FCB group;Bacteroidota/Chlorobiota group;Bacteroidota;Bacteroidia;Bacteroidales;Bacteroidaceae;Bacteroides;Bacteroides luhongzhouii,131567;2;1783270;68336;976;200643;171549;815;816;2650158,no rank;superkingdom;clade;clade;phylum;class;order;family;genus;species
82541.0,3,5760010,Cupriavidus gilardii,species,cellular organisms;Bacteria;Pseudomonadota;Betaproteobacteria;Burkholderiales;Burkholderiaceae;Cupriavidus;Cupriavidus gilardii,131567;2;1224;28216;80840;119060;106589;82541,no rank;superkingdom;phylum;class;order;family;genus;species
2212479.0,132,5759757,Mycobacterium kyogaense,species,cellular organisms;Bacteria;Terrabacteria group;Actinomycetota;Actinomycetes;Mycobacteriales;Mycobacteriaceae;Mycobacterium;Mycobacterium kyogaense,131567;2;1783272;201174;1760;85007;1762;1763;2212479,no rank;superkingdom;clade;phylum;class;order;family;genus;species
152142.0,353,5748336,Mycolicibacterium holsaticum,species,cellular organisms;Bacteria;Terrabacteria group;Actinomycetota;Actinomycetes;Mycobacteriales;Mycobacteriaceae;Mycolicibacterium;Mycolicibacterium holsaticum,131567;2;1783272;201174;1760;85007;1762;1866885;152142,no rank;superkingdom;clade;phylum;class;order;family;genus;species
47917.0,1,5725385,Serratia fonticola,species,cellular organisms;Bacteria;Pseudomonadota;Gammaproteobacteria;Enterobacterales;Yersiniaceae;Serratia;Serratia fonticola,131567;2;1224;1236;91347;1903411;613;47917,no rank;superkingdom;phylum;class;order;family;genus;species
1409.0,4,5703621,Bacillus sp. (in: firmicutes),species,cellular organisms;Bacteria;Terrabacteria group;Bacillota;Bacilli;Bacillales;Bacillaceae;Bacillus;unclassified Bacillus (in: firmicutes);Bacillus sp. (in: firmicutes),131567;2;1783272;1239;91061;1385;186817;1386;185979;1409,no rank;superkingdom;clade;phylum;class;order;family;genus;no rank;species
2576356.0,9,5701116,Bacillus sp. FDAARGOS_527,species,cellular organisms;Bacteria;Terrabacteria group;Bacillota;Bacilli;Bacillales;Bacillaceae;Bacillus;unclassified Bacillus (in: firmicutes);Bacillus sp. FDAARGOS_527,131567;2;1783272;1239;91061;1385;186817;1386;185979;2576356,no rank;superkingdom;clade;phylum;class;order;family;genus;no rank;species
324058.0,157,5692845,Mycobacterium alsense,species,cellular organisms;Bacteria;Terrabacteria group;Actinomycetota;Actinomycetes;Mycobacteriales;Mycobacteriaceae;Mycobacterium;Mycobacterium alsense,131567;2;1783272;201174;1760;85007;1762;1763;324058,no rank;superkingdom;clade;phylum;class;order;family;genus;species
1552759.0,2,5681602,Mycolicibacterium grossiae,species,cellular organisms;Bacteria;Terrabacteria group;Actinomycetota;Actinomycetes;Mycobacteriales;Mycobacteriaceae;Mycolicibacterium;Mycolicibacterium grossiae,131567;2;1783272;201174;1760;85007;1762;1866885;1552759,no rank;superkingdom;clade;phylum;class;order;family;genus;species
1405.0,4,5647273,Bacillus mycoides,species,cellular organisms;Bacteria;Terrabacteria group;Bacillota;Bacilli;Bacillales;Bacillaceae;Bacillus;Bacillus cereus group;Bacillus mycoides,131567;2;1783272;1239;91061;1385;186817;1386;86661;1405,no rank;superkingdom;clade;phylum;class;order;family;genus;species group;species
250.0,1,5643321,Chryseobacterium gleum,species,cellular organisms;Bacteria;FCB group;Bacteroidota/Chlorobiota group;Bacteroidota;Flavobacteriia;Flavobacteriales;Weeksellaceae;Chryseobacterium group;Chryseobacterium;Chryseobacterium gleum,131567;2;1783270;68336;976;117743;200644;2762318;2782232;59732;250,no rank;superkingdom;clade;clade;phylum;class;order;family;no rank;genus;species
1809.0,1,5625184,Mycobacterium ulcerans,species,cellular organisms;Bacteria;Terrabacteria group;Actinomycetota;Actinomycetes;Mycobacteriales;Mycobacteriaceae;Mycobacterium;Mycobacterium ulcerans group;Mycobacterium ulcerans,131567;2;1783272;201174;1760;85007;1762;1763;2993898;1809,no rank;superkingdom;clade;phylum;class;order;family;genus;species group;species
1858794.0,381,5622166,Mycobacterium talmoniae,species,cellular organisms;Bacteria;Terrabacteria group;Actinomycetota;Actinomycetes;Mycobacteriales;Mycobacteriaceae;Mycobacterium;Mycobacterium talmoniae,131567;2;1783272;201174;1760;85007;1762;1763;1858794,no rank;superkingdom;clade;phylum;class;order;family;genus;species
1839798.0,4,5608392,Bacillus sp. FDAARGOS_235,species,cellular organisms;Bacteria;Terrabacteria group;Bacillota;Bacilli;Bacillales;Bacillaceae;Bacillus;Bacillus cereus group;unclassified Bacillus cereus group;Bacillus sp. FDAARGOS_235,131567;2;1783272;1239;91061;1385;186817;1386;86661;2750818;1839798,no rank;superkingdom;clade;phylum;class;order;family;genus;species group;no rank;species
2094119.0,1,5607630,Mycobacterium basiliense,species,cellular organisms;Bacteria;Terrabacteria group;Actinomycetota;Actinomycetes;Mycobacteriales;Mycobacteriaceae;Mycobacterium;Mycobacterium basiliense,131567;2;1783272;201174;1760;85007;1762;1763;2094119,no rank;superkingdom;clade;phylum;class;order;family;genus;species
550.0,3,5602625,Enterobacter cloacae,species,cellular organisms;Bacteria;Pseudomonadota;Gammaproteobacteria;Enterobacterales;Enterobacteriaceae;Enterobacter;Enterobacter cloacae complex;Enterobacter cloacae,131567;2;1224;1236;91347;543;547;354276;550,no rank;superkingdom;phylum;class;order;family;genus;species group;species
886343.0,1,5581157,Mycobacterium spongiae,species,cellular organisms;Bacteria;Terrabacteria group;Actinomycetota;Actinomycetes;Mycobacteriales;Mycobacteriaceae;Mycobacterium;Mycobacterium spongiae,131567;2;1783272;201174;1760;85007;1762;1763;886343,no rank;superkingdom;clade;phylum;class;order;family;genus;species
169292.0,4,5567250,Corynebacterium aurimucosum,species,cellular organisms;Bacteria;Terrabacteria group;Actinomycetota;Actinomycetes;Mycobacteriales;Corynebacteriaceae;Corynebacterium;Corynebacterium aurimucosum,131567;2;1783272;201174;1760;85007;1653;1716;169292,no rank;superkingdom;clade;phylum;class;order;family;genus;species
28133.0,5,5560184,Prevotella nigrescens,species,cellular organisms;Bacteria;FCB group;Bacteroidota/Chlorobiota group;Bacteroidota;Bacteroidia;Bacteroidales;Prevotellaceae;Prevotella;Prevotella nigrescens,131567;2;1783270;68336;976;200643;171549;171552;838;28133,no rank;superkingdom;clade;clade;phylum;class;order;family;genus;species
1531.0,1,5539047,Enterocloster clostridioformis,species,cellular organisms;Bacteria;Terrabacteria group;Bacillota;Clostridia;Lachnospirales;Lachnospiraceae;Enterocloster;Enterocloster clostridioformis,131567;2;1783272;1239;186801;3085636;186803;2719313;1531,no rank;superkingdom;clade;phylum;class;order;family;genus;species
43674.0,2,5538444,Jonesia denitrificans,species,cellular organisms;Bacteria;Terrabacteria group;Actinomycetota;Actinomycetes;Micrococcales;Jonesiaceae;Jonesia;Jonesia denitrificans,131567;2;1783272;201174;1760;85006;85022;43673;43674,no rank;superkingdom;clade;phylum;class;order;family;genus;species
386911.0,1,5531300,Mycobacterium seoulense,species,cellular organisms;Bacteria;Terrabacteria group;Actinomycetota;Actinomycetes;Mycobacteriales;Mycobacteriaceae;Mycobacterium;Mycobacterium seoulense,131567;2;1783272;201174;1760;85007;1762;1763;386911,no rank;superkingdom;clade;phylum;class;order;family;genus;species
618.0,6,5527432,Serratia odorifera,species,cellular organisms;Bacteria;Pseudomonadota;Gammaproteobacteria;Enterobacterales;Yersiniaceae;Serratia;Serratia odorifera,131567;2;1224;1236;91347;1903411;613;618,no rank;superkingdom;phylum;class;order;family;genus;species
1286.0,3,5519531,Staphylococcus simulans,species,cellular organisms;Bacteria;Terrabacteria group;Bacillota;Bacilli;Bacillales;Staphylococcaceae;Staphylococcus;Staphylococcus simulans,131567;2;1783272;1239;91061;1385;90964;1279;1286,no rank;superkingdom;clade;phylum;class;order;family;genus;species
158822.0,2,5469298,Cedecea neteri,species,cellular organisms;Bacteria;Pseudomonadota;Gammaproteobacteria;Enterobacterales;Enterobacteriaceae;Cedecea;Cedecea neteri,131567;2;1224;1236;91347;543;158483;158822,no rank;superkingdom;phylum;class;order;family;genus;species
291644.0,19,5455251,Bacteroides salyersiae,species,cellular organisms;Bacteria;FCB group;Bacteroidota/Chlorobiota group;Bacteroidota;Bacteroidia;Bacteroidales;Bacteroidaceae;Bacteroides;Bacteroides salyersiae,131567;2;1783270;68336;976;200643;171549;815;816;291644,no rank;superkingdom;clade;clade;phylum;class;order;family;genus;species
56425.0,52,5420516,Mycobacterium bohemicum,species,cellular organisms;Bacteria;Terrabacteria group;Actinomycetota;Actinomycetes;Mycobacteriales;Mycobacteriaceae;Mycobacterium;Mycobacterium bohemicum,131567;2;1783272;201174;1760;85007;1762;1763;56425,no rank;superkingdom;clade;phylum;class;order;family;genus;species
1133319.0,55,5382020,Bacteroides reticulotermitis,species,cellular organisms;Bacteria;FCB group;Bacteroidota/Chlorobiota group;Bacteroidota;Bacteroidia;Bacteroidales;Bacteroidaceae;Bacteroides;Bacteroides reticulotermitis,131567;2;1783270;68336;976;200643;171549;815;816;1133319,no rank;superkingdom;clade;clade;phylum;class;order;family;genus;species
70255.0,7,5377574,Staphylococcus condimenti,species,cellular organisms;Bacteria;Terrabacteria group;Bacillota;Bacilli;Bacillales;Staphylococcaceae;Staphylococcus;Staphylococcus condimenti,131567;2;1783272;1239;91061;1385;90964;1279;70255,no rank;superkingdom;clade;phylum;class;order;family;genus;species
2048551.0,58,5376391,Mycobacterium neumannii,species,cellular organisms;Bacteria;Terrabacteria group;Actinomycetota;Actinomycetes;Mycobacteriales;Mycobacteriaceae;Mycobacterium;Mycobacterium neumannii,131567;2;1783272;201174;1760;85007;1762;1763;2048551,no rank;superkingdom;clade;phylum;class;order;family;genus;species
651561.0,1,5361872,Chryseobacterium arthrosphaerae,species,cellular organisms;Bacteria;FCB group;Bacteroidota/Chlorobiota group;Bacteroidota;Flavobacteriia;Flavobacteriales;Weeksellaceae;Chryseobacterium group;Chryseobacterium;Chryseobacterium arthrosphaerae,131567;2;1783270;68336;976;117743;200644;2762318;2782232;59732;651561,no rank;superkingdom;clade;clade;phylum;class;order;family;no rank;genus;species
487514.0,126,5355645,Mycobacterium kyorinense,species,cellular organisms;Bacteria;Terrabacteria group;Actinomycetota;Actinomycetes;Mycobacteriales;Mycobacteriaceae;Mycobacterium;Mycobacterium kyorinense,131567;2;1783272;201174;1760;85007;1762;1763;487514,no rank;superkingdom;clade;phylum;class;order;family;genus;species
93218.0,1,5326503,Pandoraea apista,species,cellular organisms;Bacteria;Pseudomonadota;Betaproteobacteria;Burkholderiales;Burkholderiaceae;Pandoraea;Pandoraea apista,131567;2;1224;28216;80840;119060;93217;93218,no rank;superkingdom;phylum;class;order;family;genus;species
1463164.0,38,5325565,Klebsiella quasipneumoniae subsp. similipneumoniae,subspecies,cellular organisms;Bacteria;Pseudomonadota;Gammaproteobacteria;Enterobacterales;Enterobacteriaceae;Klebsiella/Raoultella group;Klebsiella;Klebsiella quasipneumoniae;Klebsiella quasipneumoniae subsp. similipneumoniae,131567;2;1224;1236;91347;543;2890311;570;1463165;1463164,no rank;superkingdom;phylum;class;order;family;no rank;genus;species;subspecies
1775.0,1,5318517,Mycobacterium cookii,species,cellular organisms;Bacteria;Terrabacteria group;Actinomycetota;Actinomycetes;Mycobacteriales;Mycobacteriaceae;Mycobacterium;Mycobacterium cookii,131567;2;1783272;201174;1760;85007;1762;1763;1775,no rank;superkingdom;clade;phylum;class;order;family;genus;species
1841855.0,20,5308568,Bacteroides bouchesdurhonensis,species,cellular organisms;Bacteria;FCB group;Bacteroidota/Chlorobiota group;Bacteroidota;Bacteroidia;Bacteroidales;Bacteroidaceae;Bacteroides;Bacteroides bouchesdurhonensis,131567;2;1783270;68336;976;200643;171549;815;816;1841855,no rank;superkingdom;clade;clade;phylum;class;order;family;genus;species
1780.0,115,5298816,Mycobacterium malmoense,species,cellular organisms;Bacteria;Terrabacteria group;Actinomycetota;Actinomycetes;Mycobacteriales;Mycobacteriaceae;Mycobacterium;Mycobacterium malmoense,131567;2;1783272;201174;1760;85007;1762;1763;1780,no rank;superkingdom;clade;phylum;class;order;family;genus;species
37752.0,30,5283672,Flavobacterium hibernum,species,cellular organisms;Bacteria;FCB group;Bacteroidota/Chlorobiota group;Bacteroidota;Flavobacteriia;Flavobacteriales;Flavobacteriaceae;Flavobacterium;Flavobacterium hibernum,131567;2;1783270;68336;976;117743;200644;49546;237;37752,no rank;superkingdom;clade;clade;phylum;class;order;family;genus;species
553.0,4,5279242,Pantoea ananatis,species,cellular organisms;Bacteria;Pseudomonadota;Gammaproteobacteria;Enterobacterales;Erwiniaceae;Pantoea;Pantoea ananatis,131567;2;1224;1236;91347;1903409;53335;553,no rank;superkingdom;phylum;class;order;family;genus;species
47885.0,3,5264913,Pseudomonas oryzihabitans,species,cellular organisms;Bacteria;Pseudomonadota;Gammaproteobacteria;Pseudomonadales;Pseudomonadaceae;Pseudomonas;Pseudomonas putida group;Pseudomonas oryzihabitans,131567;2;1224;1236;72274;135621;286;136845;47885,no rank;superkingdom;phylum;class;order;family;genus;species group;species
85831.0,167,5258315,Bacteroides acidifaciens,species,cellular organisms;Bacteria;FCB group;Bacteroidota/Chlorobiota group;Bacteroidota;Bacteroidia;Bacteroidales;Bacteroidaceae;Bacteroides;Bacteroides acidifaciens,131567;2;1783270;68336;976;200643;171549;815;816;85831,no rank;superkingdom;clade;clade;phylum;class;order;family;genus;species
1789.0,21,5251936,Mycobacterium xenopi,species,cellular organisms;Bacteria;Terrabacteria group;Actinomycetota;Actinomycetes;Mycobacteriales;Mycobacteriaceae;Mycobacterium;Mycobacterium xenopi,131567;2;1783272;201174;1760;85007;1762;1763;1789,no rank;superkingdom;clade;phylum;class;order;family;genus;species
1276.0,2,5232324,Kytococcus sedentarius,species,cellular organisms;Bacteria;Terrabacteria group;Actinomycetota;Actinomycetes;Micrococcales;Kytococcaceae;Kytococcus;Kytococcus sedentarius,131567;2;1783272;201174;1760;85006;2805426;57499;1276,no rank;superkingdom;clade;phylum;class;order;family;genus;species
1430326.0,142,5225940,Mycobacterium decipiens,species,cellular organisms;Bacteria;Terrabacteria group;Actinomycetota;Actinomycetes;Mycobacteriales;Mycobacteriaceae;Mycobacterium;Mycobacterium decipiens,131567;2;1783272;201174;1760;85007;1762;1763;1430326,no rank;superkingdom;clade;phylum;class;order;family;genus;species
43767.0,1,5218699,Prescottella equi,species,cellular organisms;Bacteria;Terrabacteria group;Actinomycetota;Actinomycetes;Mycobacteriales;Nocardiaceae;Prescottella;Prescottella equi,131567;2;1783272;201174;1760;85007;85025;2979332;43767,no rank;superkingdom;clade;phylum;class;order;family;genus;species
300181.0,1,5200450,Serratia ureilytica,species,cellular organisms;Bacteria;Pseudomonadota;Gammaproteobacteria;Enterobacterales;Yersiniaceae;Serratia;Serratia ureilytica,131567;2;1224;1236;91347;1903411;613;300181,no rank;superkingdom;phylum;class;order;family;genus;species
1391.0,132,5197231,Aneurinibacillus aneurinilyticus,species,cellular organisms;Bacteria;Terrabacteria group;Bacillota;Bacilli;Bacillales;Paenibacillaceae;Aneurinibacillus group;Aneurinibacillus;Aneurinibacillus aneurinilyticus,131567;2;1783272;1239;91061;1385;186822;85151;55079;1391,no rank;superkingdom;clade;phylum;class;order;family;no rank;genus;species
2650157.0,66,5182575,Bacteroides zhangwenhongii,species,cellular organisms;Bacteria;FCB group;Bacteroidota/Chlorobiota group;Bacteroidota;Bacteroidia;Bacteroidales;Bacteroidaceae;Bacteroides;Bacteroides zhangwenhongii,131567;2;1783270;68336;976;200643;171549;815;816;2650157,no rank;superkingdom;clade;clade;phylum;class;order;family;genus;species
38289.0,4,5179048,Corynebacterium jeikeium,species,cellular organisms;Bacteria;Terrabacteria group;Actinomycetota;Actinomycetes;Mycobacteriales;Corynebacteriaceae;Corynebacterium;Corynebacterium jeikeium,131567;2;1783272;201174;1760;85007;1653;1716;38289,no rank;superkingdom;clade;phylum;class;order;family;genus;species
2018065.0,8,5174209,Roseomonas sp. FDAARGOS_362,species,cellular organisms;Bacteria;Pseudomonadota;Alphaproteobacteria;Rhodospirillales;Acetobacteraceae;Roseomonas;unclassified Roseomonas;Roseomonas sp. FDAARGOS_362,131567;2;1224;28211;204441;433;125216;2617492;2018065,no rank;superkingdom;phylum;class;order;family;genus;no rank;species
529.0,5,5173962,Brucella anthropi,species,cellular organisms;Bacteria;Pseudomonadota;Alphaproteobacteria;Hyphomicrobiales;Brucellaceae;Brucella/Ochrobactrum group;Brucella;Brucella anthropi,131567;2;1224;28211;356;118882;2826938;234;529,no rank;superkingdom;phylum;class;order;family;no rank;genus;species
210.0,5,5146120,Helicobacter pylori,species,cellular organisms;Bacteria;Campylobacterota;Epsilonproteobacteria;Campylobacterales;Helicobacteraceae;Helicobacter;Helicobacter pylori,131567;2;29547;3031852;213849;72293;209;210,no rank;superkingdom;phylum;class;order;family;genus;species
2048550.0,69,5130549,Mycobacterium lehmannii,species,cellular organisms;Bacteria;Terrabacteria group;Actinomycetota;Actinomycetes;Mycobacteriales;Mycobacteriaceae;Mycobacterium;Mycobacterium lehmannii,131567;2;1783272;201174;1760;85007;1762;1763;2048550,no rank;superkingdom;clade;phylum;class;order;family;genus;species
36809.0,2,5118231,Mycobacteroides abscessus,species,cellular organisms;Bacteria;Terrabacteria group;Actinomycetota;Actinomycetes;Mycobacteriales;Mycobacteriaceae;Mycobacteroides;Mycobacteroides abscessus,131567;2;1783272;201174;1760;85007;1762;670516;36809,no rank;superkingdom;clade;phylum;class;order;family;genus;species
83655.0,2,5100422,Leclercia adecarboxylata,species,cellular organisms;Bacteria;Pseudomonadota;Gammaproteobacteria;Enterobacterales;Enterobacteriaceae;Leclercia;Leclercia adecarboxylata,131567;2;1224;1236;91347;543;83654;83655,no rank;superkingdom;phylum;class;order;family;genus;species
169765.0,1,5092988,Mycobacterium lacus,species,cellular organisms;Bacteria;Terrabacteria group;Actinomycetota;Actinomycetes;Mycobacteriales;Mycobacteriaceae;Mycobacterium;Mycobacterium lacus,131567;2;1783272;201174;1760;85007;1762;1763;169765,no rank;superkingdom;clade;phylum;class;order;family;genus;species
1930557.0,2,5069981,Shewanella sp. FDAARGOS_354,species,cellular organisms;Bacteria;Pseudomonadota;Gammaproteobacteria;Alteromonadales;Shewanellaceae;Shewanella;unclassified Shewanella;Shewanella sp. FDAARGOS_354,131567;2;1224;1236;135622;267890;22;196818;1930557,no rank;superkingdom;phylum;class;order;family;genus;no rank;species
1292.0,5,5049815,Staphylococcus warneri,species,cellular organisms;Bacteria;Terrabacteria group;Bacillota;Bacilli;Bacillales;Staphylococcaceae;Staphylococcus;Staphylococcus warneri,131567;2;1783272;1239;91061;1385;90964;1279;1292,no rank;superkingdom;clade;phylum;class;order;family;genus;species
86107.0,679,5043431,Coxsackievirus A6,serotype,Viruses;Riboviria;Orthornavirae;Pisuviricota;Pisoniviricetes;Picornavirales;Picornaviridae;Ensavirinae;Enterovirus;Enterovirus A;Coxsackievirus A6,10239;2559587;2732396;2732408;2732506;464095;12058;2946630;12059;138948;86107,superkingdom;clade;kingdom;phylum;class;order;family;subfamily;genus;species;serotype
685727.0,1,5043170,Prescottella equi 103S,strain,cellular organisms;Bacteria;Terrabacteria group;Actinomycetota;Actinomycetes;Mycobacteriales;Nocardiaceae;Prescottella;Prescottella equi;Prescottella equi 103S,131567;2;1783272;201174;1760;85007;85025;2979332;43767;685727,no rank;superkingdom;clade;phylum;class;order;family;genus;species;strain
881260.0,3,5037689,Enterobacter bugandensis,species,cellular organisms;Bacteria;Pseudomonadota;Gammaproteobacteria;Enterobacterales;Enterobacteriaceae;Enterobacter;Enterobacter bugandensis,131567;2;1224;1236;91347;543;547;881260,no rank;superkingdom;phylum;class;order;family;genus;species
595.0,4,5026850,Salmonella enterica subsp. enterica serovar Infantis,no rank,cellular organisms;Bacteria;Pseudomonadota;Gammaproteobacteria;Enterobacterales;Enterobacteriaceae;Salmonella;Salmonella enterica;Salmonella enterica subsp. enterica;Salmonella enterica subsp. enterica serovar Infantis,131567;2;1224;1236;91347;543;590;28901;59201;595,no rank;superkingdom;phylum;class;order;family;genus;species;subspecies;no rank
1347393.0,18,5025334,Bacteroides neonati,species,cellular organisms;Bacteria;FCB group;Bacteroidota/Chlorobiota group;Bacteroidota;Bacteroidia;Bacteroidales;Bacteroidaceae;Bacteroides;Bacteroides neonati,131567;2;1783270;68336;976;200643;171549;815;816;1347393,no rank;superkingdom;clade;clade;phylum;class;order;family;genus;species
1563222.0,3,5021319,Citrobacter pasteurii,species,cellular organisms;Bacteria;Pseudomonadota;Gammaproteobacteria;Enterobacterales;Enterobacteriaceae;Citrobacter;Citrobacter pasteurii,131567;2;1224;1236;91347;543;544;1563222,no rank;superkingdom;phylum;class;order;family;genus;species
488.0,2,5008700,Neisseria mucosa,species,cellular organisms;Bacteria;Pseudomonadota;Betaproteobacteria;Neisseriales;Neisseriaceae;Neisseria;Neisseria mucosa,131567;2;1224;28216;206351;481;482;488,no rank;superkingdom;phylum;class;order;family;genus;species
338188.0,118,4999807,Bacteroides finegoldii,species,cellular organisms;Bacteria;FCB group;Bacteroidota/Chlorobiota group;Bacteroidota;Bacteroidia;Bacteroidales;Bacteroidaceae;Bacteroides;Bacteroides finegoldii,131567;2;1783270;68336;976;200643;171549;815;816;338188,no rank;superkingdom;clade;clade;phylum;class;order;family;genus;species
207340.0,5,4996294,Roseomonas mucosa,species,cellular organisms;Bacteria;Pseudomonadota;Alphaproteobacteria;Rhodospirillales;Acetobacteraceae;Roseomonas;Roseomonas mucosa,131567;2;1224;28211;204441;433;125216;207340,no rank;superkingdom;phylum;class;order;family;genus;species
170573.0,3,4995988,Staphylococcus pettenkoferi,species,cellular organisms;Bacteria;Terrabacteria group;Bacillota;Bacilli;Bacillales;Staphylococcaceae;Staphylococcus;Staphylococcus pettenkoferi,131567;2;1783272;1239;91061;1385;90964;1279;170573,no rank;superkingdom;clade;phylum;class;order;family;genus;species
29494.0,3,4993326,Vibrio furnissii,species,cellular organisms;Bacteria;Pseudomonadota;Gammaproteobacteria;Vibrionales;Vibrionaceae;Vibrio;Vibrio furnissii,131567;2;1224;1236;135623;641;662;29494,no rank;superkingdom;phylum;class;order;family;genus;species
1747.0,2,4989871,Cutibacterium acnes,species,cellular organisms;Bacteria;Terrabacteria group;Actinomycetota;Actinomycetes;Propionibacteriales;Propionibacteriaceae;Cutibacterium;Cutibacterium acnes,131567;2;1783272;201174;1760;85009;31957;1912216;1747,no rank;superkingdom;clade;phylum;class;order;family;genus;species
42789.0,679,4965977,enterovirus D68,serotype,Viruses;Riboviria;Orthornavirae;Pisuviricota;Pisoniviricetes;Picornavirales;Picornaviridae;Ensavirinae;Enterovirus;Enterovirus D;enterovirus D68,10239;2559587;2732396;2732408;2732506;464095;12058;2946630;12059;138951;42789,superkingdom;clade;kingdom;phylum;class;order;family;subfamily;genus;species;serotype
67824.0,2,4964815,Citrobacter farmeri,species,cellular organisms;Bacteria;Pseudomonadota;Gammaproteobacteria;Enterobacterales;Enterobacteriaceae;Citrobacter;Citrobacter farmeri,131567;2;1224;1236;91347;543;544;67824,no rank;superkingdom;phylum;class;order;family;genus;species
1839800.0,1,4963041,Yersinia sp. FDAARGOS_228,species,cellular organisms;Bacteria;Pseudomonadota;Gammaproteobacteria;Enterobacterales;Yersiniaceae;Yersinia;unclassified Yersinia (in: enterobacteria);Yersinia sp. FDAARGOS_228,131567;2;1224;1236;91347;1903411;629;2653513;1839800,no rank;superkingdom;phylum;class;order;family;genus;no rank;species
1903262.0,14,4949270,Bacteroides ndongoniae,species,cellular organisms;Bacteria;FCB group;Bacteroidota/Chlorobiota group;Bacteroidota;Bacteroidia;Bacteroidales;Bacteroidaceae;Bacteroides;Bacteroides ndongoniae,131567;2;1783270;68336;976;200643;171549;815;816;1903262,no rank;superkingdom;clade;clade;phylum;class;order;family;genus;species
149385.0,4,4944234,Salmonella enterica subsp. enterica serovar Hadar,no rank,cellular organisms;Bacteria;Pseudomonadota;Gammaproteobacteria;Enterobacterales;Enterobacteriaceae;Salmonella;Salmonella enterica;Salmonella enterica subsp. enterica;Salmonella enterica subsp. enterica serovar Hadar,131567;2;1224;1236;91347;543;590;28901;59201;149385,no rank;superkingdom;phylum;class;order;family;genus;species;subspecies;no rank
43769.0,2,4941429,Corynebacterium propinquum,species,cellular organisms;Bacteria;Terrabacteria group;Actinomycetota;Actinomycetes;Mycobacteriales;Corynebacteriaceae;Corynebacterium;Corynebacterium propinquum,131567;2;1783272;201174;1760;85007;1653;1716;43769,no rank;superkingdom;clade;phylum;class;order;family;genus;species
2778051.0,4,4922539,Aeromonas sp. FDAARGOS 1402,species,cellular organisms;Bacteria;Pseudomonadota;Gammaproteobacteria;Aeromonadales;Aeromonadaceae;Aeromonas;unclassified Aeromonas;Aeromonas sp. FDAARGOS 1402,131567;2;1224;1236;135624;84642;642;257493;2778051,no rank;superkingdom;phylum;class;order;family;genus;no rank;species
997890.0,2,4920161,Bacteroides uniformis CL03T12C37,strain,cellular organisms;Bacteria;FCB group;Bacteroidota/Chlorobiota group;Bacteroidota;Bacteroidia;Bacteroidales;Bacteroidaceae;Bacteroides;Bacteroides uniformis;Bacteroides uniformis CL03T12C37,131567;2;1783270;68336;976;200643;171549;815;816;820;997890,no rank;superkingdom;clade;clade;phylum;class;order;family;genus;species;strain
1121096.0,102,4917576,Bacteroides gallinarum DSM 18171 = JCM 13658,strain,cellular organisms;Bacteria;FCB group;Bacteroidota/Chlorobiota group;Bacteroidota;Bacteroidia;Bacteroidales;Bacteroidaceae;Bacteroides;Bacteroides gallinarum;Bacteroides gallinarum DSM 18171 = JCM 13658,131567;2;1783270;68336;976;200643;171549;815;816;376806;1121096,no rank;superkingdom;clade;clade;phylum;class;order;family;genus;species;strain
134047.0,5,4908087,Salmonella enterica subsp. enterica serovar Bredeney,no rank,cellular organisms;Bacteria;Pseudomonadota;Gammaproteobacteria;Enterobacterales;Enterobacteriaceae;Salmonella;Salmonella enterica;Salmonella enterica subsp. enterica;Salmonella enterica subsp. enterica serovar Bredeney,131567;2;1224;1236;91347;543;590;28901;59201;134047,no rank;superkingdom;phylum;class;order;family;genus;species;subspecies;no rank
37923.0,2,4891576,Rothia kristinae,species,cellular organisms;Bacteria;Terrabacteria group;Actinomycetota;Actinomycetes;Micrococcales;Micrococcaceae;Rothia;Rothia kristinae,131567;2;1783272;201174;1760;85006;1268;32207;37923,no rank;superkingdom;clade;phylum;class;order;family;genus;species
1236512.0,148,4884492,Bacteroides rodentium JCM 16496,strain,cellular organisms;Bacteria;FCB group;Bacteroidota/Chlorobiota group;Bacteroidota;Bacteroidia;Bacteroidales;Bacteroidaceae;Bacteroides;Bacteroides rodentium;Bacteroides rodentium JCM 16496,131567;2;1783270;68336;976;200643;171549;815;816;691816;1236512,no rank;superkingdom;clade;clade;phylum;class;order;family;genus;species;strain
1975707.0,6,4877138,Pantoea sp. FDAARGOS_194,species,cellular organisms;Bacteria;Pseudomonadota;Gammaproteobacteria;Enterobacterales;Erwiniaceae;Pantoea;unclassified Pantoea;Pantoea sp. FDAARGOS_194,131567;2;1224;1236;91347;1903409;53335;2630326;1975707,no rank;superkingdom;phylum;class;order;family;genus;no rank;species
2027919.0,1,4876999,Enterobacter cloacae complex sp.,species,cellular organisms;Bacteria;Pseudomonadota;Gammaproteobacteria;Enterobacterales;Enterobacteriaceae;Enterobacter;Enterobacter cloacae complex;unclassified Enterobacter cloacae complex;Enterobacter cloacae complex sp.,131567;2;1224;1236;91347;543;547;354276;2757714;2027919,no rank;superkingdom;phylum;class;order;family;genus;species group;no rank;species
110505.0,1,4865109,Mycobacterium heckeshornense,species,cellular organisms;Bacteria;Terrabacteria group;Actinomycetota;Actinomycetes;Mycobacteriales;Mycobacteriaceae;Mycobacterium;Mycobacterium heckeshornense,131567;2;1783272;201174;1760;85007;1762;1763;110505,no rank;superkingdom;clade;phylum;class;order;family;genus;species
47880.0,1,4865091,Pseudomonas fulva,species,cellular organisms;Bacteria;Pseudomonadota;Gammaproteobacteria;Pseudomonadales;Pseudomonadaceae;Pseudomonas;Pseudomonas putida group;Pseudomonas fulva,131567;2;1224;1236;72274;135621;286;136845;47880,no rank;superkingdom;phylum;class;order;family;genus;species group;species
2420306.0,2,4862745,Serratia sp. FDAARGOS_506,species,cellular organisms;Bacteria;Pseudomonadota;Gammaproteobacteria;Enterobacterales;Yersiniaceae;Serratia;unclassified Serratia (in: enterobacteria);Serratia sp. FDAARGOS_506,131567;2;1224;1236;91347;1903411;613;2647522;2420306,no rank;superkingdom;phylum;class;order;family;genus;no rank;species
33935.0,3,4862621,Lysinibacillus macroides,species,cellular organisms;Bacteria;Terrabacteria group;Bacillota;Bacilli;Bacillales;Bacillaceae;Lysinibacillus;Lysinibacillus macroides,131567;2;1783272;1239;91061;1385;186817;400634;33935,no rank;superkingdom;clade;phylum;class;order;family;genus;species
103855.0,1,4860452,Bordetella hinzii,species,cellular organisms;Bacteria;Pseudomonadota;Betaproteobacteria;Burkholderiales;Alcaligenaceae;Bordetella;Bordetella hinzii,131567;2;1224;28216;80840;506;517;103855,no rank;superkingdom;phylum;class;order;family;genus;species
1795032.0,128,4849424,Mycolicibacter virginiensis,species,cellular organisms;Bacteria;Terrabacteria group;Actinomycetota;Actinomycetes;Mycobacteriales;Mycobacteriaceae;Mycolicibacter;Mycolicibacter virginiensis,131567;2;1783272;201174;1760;85007;1762;1073531;1795032,no rank;superkingdom;clade;phylum;class;order;family;genus;species
2778057.0,1,4844434,Aeromonas sp. FDAARGOS 1408,species,cellular organisms;Bacteria;Pseudomonadota;Gammaproteobacteria;Aeromonadales;Aeromonadaceae;Aeromonas;unclassified Aeromonas;Aeromonas sp. FDAARGOS 1408,131567;2;1224;1236;135624;84642;642;257493;2778057,no rank;superkingdom;phylum;class;order;family;genus;no rank;species
29313.0,6,4842631,Mycobacterium shimoidei,species,cellular organisms;Bacteria;Terrabacteria group;Actinomycetota;Actinomycetes;Mycobacteriales;Mycobacteriaceae;Mycobacterium;Mycobacterium shimoidei,131567;2;1783272;201174;1760;85007;1762;1763;29313,no rank;superkingdom;clade;phylum;class;order;family;genus;species
1796613.0,1,4839927,Bacteroides caecimuris,species,cellular organisms;Bacteria;FCB group;Bacteroidota/Chlorobiota group;Bacteroidota;Bacteroidia;Bacteroidales;Bacteroidaceae;Bacteroides;Bacteroides caecimuris,131567;2;1783270;68336;976;200643;171549;815;816;1796613,no rank;superkingdom;clade;clade;phylum;class;order;family;genus;species
1173947.0,7,4839711,"Salmonella enterica subsp. houtenae serovar 50:g,2;1224;1236;91347;543;590;28901,no rank,"cellular organisms;Bacteria;Pseudomonadota;Gammaproteobacteria;Enterobacterales;Enterobacteriaceae;Salmonella;Salmonella enterica;Salmonella enterica subsp. houtenae;Salmonella enterica subsp. houtenae serovar 50:g,z51:-"
90105.0,1,4838098,Salmonella enterica subsp. enterica serovar Saintpaul,no rank,cellular organisms;Bacteria;Pseudomonadota;Gammaproteobacteria;Enterobacterales;Enterobacteriaceae;Salmonella;Salmonella enterica;Salmonella enterica subsp. enterica;Salmonella enterica subsp. enterica serovar Saintpaul,131567;2;1224;1236;91347;543;590;28901;59201;90105,no rank;superkingdom;phylum;class;order;family;genus;species;subspecies;no rank
1770.0,1,4832477,Mycobacterium avium subsp. paratuberculosis,subspecies,cellular organisms;Bacteria;Terrabacteria group;Actinomycetota;Actinomycetes;Mycobacteriales;Mycobacteriaceae;Mycobacterium;Mycobacterium avium complex (MAC);Mycobacterium avium;Mycobacterium avium subsp. paratuberculosis,131567;2;1783272;201174;1760;85007;1762;1763;120793;1764;1770,no rank;superkingdom;clade;phylum;class;order;family;genus;species group;species;subspecies
2778052.0,1,4819779,Aeromonas sp. FDAARGOS 1403,species,cellular organisms;Bacteria;Pseudomonadota;Gammaproteobacteria;Aeromonadales;Aeromonadaceae;Aeromonas;unclassified Aeromonas;Aeromonas sp. FDAARGOS 1403,131567;2;1224;1236;135624;84642;642;257493;2778052,no rank;superkingdom;phylum;class;order;family;genus;no rank;species
329.0,2,4818052,Ralstonia pickettii,species,cellular organisms;Bacteria;Pseudomonadota;Betaproteobacteria;Burkholderiales;Burkholderiaceae;Ralstonia;Ralstonia pickettii,131567;2;1224;28216;80840;119060;48736;329,no rank;superkingdom;phylum;class;order;family;genus;species
2545798.0,1,4817482,Cedecea sp. FDAARGOS_727,species,cellular organisms;Bacteria;Pseudomonadota;Gammaproteobacteria;Enterobacterales;Enterobacteriaceae;Cedecea;unclassified Cedecea;Cedecea sp. FDAARGOS_727,131567;2;1224;1236;91347;543;158483;2649846;2545798,no rank;superkingdom;phylum;class;order;family;genus;no rank;species
544645.0,1,4813143,Butyricimonas virosa,species,cellular organisms;Bacteria;FCB group;Bacteroidota/Chlorobiota group;Bacteroidota;Bacteroidia;Bacteroidales;Odoribacteraceae;Butyricimonas;Butyricimonas virosa,131567;2;1783270;68336;976;200643;171549;1853231;574697;544645,no rank;superkingdom;clade;clade;phylum;class;order;family;genus;species
470934.0,4,4808855,Pantoea vagans,species,cellular organisms;Bacteria;Pseudomonadota;Gammaproteobacteria;Enterobacterales;Erwiniaceae;Pantoea;Pantoea vagans,131567;2;1224;1236;91347;1903409;53335;470934,no rank;superkingdom;phylum;class;order;family;genus;species
871325.0,88,4806522,Bacteroides faecichinchillae,species,cellular organisms;Bacteria;FCB group;Bacteroidota/Chlorobiota group;Bacteroidota;Bacteroidia;Bacteroidales;Bacteroidaceae;Bacteroides;Bacteroides faecichinchillae,131567;2;1783270;68336;976;200643;171549;815;816;871325,no rank;superkingdom;clade;clade;phylum;class;order;family;genus;species
519.0,1,4800737,Bordetella parapertussis,species,cellular organisms;Bacteria;Pseudomonadota;Betaproteobacteria;Burkholderiales;Alcaligenaceae;Bordetella;Bordetella parapertussis,131567;2;1224;28216;80840;506;517;519,no rank;superkingdom;phylum;class;order;family;genus;species
512402.0,96,4799517,Mycolicibacter heraklionensis,species,cellular organisms;Bacteria;Terrabacteria group;Actinomycetota;Actinomycetes;Mycobacteriales;Mycobacteriaceae;Mycolicibacter;Mycolicibacter heraklionensis,131567;2;1783272;201174;1760;85007;1762;1073531;512402,no rank;superkingdom;clade;phylum;class;order;family;genus;species
2778066.0,2,4793224,Aeromonas sp. FDAARGOS 1417,species,cellular organisms;Bacteria;Pseudomonadota;Gammaproteobacteria;Aeromonadales;Aeromonadaceae;Aeromonas;unclassified Aeromonas;Aeromonas sp. FDAARGOS 1417,131567;2;1224;1236;135624;84642;642;257493;2778066,no rank;superkingdom;phylum;class;order;family;genus;no rank;species
459858.0,1,4779798,Mycobacterium noviomagense,species,cellular organisms;Bacteria;Terrabacteria group;Actinomycetota;Actinomycetes;Mycobacteriales;Mycobacteriaceae;Mycobacterium;Mycobacterium noviomagense,131567;2;1783272;201174;1760;85007;1762;1763;459858,no rank;superkingdom;clade;phylum;class;order;family;genus;species
28045.0,81,4773526,Mycobacterium celatum,species,cellular organisms;Bacteria;Terrabacteria group;Actinomycetota;Actinomycetes;Mycobacteriales;Mycobacteriaceae;Mycobacterium;Mycobacterium celatum,131567;2;1783272;201174;1760;85007;1762;1763;28045,no rank;superkingdom;clade;phylum;class;order;family;genus;species
117541.0,2,4747007,Salmonella enterica subsp. enterica serovar Ohio,no rank,cellular organisms;Bacteria;Pseudomonadota;Gammaproteobacteria;Enterobacterales;Enterobacteriaceae;Salmonella;Salmonella enterica;Salmonella enterica subsp. enterica;Salmonella enterica subsp. enterica serovar Ohio,131567;2;1224;1236;91347;543;590;28901;59201;117541,no rank;superkingdom;phylum;class;order;family;genus;species;subspecies;no rank
2778053.0,1,4738672,Aeromonas sp. FDAARGOS 1404,species,cellular organisms;Bacteria;Pseudomonadota;Gammaproteobacteria;Aeromonadales;Aeromonadaceae;Aeromonas;unclassified Aeromonas;Aeromonas sp. FDAARGOS 1404,131567;2;1224;1236;135624;84642;642;257493;2778053,no rank;superkingdom;phylum;class;order;family;genus;no rank;species
1260918.0,35,4731047,Mycobacterium fragae,species,cellular organisms;Bacteria;Terrabacteria group;Actinomycetota;Actinomycetes;Mycobacteriales;Mycobacteriaceae;Mycobacterium;Mycobacterium fragae,131567;2;1783272;201174;1760;85007;1762;1763;1260918,no rank;superkingdom;clade;phylum;class;order;family;genus;species
28152.0,1,4730788,Yersinia kristensenii,species,cellular organisms;Bacteria;Pseudomonadota;Gammaproteobacteria;Enterobacterales;Yersiniaceae;Yersinia;Yersinia kristensenii,131567;2;1224;1236;91347;1903411;629;28152,no rank;superkingdom;phylum;class;order;family;genus;species
820.0,1,4728573,Bacteroides uniformis,species,cellular organisms;Bacteria;FCB group;Bacteroidota/Chlorobiota group;Bacteroidota;Bacteroidia;Bacteroidales;Bacteroidaceae;Bacteroides;Bacteroides uniformis,131567;2;1783270;68336;976;200643;171549;815;816;820,no rank;superkingdom;clade;clade;phylum;class;order;family;genus;species
1702170.0,1,4727498,Citrobacter sp. FDAARGOS_156,species,cellular organisms;Bacteria;Pseudomonadota;Gammaproteobacteria;Enterobacterales;Enterobacteriaceae;Citrobacter;unclassified Citrobacter;Citrobacter sp. FDAARGOS_156,131567;2;1224;1236;91347;543;544;2644389;1702170,no rank;superkingdom;phylum;class;order;family;genus;no rank;species
32013.0,1,4710225,Comamonas terrigena,species,cellular organisms;Bacteria;Pseudomonadota;Betaproteobacteria;Burkholderiales;Comamonadaceae;Comamonas;Comamonas terrigena,131567;2;1224;28216;80840;80864;283;32013,no rank;superkingdom;phylum;class;order;family;genus;species
2778056.0,2,4701520,Aeromonas sp. FDAARGOS 1407,species,cellular organisms;Bacteria;Pseudomonadota;Gammaproteobacteria;Aeromonadales;Aeromonadaceae;Aeromonas;unclassified Aeromonas;Aeromonas sp. FDAARGOS 1407,131567;2;1224;1236;135624;84642;642;257493;2778056,no rank;superkingdom;phylum;class;order;family;genus;no rank;species
1402.0,5,4693369,Bacillus licheniformis,species,cellular organisms;Bacteria;Terrabacteria group;Bacillota;Bacilli;Bacillales;Bacillaceae;Bacillus;Bacillus subtilis group;Bacillus licheniformis,131567;2;1783272;1239;91061;1385;186817;1386;653685;1402,no rank;superkingdom;clade;phylum;class;order;family;genus;species group;species
549.0,3,4692018,Pantoea agglomerans,species,cellular organisms;Bacteria;Pseudomonadota;Gammaproteobacteria;Enterobacterales;Erwiniaceae;Pantoea;Pantoea agglomerans group;Pantoea agglomerans,131567;2;1224;1236;91347;1903409;53335;1654067;549,no rank;superkingdom;phylum;class;order;family;genus;species group;species
1407.0,2,4681292,Peribacillus psychrosaccharolyticus,species,cellular organisms;Bacteria;Terrabacteria group;Bacillota;Bacilli;Bacillales;Bacillaceae;Peribacillus;Peribacillus psychrosaccharolyticus,131567;2;1783272;1239;91061;1385;186817;2675229;1407,no rank;superkingdom;clade;phylum;class;order;family;genus;species
84030.0,1,4678070,Lacrimispora saccharolytica,species,cellular organisms;Bacteria;Terrabacteria group;Bacillota;Clostridia;Lachnospirales;Lachnospiraceae;Lacrimispora;Lacrimispora saccharolytica,131567;2;1783272;1239;186801;3085636;186803;2719231;84030,no rank;superkingdom;clade;phylum;class;order;family;genus;species
478.0,4,4667090,Moraxella nonliquefaciens,species,cellular organisms;Bacteria;Pseudomonadota;Gammaproteobacteria;Moraxellales;Moraxellaceae;Moraxella;Moraxella nonliquefaciens,131567;2;1224;1236;2887326;468;475;478,no rank;superkingdom;phylum;class;order;family;genus;species
24.0,1,4659617,Shewanella putrefaciens,species,cellular organisms;Bacteria;Pseudomonadota;Gammaproteobacteria;Alteromonadales;Shewanellaceae;Shewanella;Shewanella putrefaciens,131567;2;1224;1236;135622;267890;22;24,no rank;superkingdom;phylum;class;order;family;genus;species
2778055.0,1,4645825,Aeromonas sp. FDAARGOS 1406,species,cellular organisms;Bacteria;Pseudomonadota;Gammaproteobacteria;Aeromonadales;Aeromonadaceae;Aeromonas;unclassified Aeromonas;Aeromonas sp. FDAARGOS 1406,131567;2;1224;1236;135624;84642;642;257493;2778055,no rank;superkingdom;phylum;class;order;family;genus;no rank;species
28169.0,4,4635961,Vibrio pelagius,species,cellular organisms;Bacteria;Pseudomonadota;Gammaproteobacteria;Vibrionales;Vibrionaceae;Vibrio;Vibrio pelagius,131567;2;1224;1236;135623;641;662;28169,no rank;superkingdom;phylum;class;order;family;genus;species
1756149.0,1,4632013,Elizabethkingia bruuniana,species,cellular organisms;Bacteria;FCB group;Bacteroidota/Chlorobiota group;Bacteroidota;Flavobacteriia;Flavobacteriales;Weeksellaceae;Elizabethkingia;Elizabethkingia bruuniana,131567;2;1783270;68336;976;117743;200644;2762318;308865;1756149,no rank;superkingdom;clade;clade;phylum;class;order;family;genus;species
44275.0,2,4630763,Leptospira interrogans serovar Copenhageni,no rank,cellular organisms;Bacteria;Spirochaetota;Spirochaetia;Leptospirales;Leptospiraceae;Leptospira;Leptospira interrogans;Leptospira interrogans serovar Copenhageni,131567;2;203691;203692;1643688;170;171;173;44275,no rank;superkingdom;phylum;class;order;family;genus;species;no rank
656.0,2,4630407,Aeromonas allosaccharophila,species,cellular organisms;Bacteria;Pseudomonadota;Gammaproteobacteria;Aeromonadales;Aeromonadaceae;Aeromonas;Aeromonas allosaccharophila,131567;2;1224;1236;135624;84642;642;656,no rank;superkingdom;phylum;class;order;family;genus;species
12083.0,622,4622123,Poliovirus 2,serotype,Viruses;Riboviria;Orthornavirae;Pisuviricota;Pisoniviricetes;Picornavirales;Picornaviridae;Ensavirinae;Enterovirus;Enterovirus C;Poliovirus 2,10239;2559587;2732396;2732408;2732506;464095;12058;2946630;12059;138950;12083,superkingdom;clade;kingdom;phylum;class;order;family;subfamily;genus;species;serotype
2778054.0,3,4614193,Aeromonas sp. FDAARGOS 1405,species,cellular organisms;Bacteria;Pseudomonadota;Gammaproteobacteria;Aeromonadales;Aeromonadaceae;Aeromonas;unclassified Aeromonas;Aeromonas sp. FDAARGOS 1405,131567;2;1224;1236;135624;84642;642;257493;2778054,no rank;superkingdom;phylum;class;order;family;genus;no rank;species
2778068.0,1,4588770,Aeromonas sp. FDAARGOS 1419,species,cellular organisms;Bacteria;Pseudomonadota;Gammaproteobacteria;Aeromonadales;Aeromonadaceae;Aeromonas;unclassified Aeromonas;Aeromonas sp. FDAARGOS 1419,131567;2;1224;1236;135624;84642;642;257493;2778068,no rank;superkingdom;phylum;class;order;family;genus;no rank;species
54388.0,1,4588003,Salmonella enterica subsp. enterica serovar Paratyphi A,no rank,cellular organisms;Bacteria;Pseudomonadota;Gammaproteobacteria;Enterobacterales;Enterobacteriaceae;Salmonella;Salmonella enterica;Salmonella enterica subsp. enterica;Salmonella enterica subsp. enterica serovar Paratyphi A,131567;2;1224;1236;91347;543;590;28901;59201;54388,no rank;superkingdom;phylum;class;order;family;genus;species;subspecies;no rank
654.0,2,4561870,Aeromonas veronii,species,cellular organisms;Bacteria;Pseudomonadota;Gammaproteobacteria;Aeromonadales;Aeromonadaceae;Aeromonas;Aeromonas veronii,131567;2;1224;1236;135624;84642;642;654,no rank;superkingdom;phylum;class;order;family;genus;species
565.0,1,4554875,Atlantibacter hermannii,species,cellular organisms;Bacteria;Pseudomonadota;Gammaproteobacteria;Enterobacterales;Enterobacteriaceae;Atlantibacter;Atlantibacter hermannii,131567;2;1224;1236;91347;543;1903434;565,no rank;superkingdom;phylum;class;order;family;genus;species
650.0,1,4551079,Aeromonas jandaei,species,cellular organisms;Bacteria;Pseudomonadota;Gammaproteobacteria;Aeromonadales;Aeromonadaceae;Aeromonas;Aeromonas jandaei,131567;2;1224;1236;135624;84642;642;650,no rank;superkingdom;phylum;class;order;family;genus;species
621.0,6,4548972,Shigella boydii,species,cellular organisms;Bacteria;Pseudomonadota;Gammaproteobacteria;Enterobacterales;Enterobacteriaceae;Shigella;Shigella boydii,131567;2;1224;1236;91347;543;620;621,no rank;superkingdom;phylum;class;order;family;genus;species
28141.0,130,4546320,Cronobacter sakazakii,species,cellular organisms;Bacteria;Pseudomonadota;Gammaproteobacteria;Enterobacterales;Enterobacteriaceae;Cronobacter;Cronobacter sakazakii,131567;2;1224;1236;91347;543;413496;28141,no rank;superkingdom;phylum;class;order;family;genus;species
2778060.0,1,4539453,Aeromonas sp. FDAARGOS 1411,species,cellular organisms;Bacteria;Pseudomonadota;Gammaproteobacteria;Aeromonadales;Aeromonadaceae;Aeromonas;unclassified Aeromonas;Aeromonas sp. FDAARGOS 1411,131567;2;1224;1236;135624;84642;642;257493;2778060,no rank;superkingdom;phylum;class;order;family;genus;no rank;species
2420304.0,7,4531518,Acinetobacter sp. FDAARGOS_559,species,cellular organisms;Bacteria;Pseudomonadota;Gammaproteobacteria;Moraxellales;Moraxellaceae;Acinetobacter;unclassified Acinetobacter;Acinetobacter sp. FDAARGOS_559,131567;2;1224;1236;2887326;468;469;196816;2420304,no rank;superkingdom;phylum;class;order;family;genus;no rank;species
2778065.0,1,4518831,Aeromonas sp. FDAARGOS 1416,species,cellular organisms;Bacteria;Pseudomonadota;Gammaproteobacteria;Aeromonadales;Aeromonadaceae;Aeromonas;unclassified Aeromonas;Aeromonas sp. FDAARGOS 1416,131567;2;1224;1236;135624;84642;642;257493;2778065,no rank;superkingdom;phylum;class;order;family;genus;no rank;species
2778059.0,2,4510294,Aeromonas sp. FDAARGOS 1410,species,cellular organisms;Bacteria;Pseudomonadota;Gammaproteobacteria;Aeromonadales;Aeromonadaceae;Aeromonas;unclassified Aeromonas;Aeromonas sp. FDAARGOS 1410,131567;2;1224;1236;135624;84642;642;257493;2778059,no rank;superkingdom;phylum;class;order;family;genus;no rank;species
398694.0,1,4504020,Mycobacterium shinjukuense,species,cellular organisms;Bacteria;Terrabacteria group;Actinomycetota;Actinomycetes;Mycobacteriales;Mycobacteriaceae;Mycobacterium;Mycobacterium shinjukuense,131567;2;1783272;201174;1760;85007;1762;1763;398694,no rank;superkingdom;clade;phylum;class;order;family;genus;species
2778063.0,1,4493834,Aeromonas sp. FDAARGOS 1414,species,cellular organisms;Bacteria;Pseudomonadota;Gammaproteobacteria;Aeromonadales;Aeromonadaceae;Aeromonas;unclassified Aeromonas;Aeromonas sp. FDAARGOS 1414,131567;2;1224;1236;135624;84642;642;257493;2778063,no rank;superkingdom;phylum;class;order;family;genus;no rank;species
2492438.0,1,4458926,Mycobacterium novum,species,cellular organisms;Bacteria;Terrabacteria group;Actinomycetota;Actinomycetes;Mycobacteriales;Mycobacteriaceae;Mycobacterium;Mycobacterium novum,131567;2;1783272;201174;1760;85007;1762;1763;2492438,no rank;superkingdom;clade;phylum;class;order;family;genus;species
2778067.0,1,4454045,Aeromonas sp. FDAARGOS 1418,species,cellular organisms;Bacteria;Pseudomonadota;Gammaproteobacteria;Aeromonadales;Aeromonadaceae;Aeromonas;unclassified Aeromonas;Aeromonas sp. FDAARGOS 1418,131567;2;1224;1236;135624;84642;642;257493;2778067,no rank;superkingdom;phylum;class;order;family;genus;no rank;species
315405.0,2,4449209,Streptococcus gallolyticus,species,cellular organisms;Bacteria;Terrabacteria group;Bacillota;Bacilli;Lactobacillales;Streptococcaceae;Streptococcus;Streptococcus gallolyticus,131567;2;1783272;1239;91061;186826;1300;1301;315405,no rank;superkingdom;clade;phylum;class;order;family;genus;species
29489.0,1,4416959,Aeromonas enteropelogenes,species,cellular organisms;Bacteria;Pseudomonadota;Gammaproteobacteria;Aeromonadales;Aeromonadaceae;Aeromonas;Aeromonas enteropelogenes,131567;2;1224;1236;135624;84642;642;29489,no rank;superkingdom;phylum;class;order;family;genus;species
74829.0,1,4411233,Stutzerimonas balearica,species,cellular organisms;Bacteria;Pseudomonadota;Gammaproteobacteria;Pseudomonadales;Pseudomonadaceae;Stutzerimonas;Stutzerimonas stutzeri group;Stutzerimonas balearica,131567;2;1224;1236;72274;135621;2901164;136846;74829,no rank;superkingdom;phylum;class;order;family;genus;species group;species
2968969.0,1,4394686,Stutzerimonas frequens,species,cellular organisms;Bacteria;Pseudomonadota;Gammaproteobacteria;Pseudomonadales;Pseudomonadaceae;Stutzerimonas;Stutzerimonas stutzeri group;Stutzerimonas frequens,131567;2;1224;1236;72274;135621;2901164;136846;2968969,no rank;superkingdom;phylum;class;order;family;genus;species group;species
2778058.0,1,4377952,Aeromonas sp. FDAARGOS 1409,species,cellular organisms;Bacteria;Pseudomonadota;Gammaproteobacteria;Aeromonadales;Aeromonadaceae;Aeromonas;unclassified Aeromonas;Aeromonas sp. FDAARGOS 1409,131567;2;1224;1236;135624;84642;642;257493;2778058,no rank;superkingdom;phylum;class;order;family;genus;no rank;species
2778064.0,2,4346429,Aeromonas sp. FDAARGOS 1415,species,cellular organisms;Bacteria;Pseudomonadota;Gammaproteobacteria;Aeromonadales;Aeromonadaceae;Aeromonas;unclassified Aeromonas;Aeromonas sp. FDAARGOS 1415,131567;2;1224;1236;135624;84642;642;257493;2778064,no rank;superkingdom;phylum;class;order;family;genus;no rank;species
1324352.0,2,4338935,Chryseobacterium gallinarum,species,cellular organisms;Bacteria;FCB group;Bacteroidota/Chlorobiota group;Bacteroidota;Flavobacteriia;Flavobacteriales;Weeksellaceae;Chryseobacterium group;Chryseobacterium;Chryseobacterium gallinarum,131567;2;1783270;68336;976;117743;200644;2762318;2782232;59732;1324352,no rank;superkingdom;clade;clade;phylum;class;order;family;no rank;genus;species
69966.0,3,4337686,Macrococcoides caseolyticum,species,cellular organisms;Bacteria;Terrabacteria group;Bacillota;Bacilli;Bacillales;Staphylococcaceae;Macrococcoides;Macrococcoides caseolyticum,131567;2;1783272;1239;91061;1385;90964;3076173;69966,no rank;superkingdom;clade;phylum;class;order;family;genus;species
84962.0,4,4335050,Mycobacterium botniense,species,cellular organisms;Bacteria;Terrabacteria group;Actinomycetota;Actinomycetes;Mycobacteriales;Mycobacteriaceae;Mycobacterium;Mycobacterium botniense,131567;2;1783272;201174;1760;85007;1762;1763;84962,no rank;superkingdom;clade;phylum;class;order;family;genus;species
763034.0,97,4330716,Bacteroides fluxus YIT 12057,strain,cellular organisms;Bacteria;FCB group;Bacteroidota/Chlorobiota group;Bacteroidota;Bacteroidia;Bacteroidales;Bacteroidaceae;Bacteroides;Bacteroides fluxus;Bacteroides fluxus YIT 12057,131567;2;1783270;68336;976;200643;171549;815;816;626930;763034,no rank;superkingdom;clade;clade;phylum;class;order;family;genus;species;strain
2051.0,2,4317346,Mobiluncus curtisii,species,cellular organisms;Bacteria;Terrabacteria group;Actinomycetota;Actinomycetes;Actinomycetales;Actinomycetaceae;Mobiluncus;Mobiluncus curtisii,131567;2;1783272;201174;1760;2037;2049;2050;2051,no rank;superkingdom;clade;phylum;class;order;family;genus;species
2434.0,3,4308791,Roseobacter denitrificans,species,cellular organisms;Bacteria;Pseudomonadota;Alphaproteobacteria;Rhodobacterales;Roseobacteraceae;Roseobacter;Roseobacter denitrificans,131567;2;1224;28211;204455;2854170;2433;2434,no rank;superkingdom;phylum;class;order;family;genus;species
2420303.0,8,4282746,Acinetobacter sp. FDAARGOS_558,species,cellular organisms;Bacteria;Pseudomonadota;Gammaproteobacteria;Moraxellales;Moraxellaceae;Acinetobacter;unclassified Acinetobacter;Acinetobacter sp. FDAARGOS_558,131567;2;1224;1236;2887326;468;469;196816;2420303,no rank;superkingdom;phylum;class;order;family;genus;no rank;species
1328.0,2,4265455,Streptococcus anginosus,species,cellular organisms;Bacteria;Terrabacteria group;Bacillota;Bacilli;Lactobacillales;Streptococcaceae;Streptococcus;Streptococcus anginosus group;Streptococcus anginosus,131567;2;1783272;1239;91061;186826;1300;1301;671232;1328,no rank;superkingdom;clade;phylum;class;order;family;genus;species group;species
1202450.0,1,4235765,Mycobacterium haemophilum DSM 44634,strain,cellular organisms;Bacteria;Terrabacteria group;Actinomycetota;Actinomycetes;Mycobacteriales;Mycobacteriaceae;Mycobacterium;Mycobacterium haemophilum;Mycobacterium haemophilum DSM 44634,131567;2;1783272;201174;1760;85007;1762;1763;29311;1202450,no rank;superkingdom;clade;phylum;class;order;family;genus;species;strain
1462571.0,212,4220680,Bacteroides gallinaceum,species,cellular organisms;Bacteria;FCB group;Bacteroidota/Chlorobiota group;Bacteroidota;Bacteroidia;Bacteroidales;Bacteroidaceae;Bacteroides;Bacteroides gallinaceum,131567;2;1783270;68336;976;200643;171549;815;816;1462571,no rank;superkingdom;clade;clade;phylum;class;order;family;genus;species
33968.0,8,4210082,Leuconostoc pseudomesenteroides,species,cellular organisms;Bacteria;Terrabacteria group;Bacillota;Bacilli;Lactobacillales;Lactobacillaceae;Leuconostoc;Leuconostoc pseudomesenteroides,131567;2;1783272;1239;91061;186826;33958;1243;33968,no rank;superkingdom;clade;phylum;class;order;family;genus;species
1313.0,4,4177067,Streptococcus pneumoniae,species,cellular organisms;Bacteria;Terrabacteria group;Bacillota;Bacilli;Lactobacillales;Streptococcaceae;Streptococcus;Streptococcus pneumoniae,131567;2;1783272;1239;91061;186826;1300;1301;1313,no rank;superkingdom;clade;phylum;class;order;family;genus;species
2420305.0,3,4166595,Acinetobacter sp. FDAARGOS_560,species,cellular organisms;Bacteria;Pseudomonadota;Gammaproteobacteria;Moraxellales;Moraxellaceae;Acinetobacter;unclassified Acinetobacter;Acinetobacter sp. FDAARGOS_560,131567;2;1224;1236;2887326;468;469;196816;2420305,no rank;superkingdom;phylum;class;order;family;genus;no rank;species
2479840.0,23,4160700,Prevotella marseillensis,species,cellular organisms;Bacteria;FCB group;Bacteroidota/Chlorobiota group;Bacteroidota;Bacteroidia;Bacteroidales;Prevotellaceae;Prevotella;Prevotella marseillensis,131567;2;1783270;68336;976;200643;171549;171552;838;2479840,no rank;superkingdom;clade;clade;phylum;class;order;family;genus;species
568706.0,4,4136096,Bordetella pertussis 18323,strain,cellular organisms;Bacteria;Pseudomonadota;Betaproteobacteria;Burkholderiales;Alcaligenaceae;Bordetella;Bordetella pertussis;Bordetella pertussis 18323,131567;2;1224;28216;80840;506;517;520;568706,no rank;superkingdom;phylum;class;order;family;genus;species;strain
1876769.0,8,4127634,Acinetobacter sp. FDAARGOS_131,species,cellular organisms;Bacteria;Pseudomonadota;Gammaproteobacteria;Moraxellales;Moraxellaceae;Acinetobacter;Acinetobacter calcoaceticus/baumannii complex;unclassified Acinetobacter calcoaceticus/baumannii complex;Acinetobacter sp. FDAARGOS_131,131567;2;1224;1236;2887326;468;469;909768;2881046;1876769,no rank;superkingdom;phylum;class;order;family;genus;species group;no rank;species
2420302.0,6,4126262,Acinetobacter sp. FDAARGOS_495,species,cellular organisms;Bacteria;Pseudomonadota;Gammaproteobacteria;Moraxellales;Moraxellaceae;Acinetobacter;unclassified Acinetobacter;Acinetobacter sp. FDAARGOS_495,131567;2;1224;1236;2887326;468;469;196816;2420302,no rank;superkingdom;phylum;class;order;family;genus;no rank;species
1297750.0,38,4118748,Bacteroides luti,species,cellular organisms;Bacteria;FCB group;Bacteroidota/Chlorobiota group;Bacteroidota;Bacteroidia;Bacteroidales;Bacteroidaceae;Bacteroides;Bacteroides luti,131567;2;1783270;68336;976;200643;171549;815;816;1297750,no rank;superkingdom;clade;clade;phylum;class;order;family;genus;species
387090.0,1,4113613,Phocaeicola coprophilus,species,cellular organisms;Bacteria;FCB group;Bacteroidota/Chlorobiota group;Bacteroidota;Bacteroidia;Bacteroidales;Bacteroidaceae;Phocaeicola;Phocaeicola coprophilus,131567;2;1783270;68336;976;200643;171549;815;909656;387090,no rank;superkingdom;clade;clade;phylum;class;order;family;genus;species
2518605.0,146,4105402,Segatella hominis,species,cellular organisms;Bacteria;FCB group;Bacteroidota/Chlorobiota group;Bacteroidota;Bacteroidia;Bacteroidales;Prevotellaceae;Segatella;Segatella hominis,131567;2;1783270;68336;976;200643;171549;171552;2974251;2518605,no rank;superkingdom;clade;clade;phylum;class;order;family;genus;species
2420312.0,4,4081028,Acinetobacter sp. FDAARGOS_541,species,cellular organisms;Bacteria;Pseudomonadota;Gammaproteobacteria;Moraxellales;Moraxellaceae;Acinetobacter;unclassified Acinetobacter;Acinetobacter sp. FDAARGOS_541,131567;2;1224;1236;2887326;468;469;196816;2420312,no rank;superkingdom;phylum;class;order;family;genus;no rank;species
1197728.0,102,4080115,Prevotella conceptionensis 9403948,strain,cellular organisms;Bacteria;FCB group;Bacteroidota/Chlorobiota group;Bacteroidota;Bacteroidia;Bacteroidales;Prevotellaceae;Prevotella;Prevotella conceptionensis;Prevotella conceptionensis 9403948,131567;2;1783270;68336;976;200643;171549;171552;838;340486;1197728,no rank;superkingdom;clade;clade;phylum;class;order;family;genus;species;strain
1069220.0,129,4078902,Mycolicibacillus koreensis,species,cellular organisms;Bacteria;Terrabacteria group;Actinomycetota;Actinomycetes;Mycobacteriales;Mycobacteriaceae;Mycolicibacillus;Mycolicibacillus koreensis,131567;2;1783272;201174;1760;85007;1762;2126281;1069220,no rank;superkingdom;clade;phylum;class;order;family;genus;species
1841856.0,18,4075696,Bacteroides mediterraneensis,species,cellular organisms;Bacteria;FCB group;Bacteroidota/Chlorobiota group;Bacteroidota;Bacteroidia;Bacteroidales;Bacteroidaceae;Bacteroides;Bacteroides mediterraneensis,131567;2;1783270;68336;976;200643;171549;815;816;1841856,no rank;superkingdom;clade;clade;phylum;class;order;family;genus;species
1852362.0,6,4063701,Bacteroides ihuae,species,cellular organisms;Bacteria;FCB group;Bacteroidota/Chlorobiota group;Bacteroidota;Bacteroidia;Bacteroidales;Bacteroidaceae;Bacteroides;Bacteroides ihuae,131567;2;1783270;68336;976;200643;171549;815;816;1852362,no rank;superkingdom;clade;clade;phylum;class;order;family;genus;species
1423.0,1,4045619,Bacillus subtilis,species,cellular organisms;Bacteria;Terrabacteria group;Bacillota;Bacilli;Bacillales;Bacillaceae;Bacillus;Bacillus subtilis group;Bacillus subtilis,131567;2;1783272;1239;91061;1385;186817;1386;653685;1423,no rank;superkingdom;clade;phylum;class;order;family;genus;species group;species
2968968.0,1,4042123,Stutzerimonas degradans,species,cellular organisms;Bacteria;Pseudomonadota;Gammaproteobacteria;Pseudomonadales;Pseudomonadaceae;Stutzerimonas;Stutzerimonas stutzeri group;Stutzerimonas degradans,131567;2;1224;1236;72274;135621;2901164;136846;2968968,no rank;superkingdom;phylum;class;order;family;genus;species group;species
2420300.0,4,4021456,Acinetobacter sp. FDAARGOS_493,species,cellular organisms;Bacteria;Pseudomonadota;Gammaproteobacteria;Moraxellales;Moraxellaceae;Acinetobacter;unclassified Acinetobacter;Acinetobacter sp. FDAARGOS_493,131567;2;1224;1236;2887326;468;469;196816;2420300,no rank;superkingdom;phylum;class;order;family;genus;no rank;species
1530123.0,1,3999049,Acinetobacter seifertii,species,cellular organisms;Bacteria;Pseudomonadota;Gammaproteobacteria;Moraxellales;Moraxellaceae;Acinetobacter;Acinetobacter calcoaceticus/baumannii complex;Acinetobacter seifertii,131567;2;1224;1236;2887326;468;469;909768;1530123,no rank;superkingdom;phylum;class;order;family;genus;species group;species
693979.0,1,3998906,Bacteroides helcogenes P 36-108,strain,cellular organisms;Bacteria;FCB group;Bacteroidota/Chlorobiota group;Bacteroidota;Bacteroidia;Bacteroidales;Bacteroidaceae;Bacteroides;Bacteroides helcogenes;Bacteroides helcogenes P 36-108,131567;2;1783270;68336;976;200643;171549;815;816;290053;693979,no rank;superkingdom;clade;clade;phylum;class;order;family;genus;species;strain
673.0,2,3998439,Grimontia hollisae,species,cellular organisms;Bacteria;Pseudomonadota;Gammaproteobacteria;Vibrionales;Vibrionaceae;Grimontia;Grimontia hollisae,131567;2;1224;1236;135623;641;246861;673,no rank;superkingdom;phylum;class;order;family;genus;species
126385.0,1,3990106,Providencia alcalifaciens,species,cellular organisms;Bacteria;Pseudomonadota;Gammaproteobacteria;Enterobacterales;Morganellaceae;Providencia;Providencia alcalifaciens,131567;2;1224;1236;91347;1903414;586;126385,no rank;superkingdom;phylum;class;order;family;genus;species
1917883.0,23,3977103,Bacteroides togonis,species,cellular organisms;Bacteria;FCB group;Bacteroidota/Chlorobiota group;Bacteroidota;Bacteroidia;Bacteroidales;Bacteroidaceae;Bacteroides;Bacteroides togonis,131567;2;1783270;68336;976;200643;171549;815;816;1917883,no rank;superkingdom;clade;clade;phylum;class;order;family;genus;species
1907658.0,14,3974623,Bacteroides ilei,species,cellular organisms;Bacteria;FCB group;Bacteroidota/Chlorobiota group;Bacteroidota;Bacteroidia;Bacteroidales;Bacteroidaceae;Bacteroides;Bacteroides ilei,131567;2;1783270;68336;976;200643;171549;815;816;1907658,no rank;superkingdom;clade;clade;phylum;class;order;family;genus;species
2420301.0,2,3953244,Acinetobacter sp. FDAARGOS_494,species,cellular organisms;Bacteria;Pseudomonadota;Gammaproteobacteria;Moraxellales;Moraxellaceae;Acinetobacter;unclassified Acinetobacter;Acinetobacter sp. FDAARGOS_494,131567;2;1224;1236;2887326;468;469;196816;2420301,no rank;superkingdom;phylum;class;order;family;genus;no rank;species
2778082.0,2,3922638,Rhodanobacter sp. FDAARGOS 1247,species,cellular organisms;Bacteria;Pseudomonadota;Gammaproteobacteria;Lysobacterales;Rhodanobacteraceae;Rhodanobacter;unclassified Rhodanobacter;Rhodanobacter sp. FDAARGOS 1247,131567;2;1224;1236;135614;1775411;75309;2621553;2778082,no rank;superkingdom;phylum;class;order;family;genus;no rank;species
2606637.0,108,3920788,Hallella mizrahii,species,cellular organisms;Bacteria;FCB group;Bacteroidota/Chlorobiota group;Bacteroidota;Bacteroidia;Bacteroidales;Prevotellaceae;Hallella;Hallella mizrahii,131567;2;1783270;68336;976;200643;171549;171552;52228;2606637,no rank;superkingdom;clade;clade;phylum;class;order;family;genus;species
471.0,1,3915231,Acinetobacter calcoaceticus,species,cellular organisms;Bacteria;Pseudomonadota;Gammaproteobacteria;Moraxellales;Moraxellaceae;Acinetobacter;Acinetobacter calcoaceticus/baumannii complex;Acinetobacter calcoaceticus,131567;2;1224;1236;2887326;468;469;909768;471,no rank;superkingdom;phylum;class;order;family;genus;species group;species
1177574.0,2,3913006,Prevotella jejuni,species,cellular organisms;Bacteria;FCB group;Bacteroidota/Chlorobiota group;Bacteroidota;Bacteroidia;Bacteroidales;Prevotellaceae;Prevotella;Prevotella jejuni,131567;2;1783270;68336;976;200643;171549;171552;838;1177574,no rank;superkingdom;clade;clade;phylum;class;order;family;genus;species
2024197.0,24,3903522,Bacteroides cutis,species,cellular organisms;Bacteria;FCB group;Bacteroidota/Chlorobiota group;Bacteroidota;Bacteroidia;Bacteroidales;Bacteroidaceae;Bacteroides;Bacteroides cutis,131567;2;1783270;68336;976;200643;171549;815;816;2024197,no rank;superkingdom;clade;clade;phylum;class;order;family;genus;species
626929.0,27,3897457,Bacteroides clarus,species,cellular organisms;Bacteria;FCB group;Bacteroidota/Chlorobiota group;Bacteroidota;Bacteroidia;Bacteroidales;Bacteroidaceae;Bacteroides;Bacteroides clarus,131567;2;1783270;68336;976;200643;171549;815;816;626929,no rank;superkingdom;clade;clade;phylum;class;order;family;genus;species
46506.0,1,3883826,Bacteroides stercoris,species,cellular organisms;Bacteria;FCB group;Bacteroidota/Chlorobiota group;Bacteroidota;Bacteroidia;Bacteroidales;Bacteroidaceae;Bacteroides;Bacteroides stercoris,131567;2;1783270;68336;976;200643;171549;815;816;46506,no rank;superkingdom;clade;clade;phylum;class;order;family;genus;species
465797.0,2,3860318,Acinetobacter septicus,species,cellular organisms;Bacteria;Pseudomonadota;Gammaproteobacteria;Moraxellales;Moraxellaceae;Acinetobacter;Acinetobacter septicus,131567;2;1224;1236;2887326;468;469;465797,no rank;superkingdom;phylum;class;order;family;genus;species
102862.0,1,3850796,Proteus penneri,species,cellular organisms;Bacteria;Pseudomonadota;Gammaproteobacteria;Enterobacterales;Morganellaceae;Proteus;Proteus penneri,131567;2;1224;1236;91347;1903414;583;102862,no rank;superkingdom;phylum;class;order;family;genus;species
480.0,2,3849965,Moraxella catarrhalis,species,cellular organisms;Bacteria;Pseudomonadota;Gammaproteobacteria;Moraxellales;Moraxellaceae;Moraxella;Moraxella catarrhalis,131567;2;1224;1236;2887326;468;475;480,no rank;superkingdom;phylum;class;order;family;genus;species
1338.0,2,3847383,Streptococcus intermedius,species,cellular organisms;Bacteria;Terrabacteria group;Bacillota;Bacilli;Lactobacillales;Streptococcaceae;Streptococcus;Streptococcus anginosus group;Streptococcus intermedius,131567;2;1783272;1239;91061;186826;1300;1301;671232;1338,no rank;superkingdom;clade;phylum;class;order;family;genus;species group;species
703.0,1,3827531,Plesiomonas shigelloides,species,cellular organisms;Bacteria;Pseudomonadota;Gammaproteobacteria;Enterobacterales;Enterobacteriaceae;Plesiomonas;Plesiomonas shigelloides,131567;2;1224;1236;91347;543;702;703,no rank;superkingdom;phylum;class;order;family;genus;species
2420307.0,4,3820331,Acinetobacter sp. FDAARGOS_515,species,cellular organisms;Bacteria;Pseudomonadota;Gammaproteobacteria;Moraxellales;Moraxellaceae;Acinetobacter;unclassified Acinetobacter;Acinetobacter sp. FDAARGOS_515,131567;2;1224;1236;2887326;468;469;196816;2420307,no rank;superkingdom;phylum;class;order;family;genus;no rank;species
93378.0,2,3817113,Edwardsiella hoshinae,species,cellular organisms;Bacteria;Pseudomonadota;Gammaproteobacteria;Enterobacterales;Hafniaceae;Edwardsiella;Edwardsiella hoshinae,131567;2;1224;1236;91347;1903412;635;93378,no rank;superkingdom;phylum;class;order;family;genus;species
1676614.0,85,3788330,Xylanibacter rarus,species,cellular organisms;Bacteria;FCB group;Bacteroidota/Chlorobiota group;Bacteroidota;Bacteroidia;Bacteroidales;Prevotellaceae;Xylanibacter;Xylanibacter rarus,131567;2;1783270;68336;976;200643;171549;171552;558436;1676614,no rank;superkingdom;clade;clade;phylum;class;order;family;genus;species
1411144.0,254,3766773,Bacteroides caecigallinarum,species,cellular organisms;Bacteria;FCB group;Bacteroidota/Chlorobiota group;Bacteroidota;Bacteroidia;Bacteroidales;Bacteroidaceae;Bacteroides;Bacteroides caecigallinarum,131567;2;1783270;68336;976;200643;171549;815;816;1411144,no rank;superkingdom;clade;clade;phylum;class;order;family;genus;species
1776379.0,27,3765112,Leyella lascolaii,species,cellular organisms;Bacteria;FCB group;Bacteroidota/Chlorobiota group;Bacteroidota;Bacteroidia;Bacteroidales;Prevotellaceae;Leyella;Leyella lascolaii,131567;2;1783270;68336;976;200643;171549;171552;2974265;1776379,no rank;superkingdom;clade;clade;phylum;class;order;family;genus;species
150055.0,2,3764645,Streptococcus lutetiensis,species,cellular organisms;Bacteria;Terrabacteria group;Bacillota;Bacilli;Lactobacillales;Streptococcaceae;Streptococcus;Streptococcus lutetiensis,131567;2;1783272;1239;91061;186826;1300;1301;150055,no rank;superkingdom;clade;phylum;class;order;family;genus;species
28037.0,2,3737716,Streptococcus mitis,species,cellular organisms;Bacteria;Terrabacteria group;Bacillota;Bacilli;Lactobacillales;Streptococcaceae;Streptococcus;Streptococcus mitis,131567;2;1783272;1239;91061;186826;1300;1301;28037,no rank;superkingdom;clade;phylum;class;order;family;genus;species
727.0,2,3733278,Haemophilus influenzae,species,cellular organisms;Bacteria;Pseudomonadota;Gammaproteobacteria;Pasteurellales;Pasteurellaceae;Haemophilus;Haemophilus influenzae,131567;2;1224;1236;135625;712;724;727,no rank;superkingdom;phylum;class;order;family;genus;species
54005.0,2,3721536,Peptoniphilus harei,species,cellular organisms;Bacteria;Terrabacteria group;Bacillota;Tissierellia;Tissierellales;Peptoniphilaceae;Peptoniphilus;Peptoniphilus harei,131567;2;1783272;1239;1737404;1737405;1570339;162289;54005,no rank;superkingdom;clade;phylum;class;order;family;genus;species
2778077.0,1,3699485,Chryseobacterium sp. FDAARGOS 1104,species,cellular organisms;Bacteria;FCB group;Bacteroidota/Chlorobiota group;Bacteroidota;Flavobacteriia;Flavobacteriales;Weeksellaceae;Chryseobacterium group;Chryseobacterium;unclassified Chryseobacterium;Chryseobacterium sp. FDAARGOS 1104,131567;2;1783270;68336;976;117743;200644;2762318;2782232;59732;2593645;2778077,no rank;superkingdom;clade;clade;phylum;class;order;family;no rank;genus;no rank;species
1121097.0,32,3633399,Bacteroides graminisolvens DSM 19988 = JCM 15093,strain,cellular organisms;Bacteria;FCB group;Bacteroidota/Chlorobiota group;Bacteroidota;Bacteroidia;Bacteroidales;Bacteroidaceae;Bacteroides;Bacteroides graminisolvens;Bacteroides graminisolvens DSM 19988 = JCM 15093,131567;2;1783270;68336;976;200643;171549;815;816;477666;1121097,no rank;superkingdom;clade;clade;phylum;class;order;family;genus;species;strain
29347.0,1,3619096,[Clostridium] scindens,species,cellular organisms;Bacteria;Terrabacteria group;Bacillota;Clostridia;Lachnospirales;Lachnospiraceae;Lachnoclostridium;[Clostridium] scindens,131567;2;1783272;1239;186801;3085636;186803;1506553;29347,no rank;superkingdom;clade;phylum;class;order;family;genus;species
28113.0,1,3608975,Bacteroides heparinolyticus,species,cellular organisms;Bacteria;FCB group;Bacteroidota/Chlorobiota group;Bacteroidota;Bacteroidia;Bacteroidales;Bacteroidaceae;Bacteroides;Bacteroides heparinolyticus,131567;2;1783270;68336;976;200643;171549;815;816;28113,no rank;superkingdom;clade;clade;phylum;class;order;family;genus;species
537011.0,3,3551614,Segatella copri DSM 18205,strain,cellular organisms;Bacteria;FCB group;Bacteroidota/Chlorobiota group;Bacteroidota;Bacteroidia;Bacteroidales;Prevotellaceae;Segatella;Segatella copri;Segatella copri DSM 18205,131567;2;1783270;68336;976;200643;171549;171552;2974251;165179;537011,no rank;superkingdom;clade;clade;phylum;class;order;family;genus;species;strain
2060307.0,3,3549293,Enterococcus sp. FDAARGOS_375,species,cellular organisms;Bacteria;Terrabacteria group;Bacillota;Bacilli;Lactobacillales;Enterococcaceae;Enterococcus;unclassified Enterococcus;Enterococcus sp. FDAARGOS_375,131567;2;1783272;1239;91061;186826;81852;1350;2608891;2060307,no rank;superkingdom;clade;phylum;class;order;family;genus;no rank;species
293.0,1,3549082,Brevundimonas diminuta,species,cellular organisms;Bacteria;Pseudomonadota;Alphaproteobacteria;Caulobacterales;Caulobacteraceae;Brevundimonas;Brevundimonas diminuta,131567;2;1224;28211;204458;76892;41275;293,no rank;superkingdom;phylum;class;order;family;genus;species
861.0,1,3537675,Fusobacterium ulcerans,species,cellular organisms;Bacteria;Fusobacteriota;Fusobacteriia;Fusobacteriales;Fusobacteriaceae;Fusobacterium;Fusobacterium ulcerans,131567;2;32066;203490;203491;203492;848;861,no rank;superkingdom;phylum;class;order;family;genus;species
1122991.0,98,3511526,Hoylesella shahii DSM 15611 = JCM 12083,strain,cellular organisms;Bacteria;FCB group;Bacteroidota/Chlorobiota group;Bacteroidota;Bacteroidia;Bacteroidales;Prevotellaceae;Hoylesella;Hoylesella shahii;Hoylesella shahii DSM 15611 = JCM 12083,131567;2;1783270;68336;976;200643;171549;171552;2974257;228603;1122991,no rank;superkingdom;clade;clade;phylum;class;order;family;genus;species;strain
1122985.0,31,3508589,Hoylesella loescheii DSM 19665 = JCM 12249 = ATCC 15930,strain,cellular organisms;Bacteria;FCB group;Bacteroidota/Chlorobiota group;Bacteroidota;Bacteroidia;Bacteroidales;Prevotellaceae;Hoylesella;Hoylesella loescheii;Hoylesella loescheii DSM 19665 = JCM 12249 = ATCC 15930,131567;2;1783270;68336;976;200643;171549;171552;2974257;840;1122985,no rank;superkingdom;clade;clade;phylum;class;order;family;genus;species;strain
2702.0,3,3487573,Gardnerella vaginalis,species,cellular organisms;Bacteria;Terrabacteria group;Actinomycetota;Actinomycetes;Bifidobacteriales;Bifidobacteriaceae;Gardnerella;Gardnerella vaginalis,131567;2;1783272;201174;1760;85004;31953;2701;2702,no rank;superkingdom;clade;phylum;class;order;family;genus;species
2545797.0,5,3468292,Acinetobacter sp. FDAARGOS_724,species,cellular organisms;Bacteria;Pseudomonadota;Gammaproteobacteria;Moraxellales;Moraxellaceae;Acinetobacter;unclassified Acinetobacter;Acinetobacter sp. FDAARGOS_724,131567;2;1224;1236;2887326;468;469;196816;2545797,no rank;superkingdom;phylum;class;order;family;genus;no rank;species
1750.0,1,3467615,Arachnia propionica,species,cellular organisms;Bacteria;Terrabacteria group;Actinomycetota;Actinomycetes;Propionibacteriales;Propionibacteriaceae;Arachnia;Arachnia propionica,131567;2;1783272;201174;1760;85009;31957;2801844;1750,no rank;superkingdom;clade;phylum;class;order;family;genus;species
91891.0,3,3460518,Legionella pneumophila subsp. pneumophila,subspecies,cellular organisms;Bacteria;Pseudomonadota;Gammaproteobacteria;Legionellales;Legionellaceae;Legionella;Legionella pneumophila;Legionella pneumophila subsp. pneumophila,131567;2;1224;1236;118969;444;445;446;91891,no rank;superkingdom;phylum;class;order;family;genus;species;subspecies
1122990.0,61,3455832,Segatella paludivivens DSM 17968 = JCM 13650,strain,cellular organisms;Bacteria;FCB group;Bacteroidota/Chlorobiota group;Bacteroidota;Bacteroidia;Bacteroidales;Prevotellaceae;Segatella;Segatella paludivivens;Segatella paludivivens DSM 17968 = JCM 13650,131567;2;1783270;68336;976;200643;171549;171552;2974251;185294;1122990,no rank;superkingdom;clade;clade;phylum;class;order;family;genus;species;strain
1423734.0,94,3449704,Agrilactobacillus composti DSM 18527 = JCM 14202,strain,cellular organisms;Bacteria;Terrabacteria group;Bacillota;Bacilli;Lactobacillales;Lactobacillaceae;Agrilactobacillus;Agrilactobacillus composti;Agrilactobacillus composti DSM 18527 = JCM 14202,131567;2;1783272;1239;91061;186826;33958;2767875;398555;1423734,no rank;superkingdom;clade;phylum;class;order;family;genus;species;strain
839.0,1,3439340,Xylanibacter ruminicola,species,cellular organisms;Bacteria;FCB group;Bacteroidota/Chlorobiota group;Bacteroidota;Bacteroidia;Bacteroidales;Prevotellaceae;Xylanibacter;Xylanibacter ruminicola,131567;2;1783270;68336;976;200643;171549;171552;558436;839,no rank;superkingdom;clade;clade;phylum;class;order;family;genus;species
688246.0,3,3388644,Hallella multisaccharivorax DSM 17128,strain,cellular organisms;Bacteria;FCB group;Bacteroidota/Chlorobiota group;Bacteroidota;Bacteroidia;Bacteroidales;Prevotellaceae;Hallella;Hallella multisaccharivorax;Hallella multisaccharivorax DSM 17128,131567;2;1783270;68336;976;200643;171549;171552;52228;310514;688246,no rank;superkingdom;clade;clade;phylum;class;order;family;genus;species;strain
827.0,2,3386077,Campylobacter ureolyticus,species,cellular organisms;Bacteria;Campylobacterota;Epsilonproteobacteria;Campylobacterales;Campylobacteraceae;Campylobacter;Campylobacter ureolyticus,131567;2;29547;3031852;213849;72294;194;827,no rank;superkingdom;phylum;class;order;family;genus;species
40216.0,6,3377444,Acinetobacter radioresistens,species,cellular organisms;Bacteria;Pseudomonadota;Gammaproteobacteria;Moraxellales;Moraxellaceae;Acinetobacter;Acinetobacter radioresistens,131567;2;1224;1236;2887326;468;469;40216,no rank;superkingdom;phylum;class;order;family;genus;species
410072.0,1,3373067,Coprococcus comes,species,cellular organisms;Bacteria;Terrabacteria group;Bacillota;Clostridia;Lachnospirales;Lachnospiraceae;Coprococcus;Coprococcus comes,131567;2;1783272;1239;186801;3085636;186803;33042;410072,no rank;superkingdom;clade;phylum;class;order;family;genus;species
310300.0,115,3371970,Bacteroides pyogenes,species,cellular organisms;Bacteria;FCB group;Bacteroidota/Chlorobiota group;Bacteroidota;Bacteroidia;Bacteroidales;Bacteroidaceae;Bacteroides;Bacteroides pyogenes,131567;2;1783270;68336;976;200643;171549;815;816;310300,no rank;superkingdom;clade;clade;phylum;class;order;family;genus;species
28119.0,1,3361794,Bacteroides zoogleoformans,species,cellular organisms;Bacteria;FCB group;Bacteroidota/Chlorobiota group;Bacteroidota;Bacteroidia;Bacteroidales;Bacteroidaceae;Bacteroides;Bacteroides zoogleoformans,131567;2;1783270;68336;976;200643;171549;815;816;28119,no rank;superkingdom;clade;clade;phylum;class;order;family;genus;species
908937.0,4,3350206,Prevotella dentalis DSM 3688,strain,cellular organisms;Bacteria;FCB group;Bacteroidota/Chlorobiota group;Bacteroidota;Bacteroidia;Bacteroidales;Prevotellaceae;Prevotella;Prevotella dentalis;Prevotella dentalis DSM 3688,131567;2;1783270;68336;976;200643;171549;171552;838;52227;908937,no rank;superkingdom;clade;clade;phylum;class;order;family;genus;species;strain
469618.0,2,3346458,Fusobacterium varium ATCC 27725,strain,cellular organisms;Bacteria;Fusobacteriota;Fusobacteriia;Fusobacteriales;Fusobacteriaceae;Fusobacterium;Fusobacterium varium;Fusobacterium varium ATCC 27725,131567;2;32066;203490;203491;203492;848;856;469618,no rank;superkingdom;phylum;class;order;family;genus;species;strain
41276.0,1,3345527,Brevundimonas vesicularis,species,cellular organisms;Bacteria;Pseudomonadota;Alphaproteobacteria;Caulobacterales;Caulobacteraceae;Brevundimonas;Brevundimonas vesicularis,131567;2;1224;28211;204458;76892;41275;41276,no rank;superkingdom;phylum;class;order;family;genus;species
1398.0,1,3342828,Heyndrickxia coagulans,species,cellular organisms;Bacteria;Terrabacteria group;Bacillota;Bacilli;Bacillales;Bacillaceae;Heyndrickxia;Heyndrickxia coagulans,131567;2;1783272;1239;91061;1385;186817;2837504;1398,no rank;superkingdom;clade;phylum;class;order;family;genus;species
1917878.0,19,3323400,Prevotella ihumii,species,cellular organisms;Bacteria;FCB group;Bacteroidota/Chlorobiota group;Bacteroidota;Bacteroidia;Bacteroidales;Prevotellaceae;Prevotella;Prevotella ihumii,131567;2;1783270;68336;976;200643;171549;171552;838;1917878,no rank;superkingdom;clade;clade;phylum;class;order;family;genus;species
36855.0,2,3312764,Brucella canis,species,cellular organisms;Bacteria;Pseudomonadota;Alphaproteobacteria;Hyphomicrobiales;Brucellaceae;Brucella/Ochrobactrum group;Brucella;Brucella canis,131567;2;1224;28211;356;118882;2826938;234;36855,no rank;superkingdom;phylum;class;order;family;no rank;genus;species
1236518.0,3,3303745,Prevotella scopos JCM 17725,strain,cellular organisms;Bacteria;FCB group;Bacteroidota/Chlorobiota group;Bacteroidota;Bacteroidia;Bacteroidales;Prevotellaceae;Prevotella;Prevotella scopos;Prevotella scopos JCM 17725,131567;2;1783270;68336;976;200643;171549;171552;838;589437;1236518,no rank;superkingdom;clade;clade;phylum;class;order;family;genus;species;strain
1462569.0,71,3299531,Bacteroides caecicola,species,cellular organisms;Bacteria;FCB group;Bacteroidota/Chlorobiota group;Bacteroidota;Bacteroidia;Bacteroidales;Bacteroidaceae;Bacteroides;Bacteroides caecicola,131567;2;1783270;68336;976;200643;171549;815;816;1462569,no rank;superkingdom;clade;clade;phylum;class;order;family;genus;species
77095.0,23,3296581,Segatella bryantii,species,cellular organisms;Bacteria;FCB group;Bacteroidota/Chlorobiota group;Bacteroidota;Bacteroidia;Bacteroidales;Prevotellaceae;Segatella;Segatella bryantii,131567;2;1783270;68336;976;200643;171549;171552;2974251;77095,no rank;superkingdom;clade;clade;phylum;class;order;family;genus;species
915438.0,1,3287991,Xylanibacter oryzae DSM 17970,strain,cellular organisms;Bacteria;FCB group;Bacteroidota/Chlorobiota group;Bacteroidota;Bacteroidia;Bacteroidales;Prevotellaceae;Xylanibacter;Xylanibacter oryzae;Xylanibacter oryzae DSM 17970,131567;2;1783270;68336;976;200643;171549;171552;558436;185293;915438,no rank;superkingdom;clade;clade;phylum;class;order;family;genus;species;strain
2420313.0,3,3283483,Enterococcus sp. FDAARGOS_553,species,cellular organisms;Bacteria;Terrabacteria group;Bacillota;Bacilli;Lactobacillales;Enterococcaceae;Enterococcus;unclassified Enterococcus;Enterococcus sp. FDAARGOS_553,131567;2;1783272;1239;91061;186826;81852;1350;2608891;2420313,no rank;superkingdom;clade;phylum;class;order;family;genus;no rank;species
585502.0,30,3273670,Hallella bergensis DSM 17361,strain,cellular organisms;Bacteria;FCB group;Bacteroidota/Chlorobiota group;Bacteroidota;Bacteroidia;Bacteroidales;Prevotellaceae;Hallella;Hallella bergensis;Hallella bergensis DSM 17361,131567;2;1783270;68336;976;200643;171549;171552;52228;242750;585502,no rank;superkingdom;clade;clade;phylum;class;order;family;genus;species;strain
1236517.0,2,3261806,Prevotella fusca JCM 17724,strain,cellular organisms;Bacteria;FCB group;Bacteroidota/Chlorobiota group;Bacteroidota;Bacteroidia;Bacteroidales;Prevotellaceae;Prevotella;Prevotella fusca;Prevotella fusca JCM 17724,131567;2;1783270;68336;976;200643;171549;171552;838;589436;1236517,no rank;superkingdom;clade;clade;phylum;class;order;family;genus;species;strain
1410666.0,22,3216972,Xylanibacter brevis P6B11,strain,cellular organisms;Bacteria;FCB group;Bacteroidota/Chlorobiota group;Bacteroidota;Bacteroidia;Bacteroidales;Prevotellaceae;Xylanibacter;Xylanibacter brevis;Xylanibacter brevis P6B11,131567;2;1783270;68336;976;200643;171549;171552;558436;83231;1410666,no rank;superkingdom;clade;clade;phylum;class;order;family;genus;species;strain
480418.0,126,3206741,Mycobacterium lepromatosis,species,cellular organisms;Bacteria;Terrabacteria group;Actinomycetota;Actinomycetes;Mycobacteriales;Mycobacteriaceae;Mycobacterium;Mycobacterium lepromatosis,131567;2;1783272;201174;1760;85007;1762;1763;480418,no rank;superkingdom;clade;phylum;class;order;family;genus;species
33038.0,1,3196940,Mediterraneibacter gnavus,species,cellular organisms;Bacteria;Terrabacteria group;Bacillota;Clostridia;Lachnospirales;Lachnospiraceae;Mediterraneibacter;Mediterraneibacter gnavus,131567;2;1783272;1239;186801;3085636;186803;2316020;33038,no rank;superkingdom;clade;phylum;class;order;family;genus;species
544580.0,2,3190396,Actinomyces oris,species,cellular organisms;Bacteria;Terrabacteria group;Actinomycetota;Actinomycetes;Actinomycetales;Actinomycetaceae;Actinomyces;Actinomyces oris,131567;2;1783272;201174;1760;2037;2049;1654;544580,no rank;superkingdom;clade;phylum;class;order;family;genus;species
1769.0,1,3187112,Mycobacterium leprae,species,cellular organisms;Bacteria;Terrabacteria group;Actinomycetota;Actinomycetes;Mycobacteriales;Mycobacteriaceae;Mycobacterium;Mycobacterium leprae,131567;2;1783272;201174;1760;85007;1762;1763;1769,no rank;superkingdom;clade;phylum;class;order;family;genus;species
553174.0,2,3168282,Prevotella melaninogenica ATCC 25845,strain,cellular organisms;Bacteria;FCB group;Bacteroidota/Chlorobiota group;Bacteroidota;Bacteroidia;Bacteroidales;Prevotellaceae;Prevotella;Prevotella melaninogenica;Prevotella melaninogenica ATCC 25845,131567;2;1783270;68336;976;200643;171549;171552;838;28132;553174,no rank;superkingdom;clade;clade;phylum;class;order;family;genus;species;strain
28135.0,1,3168212,Segatella oris,species,cellular organisms;Bacteria;FCB group;Bacteroidota/Chlorobiota group;Bacteroidota;Bacteroidia;Bacteroidales;Prevotellaceae;Segatella;Segatella oris,131567;2;1783270;68336;976;200643;171549;171552;2974251;28135,no rank;superkingdom;clade;clade;phylum;class;order;family;genus;species
1975705.0,1,3160997,Psychrobacter sp. FDAARGOS_221,species,cellular organisms;Bacteria;Pseudomonadota;Gammaproteobacteria;Moraxellales;Moraxellaceae;Psychrobacter;unclassified Psychrobacter;Psychrobacter sp. FDAARGOS_221,131567;2;1224;1236;2887326;468;497;196806;1975705,no rank;superkingdom;phylum;class;order;family;genus;no rank;species
1655.0,1,3152123,Actinomyces naeslundii,species,cellular organisms;Bacteria;Terrabacteria group;Actinomycetota;Actinomycetes;Actinomycetales;Actinomycetaceae;Actinomyces;Actinomyces naeslundii,131567;2;1783272;201174;1760;2037;2049;1654;1655,no rank;superkingdom;clade;phylum;class;order;family;genus;species
999422.0,21,3151214,Segatella maculosa OT 289,strain,cellular organisms;Bacteria;FCB group;Bacteroidota/Chlorobiota group;Bacteroidota;Bacteroidia;Bacteroidales;Prevotellaceae;Segatella;Segatella maculosa;Segatella maculosa OT 289,131567;2;1783270;68336;976;200643;171549;171552;2974251;439703;999422,no rank;superkingdom;clade;clade;phylum;class;order;family;genus;species;strain
2162698.0,54,3122721,Mycobacterium uberis,species,cellular organisms;Bacteria;Terrabacteria group;Actinomycetota;Actinomycetes;Mycobacteriales;Mycobacteriaceae;Mycobacterium;Mycobacterium uberis,131567;2;1783272;201174;1760;85007;1762;1763;2162698,no rank;superkingdom;clade;phylum;class;order;family;genus;species
28126.0,3,3122366,Segatella buccae,species,cellular organisms;Bacteria;FCB group;Bacteroidota/Chlorobiota group;Bacteroidota;Bacteroidia;Bacteroidales;Prevotellaceae;Segatella;Segatella buccae,131567;2;1783270;68336;976;200643;171549;171552;2974251;28126,no rank;superkingdom;clade;clade;phylum;class;order;family;genus;species
1602169.0,88,3120120,Prevotella pectinovora,species,cellular organisms;Bacteria;FCB group;Bacteroidota/Chlorobiota group;Bacteroidota;Bacteroidia;Bacteroidales;Prevotellaceae;Prevotella;Prevotella pectinovora,131567;2;1783270;68336;976;200643;171549;171552;838;1602169,no rank;superkingdom;clade;clade;phylum;class;order;family;genus;species
60133.0,7,3108714,Prevotella pallens,species,cellular organisms;Bacteria;FCB group;Bacteroidota/Chlorobiota group;Bacteroidota;Bacteroidia;Bacteroidales;Prevotellaceae;Prevotella;Prevotella pallens,131567;2;1783270;68336;976;200643;171549;171552;838;60133,no rank;superkingdom;clade;clade;phylum;class;order;family;genus;species
330922.0,2,3108645,Psychrobacter cryohalolentis,species,cellular organisms;Bacteria;Pseudomonadota;Gammaproteobacteria;Moraxellales;Moraxellaceae;Psychrobacter;Psychrobacter cryohalolentis,131567;2;1224;1236;2887326;468;497;330922,no rank;superkingdom;phylum;class;order;family;genus;species
28129.0,3,3106544,Prevotella denticola,species,cellular organisms;Bacteria;FCB group;Bacteroidota/Chlorobiota group;Bacteroidota;Bacteroidia;Bacteroidales;Prevotellaceae;Prevotella;Prevotella denticola,131567;2;1783270;68336;976;200643;171549;171552;838;28129,no rank;superkingdom;clade;clade;phylum;class;order;family;genus;species
1395125.0,32,3099908,Segatella salivae F0493,strain,cellular organisms;Bacteria;FCB group;Bacteroidota/Chlorobiota group;Bacteroidota;Bacteroidia;Bacteroidales;Prevotellaceae;Segatella;Segatella salivae;Segatella salivae F0493,131567;2;1783270;68336;976;200643;171549;171552;2974251;228604;1395125,no rank;superkingdom;clade;clade;phylum;class;order;family;genus;species;strain
1002367.0,148,3097322,Leyella stercorea DSM 18206,strain,cellular organisms;Bacteria;FCB group;Bacteroidota/Chlorobiota group;Bacteroidota;Bacteroidia;Bacteroidales;Prevotellaceae;Leyella;Leyella stercorea;Leyella stercorea DSM 18206,131567;2;1783270;68336;976;200643;171549;171552;2974265;363265;1002367,no rank;superkingdom;clade;clade;phylum;class;order;family;genus;species;strain
2800387.0,139,3088950,Prevotella illustrans,species,cellular organisms;Bacteria;FCB group;Bacteroidota/Chlorobiota group;Bacteroidota;Bacteroidia;Bacteroidales;Prevotellaceae;Prevotella;Prevotella illustrans,131567;2;1783270;68336;976;200643;171549;171552;838;2800387,no rank;superkingdom;clade;clade;phylum;class;order;family;genus;species
556499.0,1,3072768,Propionibacterium acidifaciens,species,cellular organisms;Bacteria;Terrabacteria group;Actinomycetota;Actinomycetes;Propionibacteriales;Propionibacteriaceae;Propionibacterium;Propionibacterium acidifaciens,131567;2;1783272;201174;1760;85009;31957;1743;556499,no rank;superkingdom;clade;phylum;class;order;family;genus;species
1274.0,1,3072433,Dermacoccus nishinomiyaensis,species,cellular organisms;Bacteria;Terrabacteria group;Actinomycetota;Actinomycetes;Micrococcales;Dermacoccaceae;Dermacoccus;Dermacoccus nishinomiyaensis,131567;2;1783272;201174;1760;85006;145357;57495;1274,no rank;superkingdom;clade;phylum;class;order;family;genus;species
28130.0,6,3051352,Prevotella disiens,species,cellular organisms;Bacteria;FCB group;Bacteroidota/Chlorobiota group;Bacteroidota;Bacteroidia;Bacteroidales;Prevotellaceae;Prevotella;Prevotella disiens,131567;2;1783270;68336;976;200643;171549;171552;838;28130,no rank;superkingdom;clade;clade;phylum;class;order;family;genus;species
679190.0,118,3033961,Hoylesella buccalis ATCC 35310,strain,cellular organisms;Bacteria;FCB group;Bacteroidota/Chlorobiota group;Bacteroidota;Bacteroidia;Bacteroidales;Prevotellaceae;Hoylesella;Hoylesella buccalis;Hoylesella buccalis ATCC 35310,131567;2;1783270;68336;976;200643;171549;171552;2974257;28127;679190,no rank;superkingdom;clade;clade;phylum;class;order;family;genus;species;strain
40545.0,1,3026517,Sutterella wadsworthensis,species,cellular organisms;Bacteria;Pseudomonadota;Betaproteobacteria;Burkholderiales;Sutterellaceae;Sutterella;Sutterella wadsworthensis,131567;2;1224;28216;80840;995019;40544;40545,no rank;superkingdom;phylum;class;order;family;genus;species
282402.0,2,3025491,Prevotella multiformis,species,cellular organisms;Bacteria;FCB group;Bacteroidota/Chlorobiota group;Bacteroidota;Bacteroidia;Bacteroidales;Prevotellaceae;Prevotella;Prevotella multiformis,131567;2;1783270;68336;976;200643;171549;171552;838;282402,no rank;superkingdom;clade;clade;phylum;class;order;family;genus;species
537973.0,3,3025352,Lacticaseibacillus paracasei subsp. paracasei 8700:2,strain,cellular organisms;Bacteria;Terrabacteria group;Bacillota;Bacilli;Lactobacillales;Lactobacillaceae;Lacticaseibacillus;Lacticaseibacillus paracasei;Lacticaseibacillus paracasei subsp. paracasei;Lacticaseibacillus paracasei subsp. paracasei 8700:2,131567;2;1783272;1239;91061;186826;33958;2759736;1597;47714;537973,no rank;superkingdom;clade;phylum;class;order;family;genus;species;subspecies;strain
1115809.0,44,3024338,Segatella baroniae F0067,strain,cellular organisms;Bacteria;FCB group;Bacteroidota/Chlorobiota group;Bacteroidota;Bacteroidia;Bacteroidales;Prevotellaceae;Segatella;Segatella baroniae;Segatella baroniae F0067,131567;2;1783270;68336;976;200643;171549;171552;2974251;305719;1115809,no rank;superkingdom;clade;clade;phylum;class;order;family;genus;species;strain
1236508.0,148,3002170,Prevotella aurantiaca JCM 15754,strain,cellular organisms;Bacteria;FCB group;Bacteroidota/Chlorobiota group;Bacteroidota;Bacteroidia;Bacteroidales;Prevotellaceae;Prevotella;Prevotella aurantiaca;Prevotella aurantiaca JCM 15754,131567;2;1783270;68336;976;200643;171549;171552;838;596085;1236508,no rank;superkingdom;clade;clade;phylum;class;order;family;genus;species;strain
386414.0,22,3000907,Hoylesella timonensis,species,cellular organisms;Bacteria;FCB group;Bacteroidota/Chlorobiota group;Bacteroidota;Bacteroidia;Bacteroidales;Prevotellaceae;Hoylesella;Hoylesella timonensis,131567;2;1783270;68336;976;200643;171549;171552;2974257;386414,no rank;superkingdom;clade;clade;phylum;class;order;family;genus;species
470565.0,2,2999514,Prevotella histicola,species,cellular organisms;Bacteria;FCB group;Bacteroidota/Chlorobiota group;Bacteroidota;Bacteroidia;Bacteroidales;Prevotellaceae;Prevotella;Prevotella histicola,131567;2;1783270;68336;976;200643;171549;171552;838;470565,no rank;superkingdom;clade;clade;phylum;class;order;family;genus;species
1703337.0,61,2936680,Hallella colorans,species,cellular organisms;Bacteria;FCB group;Bacteroidota/Chlorobiota group;Bacteroidota;Bacteroidia;Bacteroidales;Prevotellaceae;Hallella;Hallella colorans,131567;2;1783270;68336;976;200643;171549;171552;52228;1703337,no rank;superkingdom;clade;clade;phylum;class;order;family;genus;species
1643.0,1,2934720,Listeria welshimeri,species,cellular organisms;Bacteria;Terrabacteria group;Bacillota;Bacilli;Bacillales;Listeriaceae;Listeria;Listeria welshimeri,131567;2;1783272;1239;91061;1385;186820;1637;1643,no rank;superkingdom;clade;phylum;class;order;family;genus;species
1412756.0,12,2929152,Staphylococcus aureus M13048,strain,cellular organisms;Bacteria;Terrabacteria group;Bacillota;Bacilli;Bacillales;Staphylococcaceae;Staphylococcus;Staphylococcus aureus;Staphylococcus aureus M13048,131567;2;1783272;1239;91061;1385;90964;1279;1280;1412756,no rank;superkingdom;clade;phylum;class;order;family;genus;species;strain
1776388.0,12,2922118,Prevotella phocaeensis,species,cellular organisms;Bacteria;FCB group;Bacteroidota/Chlorobiota group;Bacteroidota;Bacteroidia;Bacteroidales;Prevotellaceae;Prevotella;Prevotella phocaeensis,131567;2;1783270;68336;976;200643;171549;171552;838;1776388,no rank;superkingdom;clade;clade;phylum;class;order;family;genus;species
1642.0,21,2911156,Listeria innocua,species,cellular organisms;Bacteria;Terrabacteria group;Bacillota;Bacilli;Bacillales;Listeriaceae;Listeria;Listeria innocua,131567;2;1783272;1239;91061;1385;186820;1637;1642,no rank;superkingdom;clade;phylum;class;order;family;genus;species
134034.0,1,2881812,Corynebacterium freneyi,species,cellular organisms;Bacteria;Terrabacteria group;Actinomycetota;Actinomycetes;Mycobacteriales;Corynebacteriaceae;Corynebacterium;Corynebacterium freneyi,131567;2;1783272;201174;1760;85007;1653;1716;134034,no rank;superkingdom;clade;phylum;class;order;family;genus;species
1388691.0,56,2879183,Staphylococcus aureus M0920,strain,cellular organisms;Bacteria;Terrabacteria group;Bacillota;Bacilli;Bacillales;Staphylococcaceae;Staphylococcus;Staphylococcus aureus;Staphylococcus aureus M0920,131567;2;1783272;1239;91061;1385;90964;1279;1280;1388691,no rank;superkingdom;clade;phylum;class;order;family;genus;species;strain
76123.0,1,2861432,Hoylesella enoeca,species,cellular organisms;Bacteria;FCB group;Bacteroidota/Chlorobiota group;Bacteroidota;Bacteroidia;Bacteroidales;Prevotellaceae;Hoylesella;Hoylesella enoeca,131567;2;1783270;68336;976;200643;171549;171552;2974257;76123,no rank;superkingdom;clade;clade;phylum;class;order;family;genus;species
1421888.0,17,2861101,Staphylococcus aureus T32092,strain,cellular organisms;Bacteria;Terrabacteria group;Bacillota;Bacilli;Bacillales;Staphylococcaceae;Staphylococcus;Staphylococcus aureus;Staphylococcus aureus T32092,131567;2;1783272;1239;91061;1385;90964;1279;1280;1421888,no rank;superkingdom;clade;phylum;class;order;family;genus;species;strain
1398067.0,38,2856582,Staphylococcus aureus M1457,strain,cellular organisms;Bacteria;Terrabacteria group;Bacillota;Bacilli;Bacillales;Staphylococcaceae;Staphylococcus;Staphylococcus aureus;Staphylococcus aureus M1457,131567;2;1783272;1239;91061;1385;90964;1279;1280;1398067,no rank;superkingdom;clade;phylum;class;order;family;genus;species;strain
1296.0,2,2853815,Mammaliicoccus sciuri,species,cellular organisms;Bacteria;Terrabacteria group;Bacillota;Bacilli;Bacillales;Staphylococcaceae;Mammaliicoccus;Mammaliicoccus sciuri,131567;2;1783272;1239;91061;1385;90964;2803850;1296,no rank;superkingdom;clade;phylum;class;order;family;genus;species
1127699.0,71,2853490,Hoylesella saccharolytica F0055,strain,cellular organisms;Bacteria;FCB group;Bacteroidota/Chlorobiota group;Bacteroidota;Bacteroidia;Bacteroidales;Prevotellaceae;Hoylesella;Hoylesella saccharolytica;Hoylesella saccharolytica F0055,131567;2;1783270;68336;976;200643;171549;171552;2974257;633701;1127699,no rank;superkingdom;clade;clade;phylum;class;order;family;genus;species;strain
1412673.0,13,2848913,Staphylococcus aureus M53356,strain,cellular organisms;Bacteria;Terrabacteria group;Bacillota;Bacilli;Bacillales;Staphylococcaceae;Staphylococcus;Staphylococcus aureus;Staphylococcus aureus M53356,131567;2;1783272;1239;91061;1385;90964;1279;1280;1412673,no rank;superkingdom;clade;phylum;class;order;family;genus;species;strain
1122993.0,28,2845746,Prevotella veroralis DSM 19559 = JCM 6290,strain,cellular organisms;Bacteria;FCB group;Bacteroidota/Chlorobiota group;Bacteroidota;Bacteroidia;Bacteroidales;Prevotellaceae;Prevotella;Prevotella veroralis;Prevotella veroralis DSM 19559 = JCM 6290,131567;2;1783270;68336;976;200643;171549;171552;838;28137;1122993,no rank;superkingdom;clade;clade;phylum;class;order;family;genus;species;strain
873533.0,4,2839537,Hoylesella oralis ATCC 33269,strain,cellular organisms;Bacteria;FCB group;Bacteroidota/Chlorobiota group;Bacteroidota;Bacteroidia;Bacteroidales;Prevotellaceae;Hoylesella;Hoylesella oralis;Hoylesella oralis ATCC 33269,131567;2;1783270;68336;976;200643;171549;171552;2974257;28134;873533,no rank;superkingdom;clade;clade;phylum;class;order;family;genus;species;strain
1930558.0,1,2837475,Micrococcus sp. FDAARGOS_333,species,cellular organisms;Bacteria;Terrabacteria group;Actinomycetota;Actinomycetes;Micrococcales;Micrococcaceae;Micrococcus;unclassified Micrococcus;Micrococcus sp. FDAARGOS_333,131567;2;1783272;201174;1760;85006;1268;1269;2620948;1930558,no rank;superkingdom;clade;phylum;class;order;family;genus;no rank;species
90244.0,2,2832856,Oligella ureolytica,species,cellular organisms;Bacteria;Pseudomonadota;Betaproteobacteria;Burkholderiales;Alcaligenaceae;Oligella;Oligella ureolytica,131567;2;1224;28216;80840;506;90243;90244,no rank;superkingdom;phylum;class;order;family;genus;species
850.0,4,2822577,Fusobacterium mortiferum,species,cellular organisms;Bacteria;Fusobacteriota;Fusobacteriia;Fusobacteriales;Fusobacteriaceae;Fusobacterium;Fusobacterium mortiferum,131567;2;32066;203490;203491;203492;848;850,no rank;superkingdom;phylum;class;order;family;genus;species
1725.0,5,2821525,Corynebacterium xerosis,species,cellular organisms;Bacteria;Terrabacteria group;Actinomycetota;Actinomycetes;Mycobacteriales;Corynebacteriaceae;Corynebacterium;Corynebacterium xerosis,131567;2;1783272;201174;1760;85007;1653;1716;1725,no rank;superkingdom;clade;phylum;class;order;family;genus;species
702438.0,16,2805893,Segatella oulorum F0390,strain,cellular organisms;Bacteria;FCB group;Bacteroidota/Chlorobiota group;Bacteroidota;Bacteroidia;Bacteroidales;Prevotellaceae;Segatella;Segatella oulorum;Segatella oulorum F0390,131567;2;1783270;68336;976;200643;171549;171552;2974251;28136;702438,no rank;superkingdom;clade;clade;phylum;class;order;family;genus;species;strain
1122983.0,92,2800241,Prevotella falsenii DSM 22864 = JCM 15124,strain,cellular organisms;Bacteria;FCB group;Bacteroidota/Chlorobiota group;Bacteroidota;Bacteroidia;Bacteroidales;Prevotellaceae;Prevotella;Prevotella falsenii;Prevotella falsenii DSM 22864 = JCM 15124,131567;2;1783270;68336;976;200643;171549;171552;838;515414;1122983,no rank;superkingdom;clade;clade;phylum;class;order;family;genus;species;strain
1122981.0,84,2800206,Prevotella corporis DSM 18810 = JCM 8529,strain,cellular organisms;Bacteria;FCB group;Bacteroidota/Chlorobiota group;Bacteroidota;Bacteroidia;Bacteroidales;Prevotellaceae;Prevotella;Prevotella corporis;Prevotella corporis DSM 18810 = JCM 8529,131567;2;1783270;68336;976;200643;171549;171552;838;28128;1122981,no rank;superkingdom;clade;clade;phylum;class;order;family;genus;species;strain
2778078.0,2,2774993,Corynebacterium sp. FDAARGOS 1242,species,cellular organisms;Bacteria;Terrabacteria group;Actinomycetota;Actinomycetes;Mycobacteriales;Corynebacteriaceae;Corynebacterium;unclassified Corynebacterium;Corynebacterium sp. FDAARGOS 1242,131567;2;1783272;201174;1760;85007;1653;1716;2624378;2778078,no rank;superkingdom;clade;phylum;class;order;family;genus;no rank;species
28131.0,2,2764740,Prevotella intermedia,species,cellular organisms;Bacteria;FCB group;Bacteroidota/Chlorobiota group;Bacteroidota;Bacteroidia;Bacteroidales;Prevotellaceae;Prevotella;Prevotella intermedia,131567;2;1783270;68336;976;200643;171549;171552;838;28131,no rank;superkingdom;clade;clade;phylum;class;order;family;genus;species
151276.0,196,2763468,Bacteroides coprosuis,species,cellular organisms;Bacteria;FCB group;Bacteroidota/Chlorobiota group;Bacteroidota;Bacteroidia;Bacteroidales;Bacteroidaceae;Bacteroides;Bacteroides coprosuis,131567;2;1783270;68336;976;200643;171549;815;816;151276,no rank;superkingdom;clade;clade;phylum;class;order;family;genus;species
329641.0,2519,2727913,Human bocavirus,species,Viruses;Monodnaviria;Shotokuvirae;Cossaviricota;Quintoviricetes;Piccovirales;Parvoviridae;Parvovirinae;Bocaparvovirus;unclassified Bocaparvovirus;Human bocavirus,10239;2731342;2732092;2732415;2732422;2732534;10780;40119;1507401;1507402;329641,superkingdom;clade;kingdom;phylum;class;order;family;subfamily;genus;no rank;species
1081904.0,51,2709958,Hoylesella pleuritidis F0068,strain,cellular organisms;Bacteria;FCB group;Bacteroidota/Chlorobiota group;Bacteroidota;Bacteroidia;Bacteroidales;Prevotellaceae;Hoylesella;Hoylesella pleuritidis;Hoylesella pleuritidis F0068,131567;2;1783270;68336;976;200643;171549;171552;2974257;407975;1081904,no rank;superkingdom;clade;clade;phylum;class;order;family;genus;species;strain
72000.0,1,2697877,Kocuria rhizophila,species,cellular organisms;Bacteria;Terrabacteria group;Actinomycetota;Actinomycetes;Micrococcales;Micrococcaceae;Kocuria;Kocuria rhizophila,131567;2;1783272;201174;1760;85006;1268;57493;72000,no rank;superkingdom;clade;phylum;class;order;family;genus;species
2490854.0,2,2691540,Prevotella koreensis,species,cellular organisms;Bacteria;FCB group;Bacteroidota/Chlorobiota group;Bacteroidota;Bacteroidia;Bacteroidales;Prevotellaceae;Prevotella;Prevotella koreensis,131567;2;1783270;68336;976;200643;171549;171552;838;2490854,no rank;superkingdom;clade;clade;phylum;class;order;family;genus;species
859.0,1,2678402,Fusobacterium necrophorum,species,cellular organisms;Bacteria;Fusobacteriota;Fusobacteriia;Fusobacteriales;Fusobacteriaceae;Fusobacterium;Fusobacterium necrophorum,131567;2;32066;203490;203491;203492;848;859,no rank;superkingdom;phylum;class;order;family;genus;species
1122978.0,44,2668851,Segatella albensis DSM 11370 = JCM 12258,strain,cellular organisms;Bacteria;FCB group;Bacteroidota/Chlorobiota group;Bacteroidota;Bacteroidia;Bacteroidales;Prevotellaceae;Segatella;Segatella albensis;Segatella albensis DSM 11370 = JCM 12258,131567;2;1783270;68336;976;200643;171549;171552;2974251;77768;1122978,no rank;superkingdom;clade;clade;phylum;class;order;family;genus;species;strain
2052.0,5,2662734,Mobiluncus mulieris,species,cellular organisms;Bacteria;Terrabacteria group;Actinomycetota;Actinomycetes;Actinomycetales;Actinomycetaceae;Mobiluncus;Mobiluncus mulieris,131567;2;1783272;201174;1760;2037;2049;2050;2052,no rank;superkingdom;clade;phylum;class;order;family;genus;species
2545799.0,1,2652717,Capnocytophaga sp. FDAARGOS_737,species,cellular organisms;Bacteria;FCB group;Bacteroidota/Chlorobiota group;Bacteroidota;Flavobacteriia;Flavobacteriales;Flavobacteriaceae;Capnocytophaga;unclassified Capnocytophaga;Capnocytophaga sp. FDAARGOS_737,131567;2;1783270;68336;976;117743;200644;49546;1016;2640652;2545799,no rank;superkingdom;clade;clade;phylum;class;order;family;genus;no rank;species
36808.0,2,2652195,Corynebacterium bovis,species,cellular organisms;Bacteria;Terrabacteria group;Actinomycetota;Actinomycetes;Mycobacteriales;Corynebacteriaceae;Corynebacterium;Corynebacterium bovis,131567;2;1783272;201174;1760;85007;1653;1716;36808,no rank;superkingdom;clade;phylum;class;order;family;genus;species
1121099.0,72,2634691,Bacteroides propionicifaciens DSM 19291 = JCM 14649,strain,cellular organisms;Bacteria;FCB group;Bacteroidota/Chlorobiota group;Bacteroidota;Bacteroidia;Bacteroidales;Bacteroidaceae;Bacteroides;Bacteroides propionicifaciens;Bacteroides propionicifaciens DSM 19291 = JCM 14649,131567;2;1783270;68336;976;200643;171549;815;816;392838;1121099,no rank;superkingdom;clade;clade;phylum;class;order;family;genus;species;strain
425941.0,11,2627131,Hoylesella nanceiensis,species,cellular organisms;Bacteria;FCB group;Bacteroidota/Chlorobiota group;Bacteroidota;Bacteroidia;Bacteroidales;Prevotellaceae;Hoylesella;Hoylesella nanceiensis,131567;2;1783270;68336;976;200643;171549;171552;2974257;425941,no rank;superkingdom;clade;clade;phylum;class;order;family;genus;species
1018.0,1,2615469,Capnocytophaga ochracea,species,cellular organisms;Bacteria;FCB group;Bacteroidota/Chlorobiota group;Bacteroidota;Flavobacteriia;Flavobacteriales;Flavobacteriaceae;Capnocytophaga;Capnocytophaga ochracea,131567;2;1783270;68336;976;117743;200644;49546;1016;1018,no rank;superkingdom;clade;clade;phylum;class;order;family;genus;species
546275.0,53,2615003,Fusobacterium periodonticum ATCC 33693,strain,cellular organisms;Bacteria;Fusobacteriota;Fusobacteriia;Fusobacteriales;Fusobacteriaceae;Fusobacterium;Fusobacterium periodonticum;Fusobacterium periodonticum ATCC 33693,131567;2;32066;203490;203491;203492;848;860;546275,no rank;superkingdom;phylum;class;order;family;genus;species;strain
2201033.0,6,2598175,Staphylococcus sp. FDAARGOS_39,species,cellular organisms;Bacteria;Terrabacteria group;Bacillota;Bacilli;Bacillales;Staphylococcaceae;Staphylococcus;unclassified Staphylococcus;Staphylococcus sp. FDAARGOS_39,131567;2;1783272;1239;91061;1385;90964;1279;91994;2201033,no rank;superkingdom;clade;phylum;class;order;family;genus;no rank;species
2508867.0,114,2585079,Prevotella brunnea,species,cellular organisms;Bacteria;FCB group;Bacteroidota/Chlorobiota group;Bacteroidota;Bacteroidia;Bacteroidales;Prevotellaceae;Prevotella;Prevotella brunnea,131567;2;1783270;68336;976;200643;171549;171552;838;2508867,no rank;superkingdom;clade;clade;phylum;class;order;family;genus;species
172042.0,1,2583917,Rothia aeria,species,cellular organisms;Bacteria;Terrabacteria group;Actinomycetota;Actinomycetes;Micrococcales;Micrococcaceae;Rothia;Rothia aeria,131567;2;1783272;201174;1760;85006;1268;32207;172042,no rank;superkingdom;clade;phylum;class;order;family;genus;species
862515.0,11,2559358,Hoylesella marshii DSM 16973 = JCM 13450,strain,cellular organisms;Bacteria;FCB group;Bacteroidota/Chlorobiota group;Bacteroidota;Bacteroidia;Bacteroidales;Prevotellaceae;Hoylesella;Hoylesella marshii;Hoylesella marshii DSM 16973 = JCM 13450,131567;2;1783270;68336;976;200643;171549;171552;2974257;189722;862515,no rank;superkingdom;clade;clade;phylum;class;order;family;genus;species;strain
1236509.0,41,2546609,Prevotella dentasini JCM 15908,strain,cellular organisms;Bacteria;FCB group;Bacteroidota/Chlorobiota group;Bacteroidota;Bacteroidia;Bacteroidales;Prevotellaceae;Prevotella;Prevotella dentasini;Prevotella dentasini JCM 15908,131567;2;1783270;68336;976;200643;171549;171552;838;589537;1236509,no rank;superkingdom;clade;clade;phylum;class;order;family;genus;species;strain
2047.0,1,2533415,Rothia dentocariosa,species,cellular organisms;Bacteria;Terrabacteria group;Actinomycetota;Actinomycetes;Micrococcales;Micrococcaceae;Rothia;Rothia dentocariosa,131567;2;1783272;201174;1760;85006;1268;32207;2047,no rank;superkingdom;clade;phylum;class;order;family;genus;species
150056.0,1,2527550,Mammaliicoccus fleurettii,species,cellular organisms;Bacteria;Terrabacteria group;Bacillota;Bacilli;Bacillales;Staphylococcaceae;Mammaliicoccus;Mammaliicoccus fleurettii,131567;2;1783272;1239;91061;1385;90964;2803850;150056,no rank;superkingdom;clade;phylum;class;order;family;genus;species
1979527.0,2,2523206,Corynebacterium kefirresidentii,species,cellular organisms;Bacteria;Terrabacteria group;Actinomycetota;Actinomycetes;Mycobacteriales;Corynebacteriaceae;Corynebacterium;Corynebacterium kefirresidentii,131567;2;1783272;201174;1760;85007;1653;1716;1979527,no rank;superkingdom;clade;phylum;class;order;family;genus;species
868129.0,3,2521238,Prevotella bivia DSM 20514,strain,cellular organisms;Bacteria;FCB group;Bacteroidota/Chlorobiota group;Bacteroidota;Bacteroidia;Bacteroidales;Prevotellaceae;Prevotella;Prevotella bivia;Prevotella bivia DSM 20514,131567;2;1783270;68336;976;200643;171549;171552;838;28125;868129,no rank;superkingdom;clade;clade;phylum;class;order;family;genus;species;strain
156976.0,1,2519232,Corynebacterium riegelii,species,cellular organisms;Bacteria;Terrabacteria group;Actinomycetota;Actinomycetes;Mycobacteriales;Corynebacteriaceae;Corynebacterium;Corynebacterium riegelii,131567;2;1783272;201174;1760;85007;1653;1716;156976,no rank;superkingdom;clade;phylum;class;order;family;genus;species
90245.0,1,2511315,Oligella urethralis,species,cellular organisms;Bacteria;Pseudomonadota;Betaproteobacteria;Burkholderiales;Alcaligenaceae;Oligella;Oligella urethralis,131567;2;1224;28216;80840;506;90243;90245,no rank;superkingdom;phylum;class;order;family;genus;species
53374.0,1,2510261,Corynebacterium coyleae,species,cellular organisms;Bacteria;Terrabacteria group;Actinomycetota;Actinomycetes;Mycobacteriales;Corynebacteriaceae;Corynebacterium;Corynebacterium coyleae,131567;2;1783272;201174;1760;85007;1653;1716;53374,no rank;superkingdom;clade;phylum;class;order;family;genus;species
38290.0,1,2493537,Corynebacterium macginleyi,species,cellular organisms;Bacteria;Terrabacteria group;Actinomycetota;Actinomycetes;Mycobacteriales;Corynebacteriaceae;Corynebacterium;Corynebacterium macginleyi,131567;2;1783272;201174;1760;85007;1653;1716;38290,no rank;superkingdom;clade;phylum;class;order;family;genus;species
1717.0,1,2489049,Corynebacterium diphtheriae,species,cellular organisms;Bacteria;Terrabacteria group;Actinomycetota;Actinomycetes;Mycobacteriales;Corynebacteriaceae;Corynebacterium;Corynebacterium diphtheriae,131567;2;1783272;201174;1760;85007;1653;1716;1717,no rank;superkingdom;clade;phylum;class;order;family;genus;species
883158.0,12,2487950,Prevotella micans F0438,strain,cellular organisms;Bacteria;FCB group;Bacteroidota/Chlorobiota group;Bacteroidota;Bacteroidia;Bacteroidales;Prevotellaceae;Prevotella;Prevotella micans;Prevotella micans F0438,131567;2;1783270;68336;976;200643;171549;171552;838;189723;883158,no rank;superkingdom;clade;clade;phylum;class;order;family;genus;species;strain
46127.0,1,2479522,Staphylococcus felis,species,cellular organisms;Bacteria;Terrabacteria group;Bacillota;Bacilli;Bacillales;Staphylococcaceae;Staphylococcus;Staphylococcus felis,131567;2;1783272;1239;91061;1385;90964;1279;46127,no rank;superkingdom;clade;phylum;class;order;family;genus;species
76857.0,2,2455060,Fusobacterium polymorphum,species,cellular organisms;Bacteria;Fusobacteriota;Fusobacteriia;Fusobacteriales;Fusobacteriaceae;Fusobacterium;Fusobacterium polymorphum,131567;2;32066;203490;203491;203492;848;76857,no rank;superkingdom;phylum;class;order;family;genus;species
65058.0,1,2453751,Corynebacterium ulcerans,species,cellular organisms;Bacteria;Terrabacteria group;Actinomycetota;Actinomycetes;Mycobacteriales;Corynebacteriaceae;Corynebacterium;Corynebacterium ulcerans,131567;2;1783272;201174;1760;85007;1653;1716;65058,no rank;superkingdom;clade;phylum;class;order;family;genus;species
1839799.0,3,2435494,Streptococcus sp. FDAARGOS_192,species,cellular organisms;Bacteria;Terrabacteria group;Bacillota;Bacilli;Lactobacillales;Streptococcaceae;Streptococcus;unclassified Streptococcus;Streptococcus sp. FDAARGOS_192,131567;2;1783272;1239;91061;186826;1300;1301;2608887;1839799,no rank;superkingdom;clade;phylum;class;order;family;genus;no rank;species
1660.0,1,2432635,Schaalia odontolytica,species,cellular organisms;Bacteria;Terrabacteria group;Actinomycetota;Actinomycetes;Actinomycetales;Actinomycetaceae;Schaalia;Schaalia odontolytica,131567;2;1783272;201174;1760;2037;2049;2529408;1660,no rank;superkingdom;clade;phylum;class;order;family;genus;species
1307443.0,2,2430523,Fusobacterium hwasookii ChDC F206,strain,cellular organisms;Bacteria;Fusobacteriota;Fusobacteriia;Fusobacteriales;Fusobacteriaceae;Fusobacterium;Fusobacterium hwasookii;Fusobacterium hwasookii ChDC F206,131567;2;32066;203490;203491;203492;848;1583098;1307443,no rank;superkingdom;phylum;class;order;family;genus;species;strain
43675.0,2,2408770,Rothia mucilaginosa,species,cellular organisms;Bacteria;Terrabacteria group;Actinomycetota;Actinomycetes;Micrococcales;Micrococcaceae;Rothia;Rothia mucilaginosa,131567;2;1783272;201174;1760;85006;1268;32207;43675,no rank;superkingdom;clade;phylum;class;order;family;genus;species
732.0,5,2406785,Aggregatibacter aphrophilus,species,cellular organisms;Bacteria;Pseudomonadota;Gammaproteobacteria;Pasteurellales;Pasteurellaceae;Aggregatibacter;Aggregatibacter aphrophilus,131567;2;1224;1236;135625;712;416916;732,no rank;superkingdom;phylum;class;order;family;genus;species
837.0,5,2396576,Porphyromonas gingivalis,species,cellular organisms;Bacteria;FCB group;Bacteroidota/Chlorobiota group;Bacteroidota;Bacteroidia;Bacteroidales;Porphyromonadaceae;Porphyromonas;Porphyromonas gingivalis,131567;2;1783270;68336;976;200643;171549;171551;836;837,no rank;superkingdom;clade;clade;phylum;class;order;family;genus;species
47770.0,2,2386960,Lactobacillus crispatus,species,cellular organisms;Bacteria;Terrabacteria group;Bacillota;Bacilli;Lactobacillales;Lactobacillaceae;Lactobacillus;Lactobacillus crispatus,131567;2;1783272;1239;91061;186826;33958;1578;47770,no rank;superkingdom;clade;phylum;class;order;family;genus;species
419005.0,112,2378563,Prevotella amnii,species,cellular organisms;Bacteria;FCB group;Bacteroidota/Chlorobiota group;Bacteroidota;Bacteroidia;Bacteroidales;Prevotellaceae;Prevotella;Prevotella amnii,131567;2;1783270;68336;976;200643;171549;171552;838;419005,no rank;superkingdom;clade;clade;phylum;class;order;family;genus;species
1305.0,1,2358846,Streptococcus sanguinis,species,cellular organisms;Bacteria;Terrabacteria group;Bacillota;Bacilli;Lactobacillales;Streptococcaceae;Streptococcus;Streptococcus sanguinis,131567;2;1783272;1239;91061;186826;1300;1301;1305,no rank;superkingdom;clade;phylum;class;order;family;genus;species
33028.0,1,2346516,Staphylococcus saccharolyticus,species,cellular organisms;Bacteria;Terrabacteria group;Bacillota;Bacilli;Bacillales;Staphylococcaceae;Staphylococcus;Staphylococcus saccharolyticus,131567;2;1783272;1239;91061;1385;90964;1279;33028,no rank;superkingdom;clade;phylum;class;order;family;genus;species
2993430.0,1,2327012,Streptococcus parapneumoniae,species,cellular organisms;Bacteria;Terrabacteria group;Bacillota;Bacilli;Lactobacillales;Streptococcaceae;Streptococcus;Streptococcus parapneumoniae,131567;2;1783272;1239;91061;186826;1300;1301;2993430,no rank;superkingdom;clade;phylum;class;order;family;genus;species
1258.0,3,2320207,Peptoniphilus asaccharolyticus,species,cellular organisms;Bacteria;Terrabacteria group;Bacillota;Tissierellia;Tissierellales;Peptoniphilaceae;Peptoniphilus;Peptoniphilus asaccharolyticus,131567;2;1783272;1239;1737404;1737405;1570339;162289;1258,no rank;superkingdom;clade;phylum;class;order;family;genus;species
1335.0,2,2311542,Streptococcus equinus,species,cellular organisms;Bacteria;Terrabacteria group;Bacillota;Bacilli;Lactobacillales;Streptococcaceae;Streptococcus;Streptococcus equinus,131567;2;1783272;1239;91061;186826;1300;1301;1335,no rank;superkingdom;clade;phylum;class;order;family;genus;species
1630135.0,1,2289305,Dermabacter vaginalis,species,cellular organisms;Bacteria;Terrabacteria group;Actinomycetota;Actinomycetes;Micrococcales;Dermabacteraceae;Dermabacter;Dermabacter vaginalis,131567;2;1783272;201174;1760;85006;85020;36739;1630135,no rank;superkingdom;clade;phylum;class;order;family;genus;species
1685.0,1,2275646,Bifidobacterium breve,species,cellular organisms;Bacteria;Terrabacteria group;Actinomycetota;Actinomycetes;Bifidobacteriales;Bifidobacteriaceae;Bifidobacterium;Bifidobacterium breve,131567;2;1783272;201174;1760;85004;31953;1678;1685,no rank;superkingdom;clade;phylum;class;order;family;genus;species
1261.0,5,2256756,Peptostreptococcus anaerobius,species,cellular organisms;Bacteria;Terrabacteria group;Bacillota;Clostridia;Peptostreptococcales;Peptostreptococcaceae;Peptostreptococcus;Peptostreptococcus anaerobius,131567;2;1783272;1239;186801;3082720;186804;1257;1261,no rank;superkingdom;clade;phylum;class;order;family;genus;species
411577.0,2,2249959,Anaerococcus murdochii,species,cellular organisms;Bacteria;Terrabacteria group;Bacillota;Tissierellia;Tissierellales;Peptoniphilaceae;Anaerococcus;Anaerococcus murdochii,131567;2;1783272;1239;1737404;1737405;1570339;165779;411577,no rank;superkingdom;clade;phylum;class;order;family;genus;species
502.0,1,2220058,Kingella denitrificans,species,cellular organisms;Bacteria;Pseudomonadota;Betaproteobacteria;Neisseriales;Neisseriaceae;Kingella;Kingella denitrificans,131567;2;1224;28216;206351;481;32257;502,no rank;superkingdom;phylum;class;order;family;genus;species
29379.0,1,2216575,Staphylococcus auricularis,species,cellular organisms;Bacteria;Terrabacteria group;Bacillota;Bacilli;Bacillales;Staphylococcaceae;Staphylococcus;Staphylococcus auricularis,131567;2;1783272;1239;91061;1385;90964;1279;29379,no rank;superkingdom;clade;phylum;class;order;family;genus;species
2663009.0,1,2216236,Fusobacterium pseudoperiodonticum,species,cellular organisms;Bacteria;Fusobacteriota;Fusobacteriia;Fusobacteriales;Fusobacteriaceae;Fusobacterium;Fusobacterium pseudoperiodonticum,131567;2;32066;203490;203491;203492;848;2663009,no rank;superkingdom;phylum;class;order;family;genus;species
539.0,1,2192571,Eikenella corrodens,species,cellular organisms;Bacteria;Pseudomonadota;Betaproteobacteria;Neisseriales;Neisseriaceae;Eikenella;Eikenella corrodens,131567;2;1224;28216;206351;481;538;539,no rank;superkingdom;phylum;class;order;family;genus;species
1319.0,1,2178261,Streptococcus sp. 'group B',species,cellular organisms;Bacteria;Terrabacteria group;Bacillota;Bacilli;Lactobacillales;Streptococcaceae;Streptococcus;unclassified Streptococcus;Streptococcus sp. 'group B',131567;2;1783272;1239;91061;186826;1300;1301;2608887;1319,no rank;superkingdom;clade;phylum;class;order;family;genus;no rank;species
2652282.0,11,2163094,Peptostreptococcus porci,species,cellular organisms;Bacteria;Terrabacteria group;Bacillota;Clostridia;Peptostreptococcales;Peptostreptococcaceae;Peptostreptococcus;Peptostreptococcus porci,131567;2;1783272;1239;186801;3082720;186804;1257;2652282,no rank;superkingdom;clade;phylum;class;order;family;genus;species
2420309.0,1,2157002,Streptococcus sp. FDAARGOS_521,species,cellular organisms;Bacteria;Terrabacteria group;Bacillota;Bacilli;Lactobacillales;Streptococcaceae;Streptococcus;unclassified Streptococcus;Streptococcus sp. FDAARGOS_521,131567;2;1783272;1239;91061;186826;1300;1301;2608887;2420309,no rank;superkingdom;clade;phylum;class;order;family;genus;no rank;species
729.0,1,2141704,Haemophilus parainfluenzae,species,cellular organisms;Bacteria;Pseudomonadota;Gammaproteobacteria;Pasteurellales;Pasteurellaceae;Haemophilus;Haemophilus parainfluenzae,131567;2;1224;1236;135625;712;724;729,no rank;superkingdom;phylum;class;order;family;genus;species
29466.0,1,2132299,Veillonella parvula,species,cellular organisms;Bacteria;Terrabacteria group;Bacillota;Negativicutes;Veillonellales;Veillonellaceae;Veillonella;Veillonella parvula,131567;2;1783272;1239;909932;1843489;31977;29465;29466,no rank;superkingdom;clade;phylum;class;order;family;genus;species
714.0,1,2105378,Aggregatibacter actinomycetemcomitans,species,cellular organisms;Bacteria;Pseudomonadota;Gammaproteobacteria;Pasteurellales;Pasteurellaceae;Aggregatibacter;Aggregatibacter actinomycetemcomitans,131567;2;1224;1236;135625;712;416916;714,no rank;superkingdom;phylum;class;order;family;genus;species
1408439.0,25,2103008,Fusobacterium perfoetens ATCC 29250,strain,cellular organisms;Bacteria;Fusobacteriota;Fusobacteriia;Fusobacteriales;Fusobacteriaceae;Fusobacterium;Fusobacterium perfoetens;Fusobacterium perfoetens ATCC 29250,131567;2;32066;203490;203491;203492;848;852;1408439,no rank;superkingdom;phylum;class;order;family;genus;species;strain
2420310.0,1,2101126,Streptococcus sp. FDAARGOS_522,species,cellular organisms;Bacteria;Terrabacteria group;Bacillota;Bacilli;Lactobacillales;Streptococcaceae;Streptococcus;unclassified Streptococcus;Streptococcus sp. FDAARGOS_522,131567;2;1783272;1239;91061;186826;1300;1301;2608887;2420310,no rank;superkingdom;clade;phylum;class;order;family;genus;no rank;species
2420308.0,1,2099619,Streptococcus sp. FDAARGOS_520,species,cellular organisms;Bacteria;Terrabacteria group;Bacillota;Bacilli;Lactobacillales;Streptococcaceae;Streptococcus;unclassified Streptococcus;Streptococcus sp. FDAARGOS_520,131567;2;1783272;1239;91061;186826;1300;1301;2608887;2420308,no rank;superkingdom;clade;phylum;class;order;family;genus;no rank;species
735.0,2,2093459,Haemophilus parahaemolyticus,species,cellular organisms;Bacteria;Pseudomonadota;Gammaproteobacteria;Pasteurellales;Pasteurellaceae;Haemophilus;Haemophilus parahaemolyticus,131567;2;1224;1236;135625;712;724;735,no rank;superkingdom;phylum;class;order;family;genus;species
1260.0,1,2090058,Finegoldia magna,species,cellular organisms;Bacteria;Terrabacteria group;Bacillota;Tissierellia;Tissierellales;Peptoniphilaceae;Finegoldia;Finegoldia magna,131567;2;1783272;1239;1737404;1737405;1570339;150022;1260,no rank;superkingdom;clade;phylum;class;order;family;genus;species
215200.0,12,2082949,Peptostreptococcus russellii,species,cellular organisms;Bacteria;Terrabacteria group;Bacillota;Clostridia;Peptostreptococcales;Peptostreptococcaceae;Peptostreptococcus;Peptostreptococcus russellii,131567;2;1783272;1239;186801;3082720;186804;1257;215200,no rank;superkingdom;clade;phylum;class;order;family;genus;species
143387.0,35,2082099,Fusobacterium necrophorum subsp. funduliforme,subspecies,cellular organisms;Bacteria;Fusobacteriota;Fusobacteriia;Fusobacteriales;Fusobacteriaceae;Fusobacterium;Fusobacterium necrophorum;Fusobacterium necrophorum subsp. funduliforme,131567;2;32066;203490;203491;203492;848;859;143387,no rank;superkingdom;phylum;class;order;family;genus;species;subspecies
1379.0,1,2081429,Gemella haemolysans,species,cellular organisms;Bacteria;Terrabacteria group;Bacillota;Bacilli;Bacillales;Gemellaceae;Gemella;Gemella haemolysans,131567;2;1783272;1239;91061;1385;539738;1378;1379,no rank;superkingdom;clade;phylum;class;order;family;genus;species
1245.0,2,2075758,Leuconostoc mesenteroides,species,cellular organisms;Bacteria;Terrabacteria group;Bacillota;Bacilli;Lactobacillales;Lactobacillaceae;Leuconostoc;Leuconostoc mesenteroides,131567;2;1783272;1239;91061;186826;33958;1243;1245,no rank;superkingdom;clade;phylum;class;order;family;genus;species
739.0,1,2062506,Aggregatibacter segnis,species,cellular organisms;Bacteria;Pseudomonadota;Gammaproteobacteria;Pasteurellales;Pasteurellaceae;Aggregatibacter;Aggregatibacter segnis,131567;2;1224;1236;135625;712;416916;739,no rank;superkingdom;phylum;class;order;family;genus;species
2819619.0,1,2055023,Streptococcus toyakuensis,species,cellular organisms;Bacteria;Terrabacteria group;Bacillota;Bacilli;Lactobacillales;Streptococcaceae;Streptococcus;Streptococcus toyakuensis,131567;2;1783272;1239;91061;186826;1300;1301;2819619,no rank;superkingdom;clade;phylum;class;order;family;genus;species
1159213.0,24,2051154,Peptostreptococcus canis,species,cellular organisms;Bacteria;Terrabacteria group;Bacillota;Clostridia;Peptostreptococcales;Peptostreptococcaceae;Peptostreptococcus;Peptostreptococcus canis,131567;2;1783272;1239;186801;3082720;186804;1257;1159213,no rank;superkingdom;clade;phylum;class;order;family;genus;species
46125.0,1,2046826,Abiotrophia defectiva,species,cellular organisms;Bacteria;Terrabacteria group;Bacillota;Bacilli;Lactobacillales;Aerococcaceae;Abiotrophia;Abiotrophia defectiva,131567;2;1783272;1239;91061;186826;186827;46123;46125,no rank;superkingdom;clade;phylum;class;order;family;genus;species
52773.0,1,2033037,Schaalia meyeri,species,cellular organisms;Bacteria;Terrabacteria group;Actinomycetota;Actinomycetes;Actinomycetales;Actinomycetaceae;Schaalia;Schaalia meyeri,131567;2;1783272;201174;1760;2037;2049;2529408;52773,no rank;superkingdom;clade;phylum;class;order;family;genus;species
227377.0,2,2032807,Coxiella burnetii RSA 493,strain,cellular organisms;Bacteria;Pseudomonadota;Gammaproteobacteria;Legionellales;Coxiellaceae;Coxiella;Coxiella burnetii;Coxiella burnetii RSA 493,131567;2;1224;1236;118969;118968;776;777;227377,no rank;superkingdom;phylum;class;order;family;genus;species;strain
31704.0,275,2027750,Coxsackievirus A16,serotype,Viruses;Riboviria;Orthornavirae;Pisuviricota;Pisoniviricetes;Picornavirales;Picornaviridae;Ensavirinae;Enterovirus;Enterovirus A;Coxsackievirus A16,10239;2559587;2732396;2732408;2732506;464095;12058;2946630;12059;138948;31704,superkingdom;clade;kingdom;phylum;class;order;family;subfamily;genus;species;serotype
858.0,5,2015236,Fusobacterium necrogenes,species,cellular organisms;Bacteria;Fusobacteriota;Fusobacteriia;Fusobacteriales;Fusobacteriaceae;Fusobacterium;Fusobacterium necrogenes,131567;2;32066;203490;203491;203492;848;858,no rank;superkingdom;phylum;class;order;family;genus;species
283166.0,2,2014752,Bartonella henselae str. Houston-1,strain,cellular organisms;Bacteria;Pseudomonadota;Alphaproteobacteria;Hyphomicrobiales;Bartonellaceae;Bartonella;Bartonella henselae;Bartonella henselae str. Houston-1,131567;2;1224;28211;356;772;773;38323;283166,no rank;superkingdom;phylum;class;order;family;genus;species;strain
1377.0,1,2003760,Aerococcus viridans,species,cellular organisms;Bacteria;Terrabacteria group;Bacillota;Bacilli;Lactobacillales;Aerococcaceae;Aerococcus;Aerococcus viridans,131567;2;1783272;1239;91061;186826;186827;1375;1377,no rank;superkingdom;clade;phylum;class;order;family;genus;species
78535.0,1,1998575,Streptococcus viridans,species,cellular organisms;Bacteria;Terrabacteria group;Bacillota;Bacilli;Lactobacillales;Streptococcaceae;Streptococcus;Streptococcus viridans,131567;2;1783272;1239;91061;186826;1300;1301;78535,no rank;superkingdom;clade;phylum;class;order;family;genus;species
1975706.0,2,1995178,Streptococcus sp. FDAARGOS_256,species,cellular organisms;Bacteria;Terrabacteria group;Bacillota;Bacilli;Lactobacillales;Streptococcaceae;Streptococcus;unclassified Streptococcus;Streptococcus sp. FDAARGOS_256,131567;2;1783272;1239;91061;186826;1300;1301;2608887;1975706,no rank;superkingdom;clade;phylum;class;order;family;genus;no rank;species
197575.0,1,1993271,Haemophilus aegyptius,species,cellular organisms;Bacteria;Pseudomonadota;Gammaproteobacteria;Pasteurellales;Pasteurellaceae;Haemophilus;Haemophilus aegyptius,131567;2;1224;1236;135625;712;724;197575,no rank;superkingdom;phylum;class;order;family;genus;species
28264.0,1,1988850,Arcanobacterium haemolyticum,species,cellular organisms;Bacteria;Terrabacteria group;Actinomycetota;Actinomycetes;Actinomycetales;Actinomycetaceae;Arcanobacterium;Arcanobacterium haemolyticum,131567;2;1783272;201174;1760;2037;2049;28263;28264,no rank;superkingdom;clade;phylum;class;order;family;genus;species
596315.0,74,1988044,Peptostreptococcus stomatis DSM 17678,strain,cellular organisms;Bacteria;Terrabacteria group;Bacillota;Clostridia;Peptostreptococcales;Peptostreptococcaceae;Peptostreptococcus;Peptostreptococcus stomatis;Peptostreptococcus stomatis DSM 17678,131567;2;1783272;1239;186801;3082720;186804;1257;341694;596315,no rank;superkingdom;clade;phylum;class;order;family;genus;species;strain
1376.0,1,1974256,Aerococcus urinae,species,cellular organisms;Bacteria;Terrabacteria group;Bacillota;Bacilli;Lactobacillales;Aerococcaceae;Aerococcus;Aerococcus urinae,131567;2;1783272;1239;91061;186826;186827;1375;1376,no rank;superkingdom;clade;phylum;class;order;family;genus;species
2741.0,29,1968473,Peptococcus niger,species,cellular organisms;Bacteria;Terrabacteria group;Bacillota;Clostridia;Eubacteriales;Peptococcaceae;Peptococcus;Peptococcus niger,131567;2;1783272;1239;186801;186802;186807;2740;2741,no rank;superkingdom;clade;phylum;class;order;family;genus;species
46124.0,1,1965420,Granulicatella adiacens,species,cellular organisms;Bacteria;Terrabacteria group;Bacillota;Bacilli;Lactobacillales;Carnobacteriaceae;Granulicatella;Granulicatella adiacens,131567;2;1783272;1239;91061;186826;186828;117563;46124,no rank;superkingdom;clade;phylum;class;order;family;genus;species
725.0,138,1961979,Haemophilus influenzae biotype aegyptius,biotype,cellular organisms;Bacteria;Pseudomonadota;Gammaproteobacteria;Pasteurellales;Pasteurellaceae;Haemophilus;Haemophilus influenzae;Haemophilus influenzae biotype aegyptius,131567;2;1224;1236;135625;712;724;727;725,no rank;superkingdom;phylum;class;order;family;genus;species;biotype
102684.0,1,1958742,Streptococcus infantarius,species,cellular organisms;Bacteria;Terrabacteria group;Bacillota;Bacilli;Lactobacillales;Streptococcaceae;Streptococcus;Streptococcus infantarius,131567;2;1783272;1239;91061;186826;1300;1301;102684,no rank;superkingdom;clade;phylum;class;order;family;genus;species
1249.0,1,1947910,Weissella paramesenteroides,species,cellular organisms;Bacteria;Terrabacteria group;Bacillota;Bacilli;Lactobacillales;Lactobacillaceae;Weissella;Weissella paramesenteroides,131567;2;1783272;1239;91061;186826;33958;46255;1249,no rank;superkingdom;clade;phylum;class;order;family;genus;species
38323.0,1,1946727,Bartonella henselae,species,cellular organisms;Bacteria;Pseudomonadota;Alphaproteobacteria;Hyphomicrobiales;Bartonellaceae;Bartonella;Bartonella henselae,131567;2;1224;28211;356;772;773;38323,no rank;superkingdom;phylum;class;order;family;genus;species
1278306.0,41,1941804,Fusobacterium russii ATCC 25533,strain,cellular organisms;Bacteria;Fusobacteriota;Fusobacteriia;Fusobacteriales;Fusobacteriaceae;Fusobacterium;Fusobacterium russii;Fusobacterium russii ATCC 25533,131567;2;32066;203490;203491;203492;848;854;1278306,no rank;superkingdom;phylum;class;order;family;genus;species;strain
42769.0,261,1933568,Coxsackievirus A10,serotype,Viruses;Riboviria;Orthornavirae;Pisuviricota;Pisoniviricetes;Picornavirales;Picornaviridae;Ensavirinae;Enterovirus;Enterovirus A;Coxsackievirus A10,10239;2559587;2732396;2732408;2732506;464095;12058;2946630;12059;138948;42769,superkingdom;clade;kingdom;phylum;class;order;family;subfamily;genus;species;serotype
1702171.0,1,1930245,Streptococcus sp. FDAARGOS_146,species,cellular organisms;Bacteria;Terrabacteria group;Bacillota;Bacilli;Lactobacillales;Streptococcaceae;Streptococcus;unclassified Streptococcus;Streptococcus sp. FDAARGOS_146,131567;2;1783272;1239;91061;186826;1300;1301;2608887;1702171,no rank;superkingdom;clade;phylum;class;order;family;genus;no rank;species
2766470.0,4,1898884,Leuconostoc falkenbergense,species,cellular organisms;Bacteria;Terrabacteria group;Bacillota;Bacilli;Lactobacillales;Lactobacillaceae;Leuconostoc;Leuconostoc falkenbergense,131567;2;1783272;1239;91061;186826;33958;1243;2766470,no rank;superkingdom;clade;phylum;class;order;family;genus;species
726.0,13,1897573,Haemophilus haemolyticus,species,cellular organisms;Bacteria;Pseudomonadota;Gammaproteobacteria;Pasteurellales;Pasteurellaceae;Haemophilus;Haemophilus haemolyticus,131567;2;1224;1236;135625;712;724;726,no rank;superkingdom;phylum;class;order;family;genus;species
1287640.0,2,1894618,Anaerococcus obesiensis,species,cellular organisms;Bacteria;Terrabacteria group;Bacillota;Tissierellia;Tissierellales;Peptoniphilaceae;Anaerococcus;Anaerococcus obesiensis,131567;2;1783272;1239;1737404;1737405;1570339;165779;1287640,no rank;superkingdom;clade;phylum;class;order;family;genus;species
33037.0,1,1893964,Anaerococcus vaginalis,species,cellular organisms;Bacteria;Terrabacteria group;Bacillota;Tissierellia;Tissierellales;Peptoniphilaceae;Anaerococcus;Anaerococcus vaginalis,131567;2;1783272;1239;1737404;1737405;1570339;165779;33037,no rank;superkingdom;clade;phylum;class;order;family;genus;species
1308.0,1,1861792,Streptococcus thermophilus,species,cellular organisms;Bacteria;Terrabacteria group;Bacillota;Bacilli;Lactobacillales;Streptococcaceae;Streptococcus;Streptococcus thermophilus,131567;2;1783272;1239;91061;186826;1300;1301;1308,no rank;superkingdom;clade;phylum;class;order;family;genus;species
32021.0,1,1845051,Campylobacter jejuni subsp. doylei,subspecies,cellular organisms;Bacteria;Campylobacterota;Epsilonproteobacteria;Campylobacterales;Campylobacteraceae;Campylobacter;Campylobacter jejuni;Campylobacter jejuni subsp. doylei,131567;2;29547;3031852;213849;72294;194;197;32021,no rank;superkingdom;phylum;class;order;family;genus;species;subspecies
483.0,1,1832901,Neisseria cinerea,species,cellular organisms;Bacteria;Pseudomonadota;Betaproteobacteria;Neisseriales;Neisseriaceae;Neisseria;Neisseria cinerea,131567;2;1224;28216;206351;481;482;483,no rank;superkingdom;phylum;class;order;family;genus;species
2777147.0,258,1817612,rhinovirus A1B,no rank,Viruses;Riboviria;Orthornavirae;Pisuviricota;Pisoniviricetes;Picornavirales;Picornaviridae;Ensavirinae;Enterovirus;Rhinovirus A;rhinovirus A1B,10239;2559587;2732396;2732408;2732506;464095;12058;2946630;12059;147711;2777147,superkingdom;clade;kingdom;phylum;class;order;family;subfamily;genus;species;no rank
1852365.0,6,1809170,Fusobacterium massiliense,species,cellular organisms;Bacteria;Fusobacteriota;Fusobacteriia;Fusobacteriales;Fusobacteriaceae;Fusobacterium;Fusobacterium massiliense,131567;2;32066;203490;203491;203492;848;1852365,no rank;superkingdom;phylum;class;order;family;genus;species
32022.0,2,1806444,Campylobacter jejuni subsp. jejuni,subspecies,cellular organisms;Bacteria;Campylobacterota;Epsilonproteobacteria;Campylobacterales;Campylobacteraceae;Campylobacter;Campylobacter jejuni;Campylobacter jejuni subsp. jejuni,131567;2;29547;3031852;213849;72294;194;197;32022,no rank;superkingdom;phylum;class;order;family;genus;species;subspecies
28124.0,145,1805238,Porphyromonas endodontalis,species,cellular organisms;Bacteria;FCB group;Bacteroidota/Chlorobiota group;Bacteroidota;Bacteroidia;Bacteroidales;Porphyromonadaceae;Porphyromonas;Porphyromonas endodontalis,131567;2;1783270;68336;976;200643;171549;171551;836;28124,no rank;superkingdom;clade;clade;phylum;class;order;family;genus;species
84135.0,1,1796606,Gemella sanguinis,species,cellular organisms;Bacteria;Terrabacteria group;Bacillota;Bacilli;Bacillales;Gemellaceae;Gemella;Gemella sanguinis,131567;2;1783272;1239;91061;1385;539738;1378;84135,no rank;superkingdom;clade;phylum;class;order;family;genus;species
29391.0,1,1779451,Gemella morbillorum,species,cellular organisms;Bacteria;Terrabacteria group;Bacillota;Bacilli;Bacillales;Gemellaceae;Gemella;Gemella morbillorum,131567;2;1783272;1239;91061;1385;539738;1378;29391,no rank;superkingdom;clade;phylum;class;order;family;genus;species
76517.0,3,1718079,Campylobacter hominis,species,cellular organisms;Bacteria;Campylobacterota;Epsilonproteobacteria;Campylobacterales;Campylobacteraceae;Campylobacter;Campylobacter hominis,131567;2;29547;3031852;213849;72294;194;76517,no rank;superkingdom;phylum;class;order;family;genus;species
33033.0,2,1715975,Parvimonas micra,species,cellular organisms;Bacteria;Terrabacteria group;Bacillota;Tissierellia;Tissierellales;Peptoniphilaceae;Parvimonas;Parvimonas micra,131567;2;1783272;1239;1737404;1737405;1570339;543311;33033,no rank;superkingdom;clade;phylum;class;order;family;genus;species
730.0,1,1701311,[Haemophilus] ducreyi,species,cellular organisms;Bacteria;Pseudomonadota;Gammaproteobacteria;Pasteurellales;Pasteurellaceae;Haemophilus;[Haemophilus] ducreyi,131567;2;1224;1236;135625;712;724;730,no rank;superkingdom;phylum;class;order;family;genus;species
34105.0,2,1685928,Streptobacillus moniliformis,species,cellular organisms;Bacteria;Fusobacteriota;Fusobacteriia;Fusobacteriales;Leptotrichiaceae;Streptobacillus;Streptobacillus moniliformis,131567;2;32066;203490;203491;1129771;34104;34105,no rank;superkingdom;phylum;class;order;family;genus;species
469615.0,1,1678881,Fusobacterium gonidiaformans ATCC 25563,strain,cellular organisms;Bacteria;Fusobacteriota;Fusobacteriia;Fusobacteriales;Fusobacteriaceae;Fusobacterium;Fusobacterium gonidiaformans;Fusobacterium gonidiaformans ATCC 25563,131567;2;32066;203490;203491;203492;848;849;469615,no rank;superkingdom;phylum;class;order;family;genus;species;strain
12086.0,226,1672166,Poliovirus 3,serotype,Viruses;Riboviria;Orthornavirae;Pisuviricota;Pisoniviricetes;Picornavirales;Picornaviridae;Ensavirinae;Enterovirus;Enterovirus C;Poliovirus 3,10239;2559587;2732396;2732408;2732506;464095;12058;2946630;12059;138950;12086,superkingdom;clade;kingdom;phylum;class;order;family;subfamily;genus;species;serotype
59300.0,335,1650439,Getah virus,species,Viruses;Riboviria;Orthornavirae;Kitrinoviricota;Alsuviricetes;Martellivirales;Togaviridae;Alphavirus;Getah virus,10239;2559587;2732396;2732406;2732461;2732544;11018;11019;59300,superkingdom;clade;kingdom;phylum;class;order;family;genus;species
28080.0,2,1650243,Campylobacter upsaliensis,species,cellular organisms;Bacteria;Campylobacterota;Epsilonproteobacteria;Campylobacterales;Campylobacteraceae;Campylobacter;Campylobacter upsaliensis,131567;2;29547;3031852;213849;72294;194;28080,no rank;superkingdom;phylum;class;order;family;genus;species
109790.0,1,1609019,Lactobacillus jensenii,species,cellular organisms;Bacteria;Terrabacteria group;Bacillota;Bacilli;Lactobacillales;Lactobacillaceae;Lactobacillus;Lactobacillus jensenii,131567;2;1783272;1239;91061;186826;33958;1578;109790,no rank;superkingdom;clade;phylum;class;order;family;genus;species
201.0,1,1513367,Campylobacter lari,species,cellular organisms;Bacteria;Campylobacterota;Epsilonproteobacteria;Campylobacterales;Campylobacteraceae;Campylobacter;Campylobacter lari,131567;2;29547;3031852;213849;72294;194;201,no rank;superkingdom;phylum;class;order;family;genus;species
82135.0,1,1447017,Fannyhessea vaginae,species,cellular organisms;Bacteria;Terrabacteria group;Actinomycetota;Coriobacteriia;Coriobacteriales;Atopobiaceae;Fannyhessea;Fannyhessea vaginae,131567;2;1783272;201174;84998;84999;1643824;2767327;82135,no rank;superkingdom;clade;phylum;class;order;family;genus;species
774.0,1,1443410,Bartonella bacilliformis,species,cellular organisms;Bacteria;Pseudomonadota;Alphaproteobacteria;Hyphomicrobiales;Bartonellaceae;Bartonella;Bartonella bacilliformis,131567;2;1224;28211;356;772;773;774,no rank;superkingdom;phylum;class;order;family;genus;species
139.0,12,1340423,Borreliella burgdorferi,species,cellular organisms;Bacteria;Spirochaetota;Spirochaetia;Spirochaetales;Borreliaceae;Borreliella;Borreliella burgdorferi,131567;2;203691;203692;136;1643685;64895;139,no rank;superkingdom;phylum;class;order;family;genus;species
12080.0,169,1250691,Poliovirus 1,serotype,Viruses;Riboviria;Orthornavirae;Pisuviricota;Pisoniviricetes;Picornavirales;Picornaviridae;Ensavirinae;Enterovirus;Enterovirus C;Poliovirus 1,10239;2559587;2732396;2732408;2732506;464095;12058;2946630;12059;138950;12080,superkingdom;clade;kingdom;phylum;class;order;family;subfamily;genus;species;serotype
182082.0,1,1225935,Chlamydia pneumoniae TW-183,strain,cellular organisms;Bacteria;PVC group;Chlamydiota;Chlamydiia;Chlamydiales;Chlamydiaceae;Chlamydia/Chlamydophila group;Chlamydia;Chlamydia pneumoniae;Chlamydia pneumoniae TW-183,131567;2;1783257;204428;204429;51291;809;1113537;810;83558;182082,no rank;superkingdom;clade;phylum;class;order;family;no rank;genus;species;strain
331636.0,2,1179220,Chlamydia psittaci 6BC,strain,cellular organisms;Bacteria;PVC group;Chlamydiota;Chlamydiia;Chlamydiales;Chlamydiaceae;Chlamydia/Chlamydophila group;Chlamydia;Chlamydia psittaci;Chlamydia psittaci 6BC,131567;2;1783257;204428;204429;51291;809;1113537;810;83554;331636,no rank;superkingdom;clade;phylum;class;order;family;no rank;genus;species;strain
160.0,1,1139633,Treponema pallidum,species,cellular organisms;Bacteria;Spirochaetota;Spirochaetia;Spirochaetales;Treponemataceae;Treponema;Treponema pallidum,131567;2;203691;203692;136;2845253;157;160,no rank;superkingdom;phylum;class;order;family;genus;species
272561.0,1,1042519,Chlamydia trachomatis D/UW-3/CX,strain,cellular organisms;Bacteria;PVC group;Chlamydiota;Chlamydiia;Chlamydiales;Chlamydiaceae;Chlamydia/Chlamydophila group;Chlamydia;Chlamydia trachomatis;Chlamydia trachomatis D/UW-3/CX,131567;2;1783257;204428;204429;51291;809;1113537;810;813;272561,no rank;superkingdom;clade;phylum;class;order;family;no rank;genus;species;strain
1219381.0,133,939815,rhinovirus A101,serotype,Viruses;Riboviria;Orthornavirae;Pisuviricota;Pisoniviricetes;Picornavirales;Picornaviridae;Ensavirinae;Enterovirus;Rhinovirus A;rhinovirus A101,10239;2559587;2732396;2732408;2732506;464095;12058;2946630;12059;147711;1219381,superkingdom;clade;kingdom;phylum;class;order;family;subfamily;genus;species;serotype
203267.0,1,927303,Tropheryma whipplei str. Twist,strain,cellular organisms;Bacteria;Terrabacteria group;Actinomycetota;Actinomycetes;Micrococcales;Tropherymataceae;Tropheryma;Tropheryma whipplei;Tropheryma whipplei str. Twist,131567;2;1783272;201174;1760;85006;2805591;2038;2039;203267,no rank;superkingdom;clade;phylum;class;order;family;genus;species;strain
218496.0,1,925938,Tropheryma whipplei TW08/27,strain,cellular organisms;Bacteria;Terrabacteria group;Actinomycetota;Actinomycetes;Micrococcales;Tropherymataceae;Tropheryma;Tropheryma whipplei;Tropheryma whipplei TW08/27,131567;2;1783272;201174;1760;85006;2805591;2038;2039;218496,no rank;superkingdom;clade;phylum;class;order;family;genus;species;strain
2104.0,2,823017,Mycoplasmoides pneumoniae,species,cellular organisms;Bacteria;Terrabacteria group;Mycoplasmatota;Mycoplasmoidales;Mycoplasmoidaceae;Mycoplasmoides;Mycoplasmoides pneumoniae,131567;2;1783272;544448;2790996;2790998;2995234;2104,no rank;superkingdom;clade;phylum;order;family;genus;species
2124.0,1,728347,Metamycoplasma salivarium,species,cellular organisms;Bacteria;Terrabacteria group;Mycoplasmatota;Mycoplasmoidales;Metamycoplasmataceae;Metamycoplasma;Metamycoplasma salivarium,131567;2;1783272;544448;2790996;2895623;2895509;2124,no rank;superkingdom;clade;phylum;order;family;genus;species
12078.0,96,710965,Echovirus E11,serotype,Viruses;Riboviria;Orthornavirae;Pisuviricota;Pisoniviricetes;Picornavirales;Picornaviridae;Ensavirinae;Enterovirus;Enterovirus B;Echovirus E11,10239;2559587;2732396;2732408;2732506;464095;12058;2946630;12059;138949;12078,superkingdom;clade;kingdom;phylum;class;order;family;subfamily;genus;species;serotype
12074.0,94,690775,Coxsackievirus B5,no rank,Viruses;Riboviria;Orthornavirae;Pisuviricota;Pisoniviricetes;Picornavirales;Picornaviridae;Ensavirinae;Enterovirus;Enterovirus B;Coxsackievirus B5,10239;2559587;2732396;2732408;2732506;464095;12058;2946630;12059;138949;12074,superkingdom;clade;kingdom;phylum;class;order;family;subfamily;genus;species;no rank
147681.0,83,593459,rhinovirus B6,serotype,Viruses;Riboviria;Orthornavirae;Pisuviricota;Pisoniviricetes;Picornavirales;Picornaviridae;Ensavirinae;Enterovirus;Rhinovirus B;rhinovirus B6,10239;2559587;2732396;2732408;2732506;464095;12058;2946630;12059;147712;147681,superkingdom;clade;kingdom;phylum;class;order;family;subfamily;genus;species;serotype
243273.0,1,580076,Mycoplasmoides genitalium G37,strain,cellular organisms;Bacteria;Terrabacteria group;Mycoplasmatota;Mycoplasmoidales;Mycoplasmoidaceae;Mycoplasmoides;Mycoplasmoides genitalium;Mycoplasmoides genitalium G37,131567;2;1783272;544448;2790996;2790998;2995234;2097;243273,no rank;superkingdom;clade;phylum;order;family;genus;species;strain
42785.0,68,504851,Coxsackievirus A4,serotype,Viruses;Riboviria;Orthornavirae;Pisuviricota;Pisoniviricetes;Picornavirales;Picornaviridae;Ensavirinae;Enterovirus;Enterovirus A;Coxsackievirus A4,10239;2559587;2732396;2732408;2732506;464095;12058;2946630;12059;138948;42785,superkingdom;clade;kingdom;phylum;class;order;family;subfamily;genus;species;serotype
63221.0,55,503086,Homo sapiens neanderthalensis,subspecies,cellular organisms;Eukaryota;Opisthokonta;Metazoa;Eumetazoa;Bilateria;Deuterostomia;Chordata;Craniata;Vertebrata;Gnathostomata;Teleostomi;Euteleostomi;Sarcopterygii;Dipnotetrapodomorpha;Tetrapoda;Amniota;Mammalia;Theria;Eutheria;Boreoeutheria;Euarchontoglires;Primates;Haplorrhini;Simiiformes;Catarrhini;Hominoidea;Hominidae;Homininae;Homo;Homo sapiens;Homo sapiens neanderthalensis,131567;2759;33154;33208;6072;33213;33511;7711;89593;7742;7776;117570;117571;8287;1338369;32523;32524;40674;32525;9347;1437010;314146;9443;376913;314293;9526;314295;9604;207598;9605;9606;63221,no rank;superkingdom;clade;kingdom;clade;clade;clade;phylum;subphylum;clade;clade;clade;clade;superclass;clade;clade;clade;class;clade;clade;clade;superorder;order;suborder;infraorder;parvorder;superfamily;family;subfamily;genus;species;subspecies
12089.0,60,447196,Coxsackievirus A24,serotype,Viruses;Riboviria;Orthornavirae;Pisuviricota;Pisoniviricetes;Picornavirales;Picornaviridae;Ensavirinae;Enterovirus;Enterovirus C;Coxsackievirus A24,10239;2559587;2732396;2732408;2732506;464095;12058;2946630;12059;138950;12089,superkingdom;clade;kingdom;phylum;class;order;family;subfamily;genus;species;serotype
10245.0,2,409099,Vaccinia virus,species,Viruses;Varidnaviria;Bamfordvirae;Nucleocytoviricota;Pokkesviricetes;Chitovirales;Poxviridae;Chordopoxvirinae;Orthopoxvirus;Vaccinia virus,10239;2732004;2732005;2732007;2732525;2732527;10240;10241;10242;10245,superkingdom;clade;kingdom;phylum;class;order;family;subfamily;genus;species
10244.0,2,394067,Monkeypox virus,species,Viruses;Varidnaviria;Bamfordvirae;Nucleocytoviricota;Pokkesviricetes;Chitovirales;Poxviridae;Chordopoxvirinae;Orthopoxvirus;Monkeypox virus,10239;2732004;2732005;2732007;2732525;2732527;10240;10241;10242;10244,superkingdom;clade;kingdom;phylum;class;order;family;subfamily;genus;species
10255.0,2,372353,Variola virus,species,Viruses;Varidnaviria;Bamfordvirae;Nucleocytoviricota;Pokkesviricetes;Chitovirales;Poxviridae;Chordopoxvirinae;Orthopoxvirus;Variola virus,10239;2732004;2732005;2732007;2732525;2732527;10240;10241;10242;10255,superkingdom;clade;kingdom;phylum;class;order;family;subfamily;genus;species
1240004.0,50,353358,rhinovirus C11,serotype,Viruses;Riboviria;Orthornavirae;Pisuviricota;Pisoniviricetes;Picornavirales;Picornaviridae;Ensavirinae;Enterovirus;Rhinovirus C;rhinovirus C11,10239;2559587;2732396;2732408;2732506;464095;12058;2946630;12059;463676;1240004,superkingdom;clade;kingdom;phylum;class;order;family;subfamily;genus;species;serotype
12072.0,46,335424,Coxsackievirus B3,no rank,Viruses;Riboviria;Orthornavirae;Pisuviricota;Pisoniviricetes;Picornavirales;Picornaviridae;Ensavirinae;Enterovirus;Enterovirus B;Coxsackievirus B3,10239;2559587;2732396;2732408;2732506;464095;12058;2946630;12059;138949;12072,superkingdom;clade;kingdom;phylum;class;order;family;subfamily;genus;species;no rank
1219404.0,47,331915,rhinovirus C17,serotype,Viruses;Riboviria;Orthornavirae;Pisuviricota;Pisoniviricetes;Picornavirales;Picornaviridae;Ensavirinae;Enterovirus;Rhinovirus C;rhinovirus C17,10239;2559587;2732396;2732408;2732506;464095;12058;2946630;12059;463676;1219404,superkingdom;clade;kingdom;phylum;class;order;family;subfamily;genus;species;serotype
12062.0,44,324360,Echovirus E6,serotype,Viruses;Riboviria;Orthornavirae;Pisuviricota;Pisoniviricetes;Picornavirales;Picornaviridae;Ensavirinae;Enterovirus;Enterovirus B;Echovirus E6,10239;2559587;2732396;2732408;2732506;464095;12058;2946630;12059;138949;12062,superkingdom;clade;kingdom;phylum;class;order;family;subfamily;genus;species;serotype
1418062.0,44,311569,rhinovirus C20,serotype,Viruses;Riboviria;Orthornavirae;Pisuviricota;Pisoniviricetes;Picornavirales;Picornaviridae;Ensavirinae;Enterovirus;Rhinovirus C;rhinovirus C20,10239;2559587;2732396;2732408;2732506;464095;12058;2946630;12059;463676;1418062,superkingdom;clade;kingdom;phylum;class;order;family;subfamily;genus;species;serotype
138951.0,42,306315,Enterovirus D,species,Viruses;Riboviria;Orthornavirae;Pisuviricota;Pisoniviricetes;Picornavirales;Picornaviridae;Ensavirinae;Enterovirus;Enterovirus D,10239;2559587;2732396;2732408;2732506;464095;12058;2946630;12059;138951,superkingdom;clade;kingdom;phylum;class;order;family;subfamily;genus;species
147685.0,39,276650,rhinovirus A78,serotype,Viruses;Riboviria;Orthornavirae;Pisuviricota;Pisoniviricetes;Picornavirales;Picornaviridae;Ensavirinae;Enterovirus;Rhinovirus A;rhinovirus A78,10239;2559587;2732396;2732408;2732506;464095;12058;2946630;12059;147711;147685,superkingdom;clade;kingdom;phylum;class;order;family;subfamily;genus;species;serotype
33757.0,38,275908,Coxsackievirus A2,serotype,Viruses;Riboviria;Orthornavirae;Pisuviricota;Pisoniviricetes;Picornavirales;Picornaviridae;Ensavirinae;Enterovirus;Enterovirus A;Coxsackievirus A2,10239;2559587;2732396;2732408;2732506;464095;12058;2946630;12059;138948;33757,superkingdom;clade;kingdom;phylum;class;order;family;subfamily;genus;species;serotype
185907.0,38,267638,rhinovirus A39,serotype,Viruses;Riboviria;Orthornavirae;Pisuviricota;Pisoniviricetes;Picornavirales;Picornaviridae;Ensavirinae;Enterovirus;Rhinovirus A;rhinovirus A39,10239;2559587;2732396;2732408;2732506;464095;12058;2946630;12059;147711;185907,superkingdom;clade;kingdom;phylum;class;order;family;subfamily;genus;species;serotype
1219377.0,37,260516,rhinovirus C3,serotype,Viruses;Riboviria;Orthornavirae;Pisuviricota;Pisoniviricetes;Picornavirales;Picornaviridae;Ensavirinae;Enterovirus;Rhinovirus C;rhinovirus C3,10239;2559587;2732396;2732408;2732506;464095;12058;2946630;12059;463676;1219377,superkingdom;clade;kingdom;phylum;class;order;family;subfamily;genus;species;serotype
138950.0,34,249657,Enterovirus C,species,Viruses;Riboviria;Orthornavirae;Pisuviricota;Pisoniviricetes;Picornavirales;Picornaviridae;Ensavirinae;Enterovirus;Enterovirus C,10239;2559587;2732396;2732408;2732506;464095;12058;2946630;12059;138950,superkingdom;clade;kingdom;phylum;class;order;family;subfamily;genus;species
463676.0,34,240472,Rhinovirus C,species,Viruses;Riboviria;Orthornavirae;Pisuviricota;Pisoniviricetes;Picornavirales;Picornaviridae;Ensavirinae;Enterovirus;Rhinovirus C,10239;2559587;2732396;2732408;2732506;464095;12058;2946630;12059;463676,superkingdom;clade;kingdom;phylum;class;order;family;subfamily;genus;species
10359.0,1,235646,Human betaherpesvirus 5,no rank,Viruses;Duplodnaviria;Heunggongvirae;Peploviricota;Herviviricetes;Herpesvirales;Orthoherpesviridae;Betaherpesvirinae;Cytomegalovirus;Cytomegalovirus humanbeta5;Human betaherpesvirus 5,10239;2731341;2731360;2731361;2731363;548681;3044472;10357;10358;3050295;10359,superkingdom;clade;kingdom;phylum;class;order;family;subfamily;genus;species;no rank
47506.0,31,229024,Echovirus E18,serotype,Viruses;Riboviria;Orthornavirae;Pisuviricota;Pisoniviricetes;Picornavirales;Picornaviridae;Ensavirinae;Enterovirus;Enterovirus B;Echovirus E18,10239;2559587;2732396;2732408;2732506;464095;12058;2946630;12059;138949;47506,superkingdom;clade;kingdom;phylum;class;order;family;subfamily;genus;species;serotype
10243.0,2,225393,Cowpox virus,species,Viruses;Varidnaviria;Bamfordvirae;Nucleocytoviricota;Pokkesviricetes;Chitovirales;Poxviridae;Chordopoxvirinae;Orthopoxvirus;Cowpox virus,10239;2732004;2732005;2732007;2732525;2732527;10240;10241;10242;10243,superkingdom;clade;kingdom;phylum;class;order;family;subfamily;genus;species
2200830.0,1,221923,Orthopoxvirus akhmetapox,species,Viruses;Varidnaviria;Bamfordvirae;Nucleocytoviricota;Pokkesviricetes;Chitovirales;Poxviridae;Chordopoxvirinae;Orthopoxvirus;Orthopoxvirus akhmetapox,10239;2732004;2732005;2732007;2732525;2732527;10240;10241;10242;2200830,superkingdom;clade;kingdom;phylum;class;order;family;subfamily;genus;species
50292.0,1,219526,Cercopithecine betaherpesvirus 5,no rank,Viruses;Duplodnaviria;Heunggongvirae;Peploviricota;Herviviricetes;Herpesvirales;Orthoherpesviridae;Betaherpesvirinae;Cytomegalovirus;Cytomegalovirus cercopithecinebeta5;Cercopithecine betaherpesvirus 5,10239;2731341;2731360;2731361;2731363;548681;3044472;10357;10358;3050258;50292,superkingdom;clade;kingdom;phylum;class;order;family;subfamily;genus;species;no rank
41846.0,30,213143,Echovirus E30,serotype,Viruses;Riboviria;Orthornavirae;Pisuviricota;Pisoniviricetes;Picornavirales;Picornaviridae;Ensavirinae;Enterovirus;Enterovirus B;Echovirus E30,10239;2559587;2732396;2732408;2732506;464095;12058;2946630;12059;138949;41846,superkingdom;clade;kingdom;phylum;class;order;family;subfamily;genus;species;serotype
397342.0,1,212633,Horsepox virus,no rank,Viruses;Varidnaviria;Bamfordvirae;Nucleocytoviricota;Pokkesviricetes;Chitovirales;Poxviridae;Chordopoxvirinae;Orthopoxvirus;Vaccinia virus;Horsepox virus,10239;2732004;2732005;2732007;2732525;2732527;10240;10241;10242;10245;397342,superkingdom;clade;kingdom;phylum;class;order;family;subfamily;genus;species;no rank
38766.0,108,208963,Lyssavirus lagos,species,Viruses;Riboviria;Orthornavirae;Negarnaviricota;Haploviricotina;Monjiviricetes;Mononegavirales;Rhabdoviridae;Alpharhabdovirinae;Lyssavirus;Lyssavirus lagos,10239;2559587;2732396;2497569;2497570;2497574;11157;11270;2842407;11286;38766,superkingdom;clade;kingdom;phylum;subphylum;class;order;family;subfamily;genus;species
1452750.0,1,206527,Ectromelia virus ERPV,no rank,Viruses;Varidnaviria;Bamfordvirae;Nucleocytoviricota;Pokkesviricetes;Chitovirales;Poxviridae;Chordopoxvirinae;Orthopoxvirus;Ectromelia virus;Ectromelia virus ERPV,10239;2732004;2732005;2732007;2732525;2732527;10240;10241;10242;12643;1452750,superkingdom;clade;kingdom;phylum;class;order;family;subfamily;genus;species;no rank
185898.0,29,205419,rhinovirus A25,serotype,Viruses;Riboviria;Orthornavirae;Pisuviricota;Pisoniviricetes;Picornavirales;Picornaviridae;Ensavirinae;Enterovirus;Rhinovirus A;rhinovirus A25,10239;2559587;2732396;2732408;2732506;464095;12058;2946630;12059;147711;185898,superkingdom;clade;kingdom;phylum;class;order;family;subfamily;genus;species;serotype
10280.0,1,190289,Molluscum contagiosum virus subtype 1,no rank,Viruses;Varidnaviria;Bamfordvirae;Nucleocytoviricota;Pokkesviricetes;Chitovirales;Poxviridae;Chordopoxvirinae;Molluscipoxvirus;Molluscum contagiosum virus;Molluscum contagiosum virus subtype 1,10239;2732004;2732005;2732007;2732525;2732527;10240;10241;10278;10279;10280,superkingdom;clade;kingdom;phylum;class;order;family;subfamily;genus;species;no rank
62352.0,114,175928,Eyach virus,no rank,Viruses;Riboviria;Orthornavirae;Duplornaviricota;Resentoviricetes;Reovirales;Spinareoviridae;Coltivirus;Eyach coltivirus;Eyach virus,10239;2559587;2732396;2732405;2732459;2732541;2946187;10911;2747210;62352,superkingdom;clade;kingdom;phylum;class;order;family;genus;species;no rank
12509.0,1,172764,Human herpesvirus 4 type 2,no rank,Viruses;Duplodnaviria;Heunggongvirae;Peploviricota;Herviviricetes;Herpesvirales;Orthoherpesviridae;Gammaherpesvirinae;Lymphocryptovirus;Lymphocryptovirus humangamma4;human gammaherpesvirus 4;Human herpesvirus 4 type 2,10239;2731341;2731360;2731361;2731363;548681;3044472;10374;10375;3050299;10376;12509,superkingdom;clade;kingdom;phylum;class;order;family;subfamily;genus;species;no rank;no rank
10376.0,1,171823,human gammaherpesvirus 4,no rank,Viruses;Duplodnaviria;Heunggongvirae;Peploviricota;Herviviricetes;Herpesvirales;Orthoherpesviridae;Gammaherpesvirinae;Lymphocryptovirus;Lymphocryptovirus humangamma4;human gammaherpesvirus 4,10239;2731341;2731360;2731361;2731363;548681;3044472;10374;10375;3050299;10376,superkingdom;clade;kingdom;phylum;class;order;family;subfamily;genus;species;no rank
2811963.0,33,170166,Sulina virus,no rank,Viruses;Riboviria;Orthornavirae;Negarnaviricota;Polyploviricotina;Ellioviricetes;Bunyavirales;Nairoviridae;Orthonairovirus;Orthonairovirus sulinaense;Sulina virus,10239;2559587;2732396;2497569;2497571;2497576;1980410;1980415;1980517;3060505;2811963,superkingdom;clade;kingdom;phylum;subphylum;class;order;family;genus;species;no rank
12067.0,23,168462,Coxsackievirus A9,serotype,Viruses;Riboviria;Orthornavirae;Pisuviricota;Pisoniviricetes;Picornavirales;Picornaviridae;Ensavirinae;Enterovirus;Enterovirus B;Coxsackievirus A9,10239;2559587;2732396;2732408;2732506;464095;12058;2946630;12059;138949;12067,superkingdom;clade;kingdom;phylum;class;order;family;subfamily;genus;species;serotype
42771.0,22,162707,Coxsackievirus A12,serotype,Viruses;Riboviria;Orthornavirae;Pisuviricota;Pisoniviricetes;Picornavirales;Picornaviridae;Ensavirinae;Enterovirus;Enterovirus A;Coxsackievirus A12,10239;2559587;2732396;2732408;2732506;464095;12058;2946630;12059;138948;42771,superkingdom;clade;kingdom;phylum;class;order;family;subfamily;genus;species;serotype
32604.0,1,162114,Human betaherpesvirus 6B,no rank,Viruses;Duplodnaviria;Heunggongvirae;Peploviricota;Herviviricetes;Herpesvirales;Orthoherpesviridae;Betaherpesvirinae;Roseolovirus;Roseolovirus humanbeta6b;Human betaherpesvirus 6B,10239;2731341;2731360;2731361;2731363;548681;3044472;10357;40272;3050297;32604,superkingdom;clade;kingdom;phylum;class;order;family;subfamily;genus;species;no rank
12073.0,22,160574,Coxsackievirus B4,no rank,Viruses;Riboviria;Orthornavirae;Pisuviricota;Pisoniviricetes;Picornavirales;Picornaviridae;Ensavirinae;Enterovirus;Enterovirus B;Coxsackievirus B4,10239;2559587;2732396;2732408;2732506;464095;12058;2946630;12059;138949;12073,superkingdom;clade;kingdom;phylum;class;order;family;subfamily;genus;species;no rank
32603.0,1,159378,Human betaherpesvirus 6A,no rank,Viruses;Duplodnaviria;Heunggongvirae;Peploviricota;Herviviricetes;Herpesvirales;Orthoherpesviridae;Betaherpesvirinae;Roseolovirus;Roseolovirus humanbeta6a;Human betaherpesvirus 6A,10239;2731341;2731360;2731361;2731363;548681;3044472;10357;40272;3050296;32603,superkingdom;clade;kingdom;phylum;class;order;family;subfamily;genus;species;no rank
2845555.0,1,157321,Macacine alphaherpesvirus 3,no rank,Viruses;Duplodnaviria;Heunggongvirae;Peploviricota;Herviviricetes;Herpesvirales;Orthoherpesviridae;Alphaherpesvirinae;Simplexvirus;Simplexvirus macacinealpha3;Macacine alphaherpesvirus 3,10239;2731341;2731360;2731361;2731363;548681;3044472;10293;10294;3050307;2845555,superkingdom;clade;kingdom;phylum;class;order;family;subfamily;genus;species;no rank
10310.0,1,154675,Human alphaherpesvirus 2,no rank,Viruses;Duplodnaviria;Heunggongvirae;Peploviricota;Herviviricetes;Herpesvirales;Orthoherpesviridae;Alphaherpesvirinae;Simplexvirus;Simplexvirus humanalpha2;Human alphaherpesvirus 2,10239;2731341;2731360;2731361;2731363;548681;3044472;10293;10294;3050293;10310,superkingdom;clade;kingdom;phylum;class;order;family;subfamily;genus;species;no rank
10372.0,1,153080,Human betaherpesvirus 7,no rank,Viruses;Duplodnaviria;Heunggongvirae;Peploviricota;Herviviricetes;Herpesvirales;Orthoherpesviridae;Betaherpesvirinae;Roseolovirus;Roseolovirus humanbeta7;Human betaherpesvirus 7,10239;2731341;2731360;2731361;2731363;548681;3044472;10357;40272;3050298;10372,superkingdom;clade;kingdom;phylum;class;order;family;subfamily;genus;species;no rank
10298.0,1,152222,Human alphaherpesvirus 1,no rank,Viruses;Duplodnaviria;Heunggongvirae;Peploviricota;Herviviricetes;Herpesvirales;Orthoherpesviridae;Alphaherpesvirinae;Simplexvirus;Simplexvirus humanalpha1;Human alphaherpesvirus 1,10239;2731341;2731360;2731361;2731363;548681;3044472;10293;10294;3050292;10298,superkingdom;clade;kingdom;phylum;class;order;family;subfamily;genus;species;no rank
46018.0,20,146455,Echovirus E7,serotype,Viruses;Riboviria;Orthornavirae;Pisuviricota;Pisoniviricetes;Picornavirales;Picornaviridae;Ensavirinae;Enterovirus;Enterovirus B;Echovirus E7,10239;2559587;2732396;2732408;2732506;464095;12058;2946630;12059;138949;46018,superkingdom;clade;kingdom;phylum;class;order;family;subfamily;genus;species;serotype
282345.0,122,145694,Enterovirus B75,serotype,Viruses;Riboviria;Orthornavirae;Pisuviricota;Pisoniviricetes;Picornavirales;Picornaviridae;Ensavirinae;Enterovirus;Enterovirus B;Enterovirus B75,10239;2559587;2732396;2732408;2732506;464095;12058;2946630;12059;138949;282345,superkingdom;clade;kingdom;phylum;class;order;family;subfamily;genus;species;serotype
132475.0,1,144575,Yaba-like disease virus,no rank,Viruses;Varidnaviria;Bamfordvirae;Nucleocytoviricota;Pokkesviricetes;Chitovirales;Poxviridae;Chordopoxvirinae;Yatapoxvirus;Tanapox virus;Yaba-like disease virus,10239;2732004;2732005;2732007;2732525;2732527;10240;10241;10282;99000;132475,superkingdom;clade;kingdom;phylum;class;order;family;subfamily;genus;species;no rank
99000.0,1,144565,Tanapox virus,species,Viruses;Varidnaviria;Bamfordvirae;Nucleocytoviricota;Pokkesviricetes;Chitovirales;Poxviridae;Chordopoxvirinae;Yatapoxvirus;Tanapox virus,10239;2732004;2732005;2732007;2732525;2732527;10240;10241;10282;99000,superkingdom;clade;kingdom;phylum;class;order;family;subfamily;genus;species
10345.0,1,143905,Suid alphaherpesvirus 1,no rank,Viruses;Duplodnaviria;Heunggongvirae;Peploviricota;Herviviricetes;Herpesvirales;Orthoherpesviridae;Alphaherpesvirinae;Varicellovirus;Varicellovirus suidalpha1;Suid alphaherpesvirus 1,10239;2731341;2731360;2731361;2731363;548681;3044472;10293;10319;3050355;10345,superkingdom;clade;kingdom;phylum;class;order;family;subfamily;genus;species;no rank
10258.0,1,139962,Orf virus,species,Viruses;Varidnaviria;Bamfordvirae;Nucleocytoviricota;Pokkesviricetes;Chitovirales;Poxviridae;Chordopoxvirinae;Parapoxvirus;Orf virus,10239;2732004;2732005;2732007;2732525;2732527;10240;10241;10257;10258,superkingdom;clade;kingdom;phylum;class;order;family;subfamily;genus;species
37296.0,1,137969,Human gammaherpesvirus 8,no rank,Viruses;Duplodnaviria;Heunggongvirae;Peploviricota;Herviviricetes;Herpesvirales;Orthoherpesviridae;Gammaherpesvirinae;Rhadinovirus;Rhadinovirus humangamma8;Human gammaherpesvirus 8,10239;2731341;2731360;2731361;2731363;548681;3044472;10374;10379;3050300;37296,superkingdom;clade;kingdom;phylum;class;order;family;subfamily;genus;species;no rank
38804.0,1,134721,Yaba monkey tumor virus,species,Viruses;Varidnaviria;Bamfordvirae;Nucleocytoviricota;Pokkesviricetes;Chitovirales;Poxviridae;Chordopoxvirinae;Yatapoxvirus;Yaba monkey tumor virus,10239;2732004;2732005;2732007;2732525;2732527;10240;10241;10282;38804,superkingdom;clade;kingdom;phylum;class;order;family;subfamily;genus;species
185897.0,19,134302,rhinovirus A24,serotype,Viruses;Riboviria;Orthornavirae;Pisuviricota;Pisoniviricetes;Picornavirales;Picornaviridae;Ensavirinae;Enterovirus;Rhinovirus A;rhinovirus A24,10239;2559587;2732396;2732408;2732506;464095;12058;2946630;12059;147711;185897,superkingdom;clade;kingdom;phylum;class;order;family;subfamily;genus;species;serotype
44131.0,18,126940,rhinovirus A49,serotype,Viruses;Riboviria;Orthornavirae;Pisuviricota;Pisoniviricetes;Picornavirales;Picornaviridae;Ensavirinae;Enterovirus;Rhinovirus A;rhinovirus A49,10239;2559587;2732396;2732408;2732506;464095;12058;2946630;12059;147711;44131,superkingdom;clade;kingdom;phylum;class;order;family;subfamily;genus;species;serotype
1418033.0,18,126469,rhinovirus C15,serotype,Viruses;Riboviria;Orthornavirae;Pisuviricota;Pisoniviricetes;Picornavirales;Picornaviridae;Ensavirinae;Enterovirus;Rhinovirus C;rhinovirus C15,10239;2559587;2732396;2732408;2732506;464095;12058;2946630;12059;463676;1418033,superkingdom;clade;kingdom;phylum;class;order;family;subfamily;genus;species;serotype
12135.0,18,126164,rhinovirus A23,serotype,Viruses;Riboviria;Orthornavirae;Pisuviricota;Pisoniviricetes;Picornavirales;Picornaviridae;Ensavirinae;Enterovirus;Rhinovirus A;rhinovirus A23,10239;2559587;2732396;2732408;2732506;464095;12058;2946630;12059;147711;12135,superkingdom;clade;kingdom;phylum;class;order;family;subfamily;genus;species;serotype
10335.0,1,124884,Human alphaherpesvirus 3,no rank,Viruses;Duplodnaviria;Heunggongvirae;Peploviricota;Herviviricetes;Herpesvirales;Orthoherpesviridae;Alphaherpesvirinae;Varicellovirus;Varicellovirus humanalpha3;Human alphaherpesvirus 3,10239;2731341;2731360;2731361;2731363;548681;3044472;10293;10319;3050294;10335,superkingdom;clade;kingdom;phylum;class;order;family;subfamily;genus;species;no rank
1219407.0,17,120745,rhinovirus C42,serotype,Viruses;Riboviria;Orthornavirae;Pisuviricota;Pisoniviricetes;Picornavirales;Picornaviridae;Ensavirinae;Enterovirus;Rhinovirus C;rhinovirus C42,10239;2559587;2732396;2732408;2732506;464095;12058;2946630;12059;463676;1219407,superkingdom;clade;kingdom;phylum;class;order;family;subfamily;genus;species;serotype
185901.0,17,119975,rhinovirus A30,serotype,Viruses;Riboviria;Orthornavirae;Pisuviricota;Pisoniviricetes;Picornavirales;Picornaviridae;Ensavirinae;Enterovirus;Rhinovirus A;rhinovirus A30,10239;2559587;2732396;2732408;2732506;464095;12058;2946630;12059;147711;185901,superkingdom;clade;kingdom;phylum;class;order;family;subfamily;genus;species;serotype
12069.0,16,117934,Coxsackievirus A21,serotype,Viruses;Riboviria;Orthornavirae;Pisuviricota;Pisoniviricetes;Picornavirales;Picornaviridae;Ensavirinae;Enterovirus;Enterovirus C;Coxsackievirus A21,10239;2559587;2732396;2732408;2732506;464095;12058;2946630;12059;138950;12069,superkingdom;clade;kingdom;phylum;class;order;family;subfamily;genus;species;serotype
138949.0,16,116695,Enterovirus B,species,Viruses;Riboviria;Orthornavirae;Pisuviricota;Pisoniviricetes;Picornavirales;Picornaviridae;Ensavirinae;Enterovirus;Enterovirus B,10239;2559587;2732396;2732408;2732506;464095;12058;2946630;12059;138949,superkingdom;clade;kingdom;phylum;class;order;family;subfamily;genus;species
138948.0,15,111024,Enterovirus A,species,Viruses;Riboviria;Orthornavirae;Pisuviricota;Pisoniviricetes;Picornavirales;Picornaviridae;Ensavirinae;Enterovirus;Enterovirus A,10239;2559587;2732396;2732408;2732506;464095;12058;2946630;12059;138948,superkingdom;clade;kingdom;phylum;class;order;family;subfamily;genus;species
12060.0,15,109808,Echovirus E9,serotype,Viruses;Riboviria;Orthornavirae;Pisuviricota;Pisoniviricetes;Picornavirales;Picornaviridae;Ensavirinae;Enterovirus;Enterovirus B;Echovirus E9,10239;2559587;2732396;2732408;2732506;464095;12058;2946630;12059;138949;12060,superkingdom;clade;kingdom;phylum;class;order;family;subfamily;genus;species;serotype
45101.0,15,109398,Echovirus E25,serotype,Viruses;Riboviria;Orthornavirae;Pisuviricota;Pisoniviricetes;Picornavirales;Picornaviridae;Ensavirinae;Enterovirus;Enterovirus B;Echovirus E25,10239;2559587;2732396;2732408;2732506;464095;12058;2946630;12059;138949;45101,superkingdom;clade;kingdom;phylum;class;order;family;subfamily;genus;species;serotype
38768.0,88,107215,European bat lyssavirus,species,Viruses;Riboviria;Orthornavirae;Negarnaviricota;Haploviricotina;Monjiviricetes;Mononegavirales;Rhabdoviridae;Alpharhabdovirinae;Lyssavirus;unclassified Lyssavirus;European bat lyssavirus,10239;2559587;2732396;2497569;2497570;2497574;11157;11270;2842407;11286;327825;38768,superkingdom;clade;kingdom;phylum;subphylum;class;order;family;subfamily;genus;no rank;species
185900.0,15,106695,rhinovirus B27,serotype,Viruses;Riboviria;Orthornavirae;Pisuviricota;Pisoniviricetes;Picornavirales;Picornaviridae;Ensavirinae;Enterovirus;Rhinovirus B;rhinovirus B27,10239;2559587;2732396;2732408;2732506;464095;12058;2946630;12059;147712;185900,superkingdom;clade;kingdom;phylum;class;order;family;subfamily;genus;species;serotype
1219376.0,15,106097,rhinovirus C2,serotype,Viruses;Riboviria;Orthornavirae;Pisuviricota;Pisoniviricetes;Picornavirales;Picornaviridae;Ensavirinae;Enterovirus;Rhinovirus C;rhinovirus C2,10239;2559587;2732396;2732408;2732506;464095;12058;2946630;12059;463676;1219376,superkingdom;clade;kingdom;phylum;class;order;family;subfamily;genus;species;serotype
82639.0,14,99877,Coxsackievirus B2,no rank,Viruses;Riboviria;Orthornavirae;Pisuviricota;Pisoniviricetes;Picornavirales;Picornaviridae;Ensavirinae;Enterovirus;Enterovirus B;Coxsackievirus B2,10239;2559587;2732396;2732408;2732506;464095;12058;2946630;12059;138949;82639,superkingdom;clade;kingdom;phylum;class;order;family;subfamily;genus;species;no rank
44129.0,14,99523,rhinovirus A29,serotype,Viruses;Riboviria;Orthornavirae;Pisuviricota;Pisoniviricetes;Picornavirales;Picornaviridae;Ensavirinae;Enterovirus;Rhinovirus A;rhinovirus A29,10239;2559587;2732396;2732408;2732506;464095;12058;2946630;12059;147711;44129,superkingdom;clade;kingdom;phylum;class;order;family;subfamily;genus;species;serotype
147675.0,14,99492,rhinovirus A20,serotype,Viruses;Riboviria;Orthornavirae;Pisuviricota;Pisoniviricetes;Picornavirales;Picornaviridae;Ensavirinae;Enterovirus;Rhinovirus A;rhinovirus A20,10239;2559587;2732396;2732408;2732506;464095;12058;2946630;12059;147711;147675,superkingdom;clade;kingdom;phylum;class;order;family;subfamily;genus;species;serotype
2094116.0,14,99479,rhinovirus C56,serotype,Viruses;Riboviria;Orthornavirae;Pisuviricota;Pisoniviricetes;Picornavirales;Picornaviridae;Ensavirinae;Enterovirus;Rhinovirus C;rhinovirus C56,10239;2559587;2732396;2732408;2732506;464095;12058;2946630;12059;463676;2094116,superkingdom;clade;kingdom;phylum;class;order;family;subfamily;genus;species;serotype
185924.0,14,99186,rhinovirus A67,serotype,Viruses;Riboviria;Orthornavirae;Pisuviricota;Pisoniviricetes;Picornavirales;Picornaviridae;Ensavirinae;Enterovirus;Rhinovirus A;rhinovirus A67,10239;2559587;2732396;2732408;2732506;464095;12058;2946630;12059;147711;185924,superkingdom;clade;kingdom;phylum;class;order;family;subfamily;genus;species;serotype
185902.0,13,92397,rhinovirus A31,serotype,Viruses;Riboviria;Orthornavirae;Pisuviricota;Pisoniviricetes;Picornavirales;Picornaviridae;Ensavirinae;Enterovirus;Rhinovirus A;rhinovirus A31,10239;2559587;2732396;2732408;2732506;464095;12058;2946630;12059;147711;185902,superkingdom;clade;kingdom;phylum;class;order;family;subfamily;genus;species;serotype
573824.0,13,92337,rhinovirus A1,serotype,Viruses;Riboviria;Orthornavirae;Pisuviricota;Pisoniviricetes;Picornavirales;Picornaviridae;Ensavirinae;Enterovirus;Rhinovirus A;rhinovirus A1,10239;2559587;2732396;2732408;2732506;464095;12058;2946630;12059;147711;573824,superkingdom;clade;kingdom;phylum;class;order;family;subfamily;genus;species;serotype
1219416.0,13,90537,rhinovirus C1,serotype,Viruses;Riboviria;Orthornavirae;Pisuviricota;Pisoniviricetes;Picornavirales;Picornaviridae;Ensavirinae;Enterovirus;Rhinovirus C;rhinovirus C1,10239;2559587;2732396;2732408;2732506;464095;12058;2946630;12059;463676;1219416,superkingdom;clade;kingdom;phylum;class;order;family;subfamily;genus;species;serotype
42786.0,13,90209,Coxsackievirus A5,serotype,Viruses;Riboviria;Orthornavirae;Pisuviricota;Pisoniviricetes;Picornavirales;Picornaviridae;Ensavirinae;Enterovirus;Enterovirus A;Coxsackievirus A5,10239;2559587;2732396;2732408;2732506;464095;12058;2946630;12059;138948;42786,superkingdom;clade;kingdom;phylum;class;order;family;subfamily;genus;species;serotype
147711.0,12,85239,Rhinovirus A,species,Viruses;Riboviria;Orthornavirae;Pisuviricota;Pisoniviricetes;Picornavirales;Picornaviridae;Ensavirinae;Enterovirus;Rhinovirus A,10239;2559587;2732396;2732408;2732506;464095;12058;2946630;12059;147711,superkingdom;clade;kingdom;phylum;class;order;family;subfamily;genus;species
185934.0,12,85202,rhinovirus A80,serotype,Viruses;Riboviria;Orthornavirae;Pisuviricota;Pisoniviricetes;Picornavirales;Picornaviridae;Ensavirinae;Enterovirus;Rhinovirus A;rhinovirus A80,10239;2559587;2732396;2732408;2732506;464095;12058;2946630;12059;147711;185934,superkingdom;clade;kingdom;phylum;class;order;family;subfamily;genus;species;serotype
2045079.0,12,84528,rhinovirus C44,serotype,Viruses;Riboviria;Orthornavirae;Pisuviricota;Pisoniviricetes;Picornavirales;Picornaviridae;Ensavirinae;Enterovirus;Rhinovirus C;rhinovirus C44,10239;2559587;2732396;2732408;2732506;464095;12058;2946630;12059;463676;2045079,superkingdom;clade;kingdom;phylum;class;order;family;subfamily;genus;species;serotype
741158.0,5,82856,Homo sapiens subsp. 'Denisova',subspecies,cellular organisms;Eukaryota;Opisthokonta;Metazoa;Eumetazoa;Bilateria;Deuterostomia;Chordata;Craniata;Vertebrata;Gnathostomata;Teleostomi;Euteleostomi;Sarcopterygii;Dipnotetrapodomorpha;Tetrapoda;Amniota;Mammalia;Theria;Eutheria;Boreoeutheria;Euarchontoglires;Primates;Haplorrhini;Simiiformes;Catarrhini;Hominoidea;Hominidae;Homininae;Homo;Homo sapiens;Homo sapiens subsp. 'Denisova',131567;2759;33154;33208;6072;33213;33511;7711;89593;7742;7776;117570;117571;8287;1338369;32523;32524;40674;32525;9347;1437010;314146;9443;376913;314293;9526;314295;9604;207598;9605;9606;741158,no rank;superkingdom;clade;kingdom;clade;clade;clade;phylum;subphylum;clade;clade;clade;clade;superclass;clade;clade;clade;class;clade;clade;clade;superorder;order;suborder;infraorder;parvorder;superfamily;family;subfamily;genus;species;subspecies
1295563.0,11,81917,Enterovirus C99,serotype,Viruses;Riboviria;Orthornavirae;Pisuviricota;Pisoniviricetes;Picornavirales;Picornaviridae;Ensavirinae;Enterovirus;Enterovirus C;Enterovirus C99,10239;2559587;2732396;2732408;2732506;464095;12058;2946630;12059;138950;1295563,superkingdom;clade;kingdom;phylum;class;order;family;subfamily;genus;species;serotype
2650411.0,11,81826,Enterovirus C104,no rank,Viruses;Riboviria;Orthornavirae;Pisuviricota;Pisoniviricetes;Picornavirales;Picornaviridae;Ensavirinae;Enterovirus;Enterovirus C;Enterovirus C104,10239;2559587;2732396;2732408;2732506;464095;12058;2946630;12059;138950;2650411,superkingdom;clade;kingdom;phylum;class;order;family;subfamily;genus;species;no rank
185920.0,11,78137,rhinovirus A61,serotype,Viruses;Riboviria;Orthornavirae;Pisuviricota;Pisoniviricetes;Picornavirales;Picornaviridae;Ensavirinae;Enterovirus;Rhinovirus A;rhinovirus A61,10239;2559587;2732396;2732408;2732506;464095;12058;2946630;12059;147711;185920,superkingdom;clade;kingdom;phylum;class;order;family;subfamily;genus;species;serotype
325445.0,10,74956,Enterovirus C96,serotype,Viruses;Riboviria;Orthornavirae;Pisuviricota;Pisoniviricetes;Picornavirales;Picornaviridae;Ensavirinae;Enterovirus;Enterovirus C;Enterovirus C96,10239;2559587;2732396;2732408;2732506;464095;12058;2946630;12059;138950;325445,superkingdom;clade;kingdom;phylum;class;order;family;subfamily;genus;species;serotype
306588.0,10,74405,Enterovirus A76,serotype,Viruses;Riboviria;Orthornavirae;Pisuviricota;Pisoniviricetes;Picornavirales;Picornaviridae;Ensavirinae;Enterovirus;Enterovirus A;Enterovirus A76,10239;2559587;2732396;2732408;2732506;464095;12058;2946630;12059;138948;306588,superkingdom;clade;kingdom;phylum;class;order;family;subfamily;genus;species;serotype
39767.0,10,70921,rhinovirus A11,serotype,Viruses;Riboviria;Orthornavirae;Pisuviricota;Pisoniviricetes;Picornavirales;Picornaviridae;Ensavirinae;Enterovirus;Rhinovirus A;rhinovirus A11,10239;2559587;2732396;2732408;2732506;464095;12058;2946630;12059;147711;39767,superkingdom;clade;kingdom;phylum;class;order;family;subfamily;genus;species;serotype
2960865.0,10,70530,Norwavirus sp.,species,Viruses;Riboviria;Orthornavirae;Negarnaviricota;Polyploviricotina;Ellioviricetes;Bunyavirales;Nairoviridae;Norwavirus;unclassified Norwavirus;Norwavirus sp.,10239;2559587;2732396;2497569;2497571;2497576;1980410;1980415;2842910;2852632;2960865,superkingdom;clade;kingdom;phylum;subphylum;class;order;family;genus;no rank;species
108098.0,2,70137,Human mastadenovirus B,species,Viruses;Varidnaviria;Bamfordvirae;Preplasmiviricota;Tectiliviricetes;Rowavirales;Adenoviridae;Mastadenovirus;Human mastadenovirus B,10239;2732004;2732005;2732008;2732529;2732559;10508;10509;108098,superkingdom;clade;kingdom;phylum;class;order;family;genus;species
2712269.0,118,69429,Haseki tick virus,species,Viruses;Riboviria;unclassified Riboviria;Haseki tick virus,10239;2559587;2585030;2712269,superkingdom;clade;no rank;species
1608045.0,7,69228,Changping Tick Virus 3,no rank,Viruses;Riboviria;Orthornavirae;Negarnaviricota;Haploviricotina;Monjiviricetes;Jingchuvirales;Chuviridae;Mivirus;Mivirus dermacentoris;Changping Tick Virus 3,10239;2559587;2732396;2497569;2497570;2497574;2499407;2501952;2507291;2845621;1608045,superkingdom;clade;kingdom;phylum;subphylum;class;order;family;genus;species;no rank
129875.0,2,68250,Human mastadenovirus A,species,Viruses;Varidnaviria;Bamfordvirae;Preplasmiviricota;Tectiliviricetes;Rowavirales;Adenoviridae;Mastadenovirus;Human mastadenovirus A,10239;2732004;2732005;2732008;2732529;2732559;10508;10509;129875,superkingdom;clade;kingdom;phylum;class;order;family;genus;species
42788.0,9,66567,Coxsackievirus A8,serotype,Viruses;Riboviria;Orthornavirae;Pisuviricota;Pisoniviricetes;Picornavirales;Picornaviridae;Ensavirinae;Enterovirus;Enterovirus A;Coxsackievirus A8,10239;2559587;2732396;2732408;2732506;464095;12058;2946630;12059;138948;42788,superkingdom;clade;kingdom;phylum;class;order;family;subfamily;genus;species;serotype
318566.0,9,66562,Enterovirus B83,serotype,Viruses;Riboviria;Orthornavirae;Pisuviricota;Pisoniviricetes;Picornavirales;Picornaviridae;Ensavirinae;Enterovirus;Enterovirus B;Enterovirus B83,10239;2559587;2732396;2732408;2732506;464095;12058;2946630;12059;138949;318566,superkingdom;clade;kingdom;phylum;class;order;family;subfamily;genus;species;serotype
47515.0,9,66536,Echovirus E33,serotype,Viruses;Riboviria;Orthornavirae;Pisuviricota;Pisoniviricetes;Picornavirales;Picornaviridae;Ensavirinae;Enterovirus;Enterovirus B;Echovirus E33,10239;2559587;2732396;2732408;2732506;464095;12058;2946630;12059;138949;47515,superkingdom;clade;kingdom;phylum;class;order;family;subfamily;genus;species;serotype
12071.0,9,66339,Coxsackievirus B1,no rank,Viruses;Riboviria;Orthornavirae;Pisuviricota;Pisoniviricetes;Picornavirales;Picornaviridae;Ensavirinae;Enterovirus;Enterovirus B;Coxsackievirus B1,10239;2559587;2732396;2732408;2732506;464095;12058;2946630;12059;138949;12071,superkingdom;clade;kingdom;phylum;class;order;family;subfamily;genus;species;no rank
147712.0,9,65003,Rhinovirus B,species,Viruses;Riboviria;Orthornavirae;Pisuviricota;Pisoniviricetes;Picornavirales;Picornaviridae;Ensavirinae;Enterovirus;Rhinovirus B,10239;2559587;2732396;2732408;2732506;464095;12058;2946630;12059;147712,superkingdom;clade;kingdom;phylum;class;order;family;subfamily;genus;species
12130.0,9,63582,rhinovirus A2,serotype,Viruses;Riboviria;Orthornavirae;Pisuviricota;Pisoniviricetes;Picornavirales;Picornaviridae;Ensavirinae;Enterovirus;Rhinovirus A;rhinovirus A2,10239;2559587;2732396;2732408;2732506;464095;12058;2946630;12059;147711;12130,superkingdom;clade;kingdom;phylum;class;order;family;subfamily;genus;species;serotype
1418041.0,9,63271,rhinovirus C36,serotype,Viruses;Riboviria;Orthornavirae;Pisuviricota;Pisoniviricetes;Picornavirales;Picornaviridae;Ensavirinae;Enterovirus;Rhinovirus C;rhinovirus C36,10239;2559587;2732396;2732408;2732506;464095;12058;2946630;12059;463676;1418041,superkingdom;clade;kingdom;phylum;class;order;family;subfamily;genus;species;serotype
97469.0,7,62906,Alphavirus M1,no rank,Viruses;Riboviria;Orthornavirae;Kitrinoviricota;Alsuviricetes;Martellivirales;Togaviridae;Alphavirus;Getah virus;Alphavirus M1,10239;2559587;2732396;2732406;2732461;2732544;11018;11019;59300;97469,superkingdom;clade;kingdom;phylum;class;order;family;genus;species;no rank
31631.0,2,61482,Human coronavirus OC43,no rank,Viruses;Riboviria;Orthornavirae;Pisuviricota;Pisoniviricetes;Nidovirales;Cornidovirineae;Coronaviridae;Orthocoronavirinae;Betacoronavirus;Embecovirus;Betacoronavirus 1;Human coronavirus OC43,10239;2559587;2732396;2732408;2732506;76804;2499399;11118;2501931;694002;2509481;694003;31631,superkingdom;clade;kingdom;phylum;class;order;suborder;family;subfamily;genus;subgenus;species;no rank
3052505.0,3,57338,Orthomarburgvirus marburgense,species,Viruses;Riboviria;Orthornavirae;Negarnaviricota;Haploviricotina;Monjiviricetes;Mononegavirales;Filoviridae;Orthomarburgvirus;Orthomarburgvirus marburgense,10239;2559587;2732396;2497569;2497570;2497574;11157;11266;3044783;3052505,superkingdom;clade;kingdom;phylum;subphylum;class;order;family;genus;species
147672.0,8,56966,rhinovirus A28,serotype,Viruses;Riboviria;Orthornavirae;Pisuviricota;Pisoniviricetes;Picornavirales;Picornaviridae;Ensavirinae;Enterovirus;Rhinovirus A;rhinovirus A28,10239;2559587;2732396;2732408;2732506;464095;12058;2946630;12059;147711;147672,superkingdom;clade;kingdom;phylum;class;order;family;subfamily;genus;species;serotype
44133.0,8,56751,rhinovirus A58,serotype,Viruses;Riboviria;Orthornavirae;Pisuviricota;Pisoniviricetes;Picornavirales;Picornaviridae;Ensavirinae;Enterovirus;Rhinovirus A;rhinovirus A58,10239;2559587;2732396;2732408;2732506;464095;12058;2946630;12059;147711;44133,superkingdom;clade;kingdom;phylum;class;order;family;subfamily;genus;species;serotype
277944.0,2,55106,Human coronavirus NL63,species,Viruses;Riboviria;Orthornavirae;Pisuviricota;Pisoniviricetes;Nidovirales;Cornidovirineae;Coronaviridae;Orthocoronavirinae;Alphacoronavirus;Setracovirus;Human coronavirus NL63,10239;2559587;2732396;2732408;2732506;76804;2499399;11118;2501931;693996;2509512;277944,superkingdom;clade;kingdom;phylum;class;order;suborder;family;subfamily;genus;subgenus;species
185896.0,8,50765,rhinovirus A22,serotype,Viruses;Riboviria;Orthornavirae;Pisuviricota;Pisoniviricetes;Picornavirales;Picornaviridae;Ensavirinae;Enterovirus;Rhinovirus A;rhinovirus A22,10239;2559587;2732396;2732408;2732506;464095;12058;2946630;12059;147711;185896,superkingdom;clade;kingdom;phylum;class;order;family;subfamily;genus;species;serotype
44130.0,7,50250,rhinovirus B3,serotype,Viruses;Riboviria;Orthornavirae;Pisuviricota;Pisoniviricetes;Picornavirales;Picornaviridae;Ensavirinae;Enterovirus;Rhinovirus B;rhinovirus B3,10239;2559587;2732396;2732408;2732506;464095;12058;2946630;12059;147712;44130,superkingdom;clade;kingdom;phylum;class;order;family;subfamily;genus;species;serotype
2032983.0,7,50012,rhinovirus C53,serotype,Viruses;Riboviria;Orthornavirae;Pisuviricota;Pisoniviricetes;Picornavirales;Picornaviridae;Ensavirinae;Enterovirus;Rhinovirus C;rhinovirus C53,10239;2559587;2732396;2732408;2732506;464095;12058;2946630;12059;463676;2032983,superkingdom;clade;kingdom;phylum;class;order;family;subfamily;genus;species;serotype
1219380.0,7,49502,rhinovirus C8,serotype,Viruses;Riboviria;Orthornavirae;Pisuviricota;Pisoniviricetes;Picornavirales;Picornaviridae;Ensavirinae;Enterovirus;Rhinovirus C;rhinovirus C8,10239;2559587;2732396;2732408;2732506;464095;12058;2946630;12059;463676;1219380,superkingdom;clade;kingdom;phylum;class;order;family;subfamily;genus;species;serotype
185914.0,7,49357,rhinovirus A54,serotype,Viruses;Riboviria;Orthornavirae;Pisuviricota;Pisoniviricetes;Picornavirales;Picornaviridae;Ensavirinae;Enterovirus;Rhinovirus A;rhinovirus A54,10239;2559587;2732396;2732408;2732506;464095;12058;2946630;12059;147711;185914,superkingdom;clade;kingdom;phylum;class;order;family;subfamily;genus;species;serotype
32630.0,29,48002,synthetic construct,species,other entries;other sequences;artificial sequences;synthetic construct,2787854;28384;81077;32630,no rank;no rank;no rank;species
11216.0,3,46386,Human respirovirus 3,no rank,Viruses;Riboviria;Orthornavirae;Negarnaviricota;Haploviricotina;Monjiviricetes;Mononegavirales;Paramyxoviridae;Feraresvirinae;Respirovirus;Respirovirus pneumoniae;Human respirovirus 3,10239;2559587;2732396;2497569;2497570;2497574;11157;11158;3152209;186938;3049953;11216,superkingdom;clade;kingdom;phylum;subphylum;class;order;family;subfamily;genus;species;no rank
11250.0,3,45669,human respiratory syncytial virus,no rank,Viruses;Riboviria;Orthornavirae;Negarnaviricota;Haploviricotina;Monjiviricetes;Mononegavirales;Pneumoviridae;Orthopneumovirus;Orthopneumovirus hominis;human respiratory syncytial virus,10239;2559587;2732396;2497569;2497570;2497574;11157;11244;1868215;3049954;11250,superkingdom;clade;kingdom;phylum;subphylum;class;order;family;genus;species;no rank
297248.0,6,44552,Enterovirus A90,serotype,Viruses;Riboviria;Orthornavirae;Pisuviricota;Pisoniviricetes;Picornavirales;Picornaviridae;Ensavirinae;Enterovirus;Enterovirus A;Enterovirus A90,10239;2559587;2732396;2732408;2732506;464095;12058;2946630;12059;138948;297248,superkingdom;clade;kingdom;phylum;class;order;family;subfamily;genus;species;serotype
47516.0,6,44139,Echovirus E3,serotype,Viruses;Riboviria;Orthornavirae;Pisuviricota;Pisoniviricetes;Picornavirales;Picornaviridae;Ensavirinae;Enterovirus;Enterovirus B;Echovirus E3,10239;2559587;2732396;2732408;2732506;464095;12058;2946630;12059;138949;47516,superkingdom;clade;kingdom;phylum;class;order;family;subfamily;genus;species;serotype
2045074.0,6,42562,rhinovirus C33,serotype,Viruses;Riboviria;Orthornavirae;Pisuviricota;Pisoniviricetes;Picornavirales;Picornaviridae;Ensavirinae;Enterovirus;Rhinovirus C;rhinovirus C33,10239;2559587;2732396;2732408;2732506;464095;12058;2946630;12059;463676;2045074,superkingdom;clade;kingdom;phylum;class;order;family;subfamily;genus;species;serotype
185923.0,6,42357,rhinovirus A66,serotype,Viruses;Riboviria;Orthornavirae;Pisuviricota;Pisoniviricetes;Picornavirales;Picornaviridae;Ensavirinae;Enterovirus;Rhinovirus A;rhinovirus A66,10239;2559587;2732396;2732408;2732506;464095;12058;2946630;12059;147711;185923,superkingdom;clade;kingdom;phylum;class;order;family;subfamily;genus;species;serotype
185919.0,6,42260,rhinovirus A60,serotype,Viruses;Riboviria;Orthornavirae;Pisuviricota;Pisoniviricetes;Picornavirales;Picornaviridae;Ensavirinae;Enterovirus;Rhinovirus A;rhinovirus A60,10239;2559587;2732396;2732408;2732506;464095;12058;2946630;12059;147711;185919,superkingdom;clade;kingdom;phylum;class;order;family;subfamily;genus;species;serotype
2849717.0,6,38490,Aigai virus,no rank,Viruses;Riboviria;Orthornavirae;Negarnaviricota;Polyploviricotina;Ellioviricetes;Bunyavirales;Nairoviridae;Orthonairovirus;Orthonairovirus parahaemorrhagiae;Aigai virus,10239;2559587;2732396;2497569;2497571;2497576;1980410;1980415;1980517;3052530;2849717,superkingdom;clade;kingdom;phylum;subphylum;class;order;family;genus;species;no rank
318563.0,5,37319,Enterovirus B80,serotype,Viruses;Riboviria;Orthornavirae;Pisuviricota;Pisoniviricetes;Picornavirales;Picornaviridae;Ensavirinae;Enterovirus;Enterovirus B;Enterovirus B80,10239;2559587;2732396;2732408;2732506;464095;12058;2946630;12059;138949;318563,superkingdom;clade;kingdom;phylum;class;order;family;subfamily;genus;species;serotype
1971396.0,4,37164,Grotenhout virus,no rank,Viruses;Riboviria;Orthornavirae;Negarnaviricota;Polyploviricotina;Ellioviricetes;Bunyavirales;Nairoviridae;Norwavirus;Norwavirus grotenhoutense;Grotenhout virus,10239;2559587;2732396;2497569;2497571;2497576;1980410;1980415;2842910;3052362;1971396,superkingdom;clade;kingdom;phylum;subphylum;class;order;family;genus;species;no rank
318568.0,5,37115,Enterovirus B85,serotype,Viruses;Riboviria;Orthornavirae;Pisuviricota;Pisoniviricetes;Picornavirales;Picornaviridae;Ensavirinae;Enterovirus;Enterovirus B;Enterovirus B85,10239;2559587;2732396;2732408;2732506;464095;12058;2946630;12059;138949;318568,superkingdom;clade;kingdom;phylum;class;order;family;subfamily;genus;species;serotype
175567.0,1,36519,Simian adenovirus 25,serotype,Viruses;Varidnaviria;Bamfordvirae;Preplasmiviricota;Tectiliviricetes;Rowavirales;Adenoviridae;Mastadenovirus;Human mastadenovirus E;Simian adenovirus 25,10239;2732004;2732005;2732008;2732529;2732559;10508;10509;130308;175567,superkingdom;clade;kingdom;phylum;class;order;family;genus;species;serotype
3052225.0,2,36498,Henipavirus nipahense,species,Viruses;Riboviria;Orthornavirae;Negarnaviricota;Haploviricotina;Monjiviricetes;Mononegavirales;Paramyxoviridae;Orthoparamyxovirinae;Henipavirus;Henipavirus nipahense,10239;2559587;2732396;2497569;2497570;2497574;11157;11158;2560076;260964;3052225,superkingdom;clade;kingdom;phylum;subphylum;class;order;family;subfamily;genus;species
3052223.0,2,36468,Henipavirus hendraense,species,Viruses;Riboviria;Orthornavirae;Negarnaviricota;Haploviricotina;Monjiviricetes;Mononegavirales;Paramyxoviridae;Orthoparamyxovirinae;Henipavirus;Henipavirus hendraense,10239;2559587;2732396;2497569;2497570;2497574;11157;11158;2560076;260964;3052223,superkingdom;clade;kingdom;phylum;subphylum;class;order;family;subfamily;genus;species
130308.0,1,35994,Human mastadenovirus E,species,Viruses;Varidnaviria;Bamfordvirae;Preplasmiviricota;Tectiliviricetes;Rowavirales;Adenoviridae;Mastadenovirus;Human mastadenovirus E,10239;2732004;2732005;2732008;2732529;2732559;10508;10509;130308,superkingdom;clade;kingdom;phylum;class;order;family;genus;species
129951.0,1,35937,Human mastadenovirus C,species,Viruses;Varidnaviria;Bamfordvirae;Preplasmiviricota;Tectiliviricetes;Rowavirales;Adenoviridae;Mastadenovirus;Human mastadenovirus C,10239;2732004;2732005;2732008;2732529;2732559;10508;10509;129951,superkingdom;clade;kingdom;phylum;class;order;family;genus;species
185891.0,5,35666,rhinovirus A9,serotype,Viruses;Riboviria;Orthornavirae;Pisuviricota;Pisoniviricetes;Picornavirales;Picornaviridae;Ensavirinae;Enterovirus;Rhinovirus A;rhinovirus A9,10239;2559587;2732396;2732408;2732506;464095;12058;2946630;12059;147711;185891,superkingdom;clade;kingdom;phylum;class;order;family;subfamily;genus;species;serotype
167324.0,5,35618,rhinovirus A46,serotype,Viruses;Riboviria;Orthornavirae;Pisuviricota;Pisoniviricetes;Picornavirales;Picornaviridae;Ensavirinae;Enterovirus;Rhinovirus A;rhinovirus A46,10239;2559587;2732396;2732408;2732506;464095;12058;2946630;12059;147711;167324,superkingdom;clade;kingdom;phylum;class;order;family;subfamily;genus;species;serotype
10519.0,1,35514,Human adenovirus 7,no rank,Viruses;Varidnaviria;Bamfordvirae;Preplasmiviricota;Tectiliviricetes;Rowavirales;Adenoviridae;Mastadenovirus;Human mastadenovirus B;Human adenovirus 7,10239;2732004;2732005;2732008;2732529;2732559;10508;10509;108098;10519,superkingdom;clade;kingdom;phylum;class;order;family;genus;species;no rank
44128.0,5,35373,rhinovirus A21,serotype,Viruses;Riboviria;Orthornavirae;Pisuviricota;Pisoniviricetes;Picornavirales;Picornaviridae;Ensavirinae;Enterovirus;Rhinovirus A;rhinovirus A21,10239;2559587;2732396;2732408;2732506;464095;12058;2946630;12059;147711;44128,superkingdom;clade;kingdom;phylum;class;order;family;subfamily;genus;species;serotype
185911.0,5,35276,rhinovirus A47,serotype,Viruses;Riboviria;Orthornavirae;Pisuviricota;Pisoniviricetes;Picornavirales;Picornaviridae;Ensavirinae;Enterovirus;Rhinovirus A;rhinovirus A47,10239;2559587;2732396;2732408;2732506;464095;12058;2946630;12059;147711;185911,superkingdom;clade;kingdom;phylum;class;order;family;subfamily;genus;species;serotype
185918.0,5,35272,rhinovirus A59,serotype,Viruses;Riboviria;Orthornavirae;Pisuviricota;Pisoniviricetes;Picornavirales;Picornaviridae;Ensavirinae;Enterovirus;Rhinovirus A;rhinovirus A59,10239;2559587;2732396;2732408;2732506;464095;12058;2946630;12059;147711;185918,superkingdom;clade;kingdom;phylum;class;order;family;subfamily;genus;species;serotype
1219379.0,5,35212,rhinovirus C7,serotype,Viruses;Riboviria;Orthornavirae;Pisuviricota;Pisoniviricetes;Picornavirales;Picornaviridae;Ensavirinae;Enterovirus;Rhinovirus C;rhinovirus C7,10239;2559587;2732396;2732408;2732506;464095;12058;2946630;12059;463676;1219379,superkingdom;clade;kingdom;phylum;class;order;family;subfamily;genus;species;serotype
130310.0,1,35083,Human mastadenovirus D,species,Viruses;Varidnaviria;Bamfordvirae;Preplasmiviricota;Tectiliviricetes;Rowavirales;Adenoviridae;Mastadenovirus;Human mastadenovirus D,10239;2732004;2732005;2732008;2732529;2732559;10508;10509;130310,superkingdom;clade;kingdom;phylum;class;order;family;genus;species
383379.0,1,34996,Toxoplasma gondii RH,strain,cellular organisms;Eukaryota;Sar;Alveolata;Apicomplexa;Conoidasida;Coccidia;Eucoccidiorida;Eimeriorina;Sarcocystidae;Toxoplasma;Toxoplasma gondii;Toxoplasma gondii RH,131567;2759;2698737;33630;5794;1280412;5796;75739;423054;5809;5810;5811;383379,no rank;superkingdom;clade;clade;phylum;class;subclass;order;suborder;family;genus;species;strain
1219413.0,5,34980,rhinovirus C43,serotype,Viruses;Riboviria;Orthornavirae;Pisuviricota;Pisoniviricetes;Picornavirales;Picornaviridae;Ensavirinae;Enterovirus;Rhinovirus C;rhinovirus C43,10239;2559587;2732396;2732408;2732506;464095;12058;2946630;12059;463676;1219413,superkingdom;clade;kingdom;phylum;class;order;family;subfamily;genus;species;serotype
10522.0,1,34794,Human adenovirus 35,no rank,Viruses;Varidnaviria;Bamfordvirae;Preplasmiviricota;Tectiliviricetes;Rowavirales;Adenoviridae;Mastadenovirus;Human mastadenovirus B;Human adenovirus 35,10239;2732004;2732005;2732008;2732529;2732559;10508;10509;108098;10522,superkingdom;clade;kingdom;phylum;class;order;family;genus;species;no rank
310540.0,1,34450,simian adenovirus 1,serotype,Viruses;Varidnaviria;Bamfordvirae;Preplasmiviricota;Tectiliviricetes;Rowavirales;Adenoviridae;Mastadenovirus;Human mastadenovirus G;simian adenovirus 1,10239;2732004;2732005;2732008;2732529;2732559;10508;10509;536079;310540,superkingdom;clade;kingdom;phylum;class;order;family;genus;species;serotype
332179.0,1,34250,human adenovirus 52,serotype,Viruses;Varidnaviria;Bamfordvirae;Preplasmiviricota;Tectiliviricetes;Rowavirales;Adenoviridae;Mastadenovirus;Human mastadenovirus G;human adenovirus 52,10239;2732004;2732005;2732008;2732529;2732559;10508;10509;536079;332179,superkingdom;clade;kingdom;phylum;class;order;family;genus;species;serotype
130309.0,1,34214,Human mastadenovirus F,species,Viruses;Varidnaviria;Bamfordvirae;Preplasmiviricota;Tectiliviricetes;Rowavirales;Adenoviridae;Mastadenovirus;Human mastadenovirus F,10239;2732004;2732005;2732008;2732529;2732559;10508;10509;130309,superkingdom;clade;kingdom;phylum;class;order;family;genus;species
11224.0,2,34104,Human parainfluenza virus 4a,no rank,Viruses;Riboviria;Orthornavirae;Negarnaviricota;Haploviricotina;Monjiviricetes;Mononegavirales;Paramyxoviridae;Rubulavirinae;Orthorubulavirus;Orthorubulavirus hominis;Human orthorubulavirus 4;Human parainfluenza virus 4a,10239;2559587;2732396;2497569;2497570;2497574;11157;11158;2560080;2560195;3052556;2560526;11224,superkingdom;clade;kingdom;phylum;subphylum;class;order;family;subfamily;genus;species;no rank;no rank
46839.0,13,33524,Colorado tick fever virus,no rank,Viruses;Riboviria;Orthornavirae;Duplornaviricota;Resentoviricetes;Reovirales;Spinareoviridae;Coltivirus;Colorado tick fever coltivirus;Colorado tick fever virus,10239;2559587;2732396;2732405;2732459;2732541;2946187;10911;2748762;46839,superkingdom;clade;kingdom;phylum;class;order;family;genus;species;no rank
59303.0,9,32531,Sagiyama virus,no rank,Viruses;Riboviria;Orthornavirae;Kitrinoviricota;Alsuviricetes;Martellivirales;Togaviridae;Alphavirus;Getah virus;Sagiyama virus,10239;2559587;2732396;2732406;2732461;2732544;11018;11019;59300;59303,superkingdom;clade;kingdom;phylum;class;order;family;genus;species;no rank
64320.0,3,32409,Zika virus,no rank,Viruses;Riboviria;Orthornavirae;Kitrinoviricota;Flasuviricetes;Amarillovirales;Flaviviridae;Orthoflavivirus;Orthoflavivirus zikaense;Zika virus,10239;2559587;2732396;2732406;2732462;2732545;11050;3044782;3048459;64320,superkingdom;clade;kingdom;phylum;class;order;family;genus;species;no rank
2560602.0,2,30768,Mumps orthorubulavirus,no rank,Viruses;Riboviria;Orthornavirae;Negarnaviricota;Haploviricotina;Monjiviricetes;Mononegavirales;Paramyxoviridae;Rubulavirinae;Orthorubulavirus;Orthorubulavirus parotitidis;Mumps orthorubulavirus,10239;2559587;2732396;2497569;2497570;2497574;11157;11158;2560080;2560195;3052560;2560602,superkingdom;clade;kingdom;phylum;subphylum;class;order;family;subfamily;genus;species;no rank
122928.0,4,30758,Norovirus GI,clade,Viruses;Riboviria;Orthornavirae;Pisuviricota;Pisoniviricetes;Picornavirales;Caliciviridae;Norovirus;Norwalk virus;Norovirus GI,10239;2559587;2732396;2732408;2732506;464095;11974;142786;11983;122928,superkingdom;clade;kingdom;phylum;class;order;family;genus;species;clade
1335626.0,1,30119,Middle East respiratory syndrome-related coronavirus,species,Viruses;Riboviria;Orthornavirae;Pisuviricota;Pisoniviricetes;Nidovirales;Cornidovirineae;Coronaviridae;Orthocoronavirinae;Betacoronavirus;Merbecovirus;Middle East respiratory syndrome-related coronavirus,10239;2559587;2732396;2732408;2732506;76804;2499399;11118;2501931;694002;2509494;1335626,superkingdom;clade;kingdom;phylum;class;order;suborder;family;subfamily;genus;subgenus;species
1263720.0,1,30111,Betacoronavirus England 1,no rank,Viruses;Riboviria;Orthornavirae;Pisuviricota;Pisoniviricetes;Nidovirales;Cornidovirineae;Coronaviridae;Orthocoronavirinae;Betacoronavirus;Merbecovirus;Middle East respiratory syndrome-related coronavirus;Betacoronavirus England 1,10239;2559587;2732396;2732408;2732506;76804;2499399;11118;2501931;694002;2509494;1335626;1263720,superkingdom;clade;kingdom;phylum;class;order;suborder;family;subfamily;genus;subgenus;species;no rank
290028.0,1,29926,Human coronavirus HKU1,species,Viruses;Riboviria;Orthornavirae;Pisuviricota;Pisoniviricetes;Nidovirales;Cornidovirineae;Coronaviridae;Orthocoronavirinae;Betacoronavirus;Embecovirus;Human coronavirus HKU1,10239;2559587;2732396;2732408;2732506;76804;2499399;11118;2501931;694002;2509481;290028,superkingdom;clade;kingdom;phylum;class;order;suborder;family;subfamily;genus;subgenus;species
42772.0,4,29926,Coxsackievirus A13,serotype,Viruses;Riboviria;Orthornavirae;Pisuviricota;Pisoniviricetes;Picornavirales;Picornaviridae;Ensavirinae;Enterovirus;Enterovirus C;Coxsackievirus A13,10239;2559587;2732396;2732408;2732506;464095;12058;2946630;12059;138950;42772,superkingdom;clade;kingdom;phylum;class;order;family;subfamily;genus;species;serotype
2697049.0,1,29903,Severe acute respiratory syndrome coronavirus 2,no rank,Viruses;Riboviria;Orthornavirae;Pisuviricota;Pisoniviricetes;Nidovirales;Cornidovirineae;Coronaviridae;Orthocoronavirinae;Betacoronavirus;Sarbecovirus;Severe acute respiratory syndrome-related coronavirus;Severe acute respiratory syndrome coronavirus 2,10239;2559587;2732396;2732408;2732506;76804;2499399;11118;2501931;694002;2509511;694009;2697049,superkingdom;clade;kingdom;phylum;class;order;suborder;family;subfamily;genus;subgenus;species;no rank
227984.0,1,29751,SARS coronavirus Tor2,no rank,Viruses;Riboviria;Orthornavirae;Pisuviricota;Pisoniviricetes;Nidovirales;Cornidovirineae;Coronaviridae;Orthocoronavirinae;Betacoronavirus;Sarbecovirus;Severe acute respiratory syndrome-related coronavirus;Severe acute respiratory syndrome coronavirus;SARS coronavirus Tor2,10239;2559587;2732396;2732408;2732506;76804;2499399;11118;2501931;694002;2509511;694009;2901879;227984,superkingdom;clade;kingdom;phylum;class;order;suborder;family;subfamily;genus;subgenus;species;no rank;no rank
318571.0,4,29625,Enterovirus B88,serotype,Viruses;Riboviria;Orthornavirae;Pisuviricota;Pisoniviricetes;Picornavirales;Picornaviridae;Ensavirinae;Enterovirus;Enterovirus B;Enterovirus B88,10239;2559587;2732396;2732408;2732506;464095;12058;2946630;12059;138949;318571,superkingdom;clade;kingdom;phylum;class;order;family;subfamily;genus;species;serotype
35295.0,4,29352,Echovirus E4,serotype,Viruses;Riboviria;Orthornavirae;Pisuviricota;Pisoniviricetes;Picornavirales;Picornaviridae;Ensavirinae;Enterovirus;Enterovirus B;Echovirus E4,10239;2559587;2732396;2732408;2732506;464095;12058;2946630;12059;138949;35295,superkingdom;clade;kingdom;phylum;class;order;family;subfamily;genus;species;serotype
2936928.0,12,29259,California hare coltivirus,species,Viruses;Riboviria;Orthornavirae;Duplornaviricota;Resentoviricetes;Reovirales;Spinareoviridae;Coltivirus;unclassified Coltivirus;California hare coltivirus,10239;2559587;2732396;2732405;2732459;2732541;2946187;10911;2014338;2936928,superkingdom;clade;kingdom;phylum;class;order;family;genus;no rank;species
11153.0,1,29088,Canine coronavirus,no rank,Viruses;Riboviria;Orthornavirae;Pisuviricota;Pisoniviricetes;Nidovirales;Cornidovirineae;Coronaviridae;Orthocoronavirinae;Alphacoronavirus;Tegacovirus;Alphacoronavirus 1;Canine coronavirus,10239;2559587;2732396;2732408;2732506;76804;2499399;11118;2501931;693996;2509514;693997;11153,superkingdom;clade;kingdom;phylum;class;order;suborder;family;subfamily;genus;subgenus;species;no rank
147677.0,4,28841,rhinovirus B52,serotype,Viruses;Riboviria;Orthornavirae;Pisuviricota;Pisoniviricetes;Picornavirales;Picornaviridae;Ensavirinae;Enterovirus;Rhinovirus B;rhinovirus B52,10239;2559587;2732396;2732408;2732506;464095;12058;2946630;12059;147712;147677,superkingdom;clade;kingdom;phylum;class;order;family;subfamily;genus;species;serotype
167325.0,4,28827,rhinovirus B91,serotype,Viruses;Riboviria;Orthornavirae;Pisuviricota;Pisoniviricetes;Picornavirales;Picornaviridae;Ensavirinae;Enterovirus;Rhinovirus B;rhinovirus B91,10239;2559587;2732396;2732408;2732506;464095;12058;2946630;12059;147712;167325,superkingdom;clade;kingdom;phylum;class;order;family;subfamily;genus;species;serotype
1220265.0,4,28436,rhinovirus C9,serotype,Viruses;Riboviria;Orthornavirae;Pisuviricota;Pisoniviricetes;Picornavirales;Picornaviridae;Ensavirinae;Enterovirus;Rhinovirus C;rhinovirus C9,10239;2559587;2732396;2732408;2732506;464095;12058;2946630;12059;463676;1220265,superkingdom;clade;kingdom;phylum;class;order;family;subfamily;genus;species;serotype
2777132.0,4,28386,rhinovirus C13,no rank,Viruses;Riboviria;Orthornavirae;Pisuviricota;Pisoniviricetes;Picornavirales;Picornaviridae;Ensavirinae;Enterovirus;Rhinovirus C;rhinovirus C13,10239;2559587;2732396;2732408;2732506;464095;12058;2946630;12059;463676;2777132,superkingdom;clade;kingdom;phylum;class;order;family;subfamily;genus;species;no rank
2045075.0,4,28325,rhinovirus C34,serotype,Viruses;Riboviria;Orthornavirae;Pisuviricota;Pisoniviricetes;Picornavirales;Picornaviridae;Ensavirinae;Enterovirus;Rhinovirus C;rhinovirus C34,10239;2559587;2732396;2732408;2732506;464095;12058;2946630;12059;463676;2045075,superkingdom;clade;kingdom;phylum;class;order;family;subfamily;genus;species;serotype
147684.0,4,28254,rhinovirus A12,serotype,Viruses;Riboviria;Orthornavirae;Pisuviricota;Pisoniviricetes;Picornavirales;Picornaviridae;Ensavirinae;Enterovirus;Rhinovirus A;rhinovirus A12,10239;2559587;2732396;2732408;2732506;464095;12058;2946630;12059;147711;147684,superkingdom;clade;kingdom;phylum;class;order;family;subfamily;genus;species;serotype
185893.0,4,28202,rhinovirus A13,serotype,Viruses;Riboviria;Orthornavirae;Pisuviricota;Pisoniviricetes;Picornavirales;Picornaviridae;Ensavirinae;Enterovirus;Rhinovirus A;rhinovirus A13,10239;2559587;2732396;2732408;2732506;464095;12058;2946630;12059;147711;185893,superkingdom;clade;kingdom;phylum;class;order;family;subfamily;genus;species;serotype
2777143.0,4,28201,rhinovirus A105,no rank,Viruses;Riboviria;Orthornavirae;Pisuviricota;Pisoniviricetes;Picornavirales;Picornaviridae;Ensavirinae;Enterovirus;Rhinovirus A;rhinovirus A105,10239;2559587;2732396;2732408;2732506;464095;12058;2946630;12059;147711;2777143,superkingdom;clade;kingdom;phylum;class;order;family;subfamily;genus;species;no rank
1219406.0,4,28167,rhinovirus C40,serotype,Viruses;Riboviria;Orthornavirae;Pisuviricota;Pisoniviricetes;Picornavirales;Picornaviridae;Ensavirinae;Enterovirus;Rhinovirus C;rhinovirus C40,10239;2559587;2732396;2732408;2732506;464095;12058;2946630;12059;463676;1219406,superkingdom;clade;kingdom;phylum;class;order;family;subfamily;genus;species;serotype
2777136.0,4,28088,rhinovirus B100,no rank,Viruses;Riboviria;Orthornavirae;Pisuviricota;Pisoniviricetes;Picornavirales;Picornaviridae;Ensavirinae;Enterovirus;Rhinovirus B;rhinovirus B100,10239;2559587;2732396;2732408;2732506;464095;12058;2946630;12059;147712;2777136,superkingdom;clade;kingdom;phylum;class;order;family;subfamily;genus;species;no rank
3052493.0,7,27760,Orthohantavirus puumalaense,species,Viruses;Riboviria;Orthornavirae;Negarnaviricota;Polyploviricotina;Ellioviricetes;Bunyavirales;Hantaviridae;Mammantavirinae;Orthohantavirus;Orthohantavirus puumalaense,10239;2559587;2732396;2497569;2497571;2497576;1980410;1980413;2560074;1980442;3052493,superkingdom;clade;kingdom;phylum;subphylum;class;order;family;subfamily;genus;species
11137.0,1,27317,Human coronavirus 229E,species,Viruses;Riboviria;Orthornavirae;Pisuviricota;Pisoniviricetes;Nidovirales;Cornidovirineae;Coronaviridae;Orthocoronavirinae;Alphacoronavirus;Duvinacovirus;Human coronavirus 229E,10239;2559587;2732396;2732408;2732506;76804;2499399;11118;2501931;693996;2509480;11137,superkingdom;clade;kingdom;phylum;class;order;suborder;family;subfamily;genus;subgenus;species
162145.0,2,26700,human metapneumovirus,no rank,Viruses;Riboviria;Orthornavirae;Negarnaviricota;Haploviricotina;Monjiviricetes;Mononegavirales;Pneumoviridae;Metapneumovirus;Metapneumovirus hominis;human metapneumovirus,10239;2559587;2732396;2497569;2497570;2497574;11157;11244;162387;3048148;162145,superkingdom;clade;kingdom;phylum;subphylum;class;order;family;genus;species;no rank
3052487.0,35,26620,Orthohantavirus moroense,species,Viruses;Riboviria;Orthornavirae;Negarnaviricota;Polyploviricotina;Ellioviricetes;Bunyavirales;Hantaviridae;Mammantavirinae;Orthohantavirus;Orthohantavirus moroense,10239;2559587;2732396;2497569;2497571;2497576;1980410;1980413;2560074;1980442;3052487,superkingdom;clade;kingdom;phylum;subphylum;class;order;family;subfamily;genus;species
1586324.0,1,25444,Porcine deltacoronavirus,no rank,Viruses;Riboviria;Orthornavirae;Pisuviricota;Pisoniviricetes;Nidovirales;Cornidovirineae;Coronaviridae;Orthocoronavirinae;Deltacoronavirus;Buldecovirus;Coronavirus HKU15;Porcine coronavirus HKU15;Porcine deltacoronavirus,10239;2559587;2732396;2732408;2732506;76804;2499399;11118;2501931;1159901;2509474;1965089;1159905;1586324,superkingdom;clade;kingdom;phylum;class;order;suborder;family;subfamily;genus;subgenus;species;no rank;no rank
211977.0,3,25189,Lyssavirus aravan,species,Viruses;Riboviria;Orthornavirae;Negarnaviricota;Haploviricotina;Monjiviricetes;Mononegavirales;Rhabdoviridae;Alpharhabdovirinae;Lyssavirus;Lyssavirus aravan,10239;2559587;2732396;2497569;2497570;2497574;11157;11270;2842407;11286;211977,superkingdom;clade;kingdom;phylum;subphylum;class;order;family;subfamily;genus;species
3052518.0,5,24954,Orthonairovirus haemorrhagiae,species,Viruses;Riboviria;Orthornavirae;Negarnaviricota;Polyploviricotina;Ellioviricetes;Bunyavirales;Nairoviridae;Orthonairovirus;Orthonairovirus haemorrhagiae,10239;2559587;2732396;2497569;2497571;2497576;1980410;1980415;1980517;3052518,superkingdom;clade;kingdom;phylum;subphylum;class;order;family;genus;species
3052499.0,6,24635,Orthohantavirus sinnombreense,species,Viruses;Riboviria;Orthornavirae;Negarnaviricota;Polyploviricotina;Ellioviricetes;Bunyavirales;Hantaviridae;Mammantavirinae;Orthohantavirus;Orthohantavirus sinnombreense,10239;2559587;2732396;2497569;2497571;2497576;1980410;1980413;2560074;1980442;3052499,superkingdom;clade;kingdom;phylum;subphylum;class;order;family;subfamily;genus;species
943342.0,6,24616,Eothenomys miletus hantavirus LX309,no rank,Viruses;Riboviria;Orthornavirae;Negarnaviricota;Polyploviricotina;Ellioviricetes;Bunyavirales;Hantaviridae;Mammantavirinae;Orthohantavirus;Orthohantavirus luxiense;Eothenomys miletus hantavirus LX309,10239;2559587;2732396;2497569;2497571;2497576;1980410;1980413;2560074;1980442;3052484;943342,superkingdom;clade;kingdom;phylum;subphylum;class;order;family;subfamily;genus;species;no rank
3052303.0,5,24035,Mammarenavirus choriomeningitidis,species,Viruses;Riboviria;Orthornavirae;Negarnaviricota;Polyploviricotina;Ellioviricetes;Bunyavirales;Arenaviridae;Mammarenavirus;Mammarenavirus choriomeningitidis,10239;2559587;2732396;2497569;2497571;2497576;1980410;11617;1653394;3052303,superkingdom;clade;kingdom;phylum;subphylum;class;order;family;genus;species
237716.0,2,23806,Lyssavirus khujand,species,Viruses;Riboviria;Orthornavirae;Negarnaviricota;Haploviricotina;Monjiviricetes;Mononegavirales;Rhabdoviridae;Alpharhabdovirinae;Lyssavirus;Lyssavirus khujand,10239;2559587;2732396;2497569;2497570;2497574;11157;11270;2842407;11286;237716,superkingdom;clade;kingdom;phylum;subphylum;class;order;family;subfamily;genus;species
1985367.0,11,23762,Gemykrogvirus,genus,Viruses;Monodnaviria;Shotokuvirae;Cressdnaviricota;Repensiviricetes;Geplafuvirales;Genomoviridae;Gemykrogvirus,10239;2731342;2732092;2732416;2732424;2732539;1910928;1985367,superkingdom;clade;kingdom;phylum;class;order;family;genus
90961.0,2,23740,Lyssavirus australis,species,Viruses;Riboviria;Orthornavirae;Negarnaviricota;Haploviricotina;Monjiviricetes;Mononegavirales;Rhabdoviridae;Alpharhabdovirinae;Lyssavirus;Lyssavirus australis,10239;2559587;2732396;2497569;2497570;2497574;11157;11270;2842407;11286;90961,superkingdom;clade;kingdom;phylum;subphylum;class;order;family;subfamily;genus;species
11029.0,2,23605,Ross River virus,species,Viruses;Riboviria;Orthornavirae;Kitrinoviricota;Alsuviricetes;Martellivirales;Togaviridae;Alphavirus;Ross River virus,10239;2559587;2732396;2732406;2732461;2732544;11018;11019;11029,superkingdom;clade;kingdom;phylum;class;order;family;genus;species
1048856.0,6,23585,Sand fever Naples-like virus,no rank,Viruses;Riboviria;Orthornavirae;Negarnaviricota;Polyploviricotina;Ellioviricetes;Bunyavirales;Phenuiviridae;Phlebovirus;Sandfly fever Naples phlebovirus;Sand fever Naples-like virus,10239;2559587;2732396;2497569;2497571;2497576;1980410;1980418;11584;1933189;1048856,superkingdom;clade;kingdom;phylum;subphylum;class;order;family;genus;species;no rank
10886.0,10,23570,Mammalian orthoreovirus 3 Dearing,no rank,Viruses;Riboviria;Orthornavirae;Duplornaviricota;Resentoviricetes;Reovirales;Spinareoviridae;Orthoreovirus;Mammalian orthoreovirus;Mammalian orthoreovirus 3;Mammalian orthoreovirus 3 Dearing,10239;2559587;2732396;2732405;2732459;2732541;2946187;10882;351073;538123;10886,superkingdom;clade;kingdom;phylum;class;order;family;genus;species;no rank;no rank
11021.0,2,23378,Eastern equine encephalitis virus,species,Viruses;Riboviria;Orthornavirae;Kitrinoviricota;Alsuviricetes;Martellivirales;Togaviridae;Alphavirus;Eastern equine encephalitis virus,10239;2559587;2732396;2732406;2732461;2732544;11018;11019;11021,superkingdom;clade;kingdom;phylum;class;order;family;genus;species
1903427.0,2,23304,Gambie virus,no rank,Viruses;Riboviria;Orthornavirae;Negarnaviricota;Haploviricotina;Monjiviricetes;Mononegavirales;Xinmoviridae;Gambievirus;Gambievirus senegalense;Gambie virus,10239;2559587;2732396;2497569;2497570;2497574;11157;2501985;2948716;2955926;1903427,superkingdom;clade;kingdom;phylum;subphylum;class;order;family;genus;species;no rank
11034.0,2,23257,Sindbis virus,species,Viruses;Riboviria;Orthornavirae;Kitrinoviricota;Alsuviricetes;Martellivirales;Togaviridae;Alphavirus;Sindbis virus,10239;2559587;2732396;2732406;2732461;2732544;11018;11019;11034,superkingdom;clade;kingdom;phylum;class;order;family;genus;species
11033.0,2,23140,Semliki Forest virus,species,Viruses;Riboviria;Orthornavirae;Kitrinoviricota;Alsuviricetes;Martellivirales;Togaviridae;Alphavirus;Semliki Forest virus,10239;2559587;2732396;2732406;2732461;2732544;11018;11019;11033,superkingdom;clade;kingdom;phylum;class;order;family;genus;species
35293.0,4,23135,Echovirus E12,serotype,Viruses;Riboviria;Orthornavirae;Pisuviricota;Pisoniviricetes;Picornavirales;Picornaviridae;Ensavirinae;Enterovirus;Enterovirus B;Echovirus E12,10239;2559587;2732396;2732408;2732506;464095;12058;2946630;12059;138949;35293,superkingdom;clade;kingdom;phylum;class;order;family;subfamily;genus;species;serotype
1216928.0,6,23079,Heartland virus,no rank,Viruses;Riboviria;Orthornavirae;Negarnaviricota;Polyploviricotina;Ellioviricetes;Bunyavirales;Phenuiviridae;Bandavirus;Bandavirus heartlandense;Heartland virus,10239;2559587;2732396;2497569;2497571;2497576;1980410;1980418;2733256;3051992;1216928,superkingdom;clade;kingdom;phylum;subphylum;class;order;family;genus;species;no rank
119756.0,9,23056,Rhesus macaque parvovirus,no rank,Viruses;Monodnaviria;Shotokuvirae;Cossaviricota;Quintoviricetes;Piccovirales;Parvoviridae;Parvovirinae;Erythroparvovirus;Erythroparvovirus primate3;Rhesus macaque parvovirus,10239;2731342;2732092;2732415;2732422;2732534;10780;40119;40121;3052191;119756,superkingdom;clade;kingdom;phylum;class;order;family;subfamily;genus;species;no rank
11039.0,2,22994,Western equine encephalitis virus,species,Viruses;Riboviria;Orthornavirae;Kitrinoviricota;Alsuviricetes;Martellivirales;Togaviridae;Alphavirus;Western equine encephalitis virus,10239;2559587;2732396;2732406;2732461;2732544;11018;11019;11039,superkingdom;clade;kingdom;phylum;class;order;family;genus;species
11020.0,2,22968,Barmah Forest virus,species,Viruses;Riboviria;Orthornavirae;Kitrinoviricota;Alsuviricetes;Martellivirales;Togaviridae;Alphavirus;Barmah Forest virus,10239;2559587;2732396;2732406;2732461;2732544;11018;11019;11020,superkingdom;clade;kingdom;phylum;class;order;family;genus;species
11036.0,2,22856,Venezuelan equine encephalitis virus,species,Viruses;Riboviria;Orthornavirae;Kitrinoviricota;Alsuviricetes;Martellivirales;Togaviridae;Alphavirus;Venezuelan equine encephalitis virus,10239;2559587;2732396;2732406;2732461;2732544;11018;11019;11036,superkingdom;clade;kingdom;phylum;class;order;family;genus;species
59301.0,2,22787,Mayaro virus,species,Viruses;Riboviria;Orthornavirae;Kitrinoviricota;Alsuviricetes;Martellivirales;Togaviridae;Alphavirus;Mayaro virus,10239;2559587;2732396;2732406;2732461;2732544;11018;11019;59301,superkingdom;clade;kingdom;phylum;class;order;family;genus;species
40058.0,11,22650,Orungo virus,species,Viruses;Riboviria;Orthornavirae;Duplornaviricota;Resentoviricetes;Reovirales;Sedoreoviridae;Orbivirus;Orungo virus,10239;2559587;2732396;2732405;2732459;2732541;2946186;10892;40058,superkingdom;clade;kingdom;phylum;class;order;family;genus;species
122929.0,3,22613,Norovirus GII,clade,Viruses;Riboviria;Orthornavirae;Pisuviricota;Pisoniviricetes;Picornavirales;Caliciviridae;Norovirus;Norwalk virus;Norovirus GII,10239;2559587;2732396;2732408;2732506;464095;11974;142786;11983;122929,superkingdom;clade;kingdom;phylum;class;order;family;genus;species;clade
42770.0,3,22427,Coxsackievirus A11,serotype,Viruses;Riboviria;Orthornavirae;Pisuviricota;Pisoniviricetes;Picornavirales;Picornaviridae;Ensavirinae;Enterovirus;Enterovirus C;Coxsackievirus A11,10239;2559587;2732396;2732408;2732506;464095;12058;2946630;12059;138950;42770,superkingdom;clade;kingdom;phylum;class;order;family;subfamily;genus;species;serotype
47504.0,3,22283,Echovirus E16,serotype,Viruses;Riboviria;Orthornavirae;Pisuviricota;Pisoniviricetes;Picornavirales;Picornaviridae;Ensavirinae;Enterovirus;Enterovirus B;Echovirus E16,10239;2559587;2732396;2732408;2732506;464095;12058;2946630;12059;138949;47504,superkingdom;clade;kingdom;phylum;class;order;family;subfamily;genus;species;serotype
991902.0,3,22265,Enterovirus B93,serotype,Viruses;Riboviria;Orthornavirae;Pisuviricota;Pisoniviricetes;Picornavirales;Picornaviridae;Ensavirinae;Enterovirus;Enterovirus B;Enterovirus B93,10239;2559587;2732396;2732408;2732506;464095;12058;2946630;12059;138949;991902,superkingdom;clade;kingdom;phylum;class;order;family;subfamily;genus;species;serotype
42787.0,3,22209,Coxsackievirus A7,serotype,Viruses;Riboviria;Orthornavirae;Pisuviricota;Pisoniviricetes;Picornavirales;Picornaviridae;Ensavirinae;Enterovirus;Enterovirus A;Coxsackievirus A7,10239;2559587;2732396;2732408;2732506;464095;12058;2946630;12059;138948;42787,superkingdom;clade;kingdom;phylum;class;order;family;subfamily;genus;species;serotype
42779.0,3,22191,Coxsackievirus A1,serotype,Viruses;Riboviria;Orthornavirae;Pisuviricota;Pisoniviricetes;Picornavirales;Picornaviridae;Ensavirinae;Enterovirus;Enterovirus C;Coxsackievirus A1,10239;2559587;2732396;2732408;2732506;464095;12058;2946630;12059;138950;42779,superkingdom;clade;kingdom;phylum;class;order;family;subfamily;genus;species;serotype
11084.0,2,22127,Tick-borne encephalitis virus,no rank,Viruses;Riboviria;Orthornavirae;Kitrinoviricota;Flasuviricetes;Amarillovirales;Flaviviridae;Orthoflavivirus;Orthoflavivirus encephalitidis;Tick-borne encephalitis virus,10239;2559587;2732396;2732406;2732462;2732545;11050;3044782;3052465;11084,superkingdom;clade;kingdom;phylum;class;order;family;genus;species;no rank
2760819.0,3,22090,enterovirus C117,no rank,Viruses;Riboviria;Orthornavirae;Pisuviricota;Pisoniviricetes;Picornavirales;Picornaviridae;Ensavirinae;Enterovirus;Enterovirus C;enterovirus C117,10239;2559587;2732396;2732408;2732506;464095;12058;2946630;12059;138950;2760819,superkingdom;clade;kingdom;phylum;class;order;family;subfamily;genus;species;no rank
2760820.0,3,22088,enterovirus C118,no rank,Viruses;Riboviria;Orthornavirae;Pisuviricota;Pisoniviricetes;Picornavirales;Picornaviridae;Ensavirinae;Enterovirus;Enterovirus C;enterovirus C118,10239;2559587;2732396;2732408;2732506;464095;12058;2946630;12059;138950;2760820,superkingdom;clade;kingdom;phylum;class;order;family;subfamily;genus;species;no rank
42783.0,3,22044,Coxsackievirus A22,serotype,Viruses;Riboviria;Orthornavirae;Pisuviricota;Pisoniviricetes;Picornavirales;Picornaviridae;Ensavirinae;Enterovirus;Enterovirus C;Coxsackievirus A22,10239;2559587;2732396;2732408;2732506;464095;12058;2946630;12059;138950;42783,superkingdom;clade;kingdom;phylum;class;order;family;subfamily;genus;species;serotype
11079.0,2,22026,Murray Valley encephalitis virus,no rank,Viruses;Riboviria;Orthornavirae;Kitrinoviricota;Flasuviricetes;Amarillovirales;Flaviviridae;Orthoflavivirus;Orthoflavivirus murrayense;Murray Valley encephalitis virus,10239;2559587;2732396;2732406;2732462;2732545;11050;3044782;3048215;11079,superkingdom;clade;kingdom;phylum;class;order;family;genus;species;no rank
861519.0,3,22017,Enterovirus C109,serotype,Viruses;Riboviria;Orthornavirae;Pisuviricota;Pisoniviricetes;Picornavirales;Picornaviridae;Ensavirinae;Enterovirus;Enterovirus C;Enterovirus C109,10239;2559587;2732396;2732408;2732506;464095;12058;2946630;12059;138950;861519,superkingdom;clade;kingdom;phylum;class;order;family;subfamily;genus;species;serotype
11082.0,2,21934,West Nile virus,no rank,Viruses;Riboviria;Orthornavirae;Kitrinoviricota;Flasuviricetes;Amarillovirales;Flaviviridae;Orthoflavivirus;Orthoflavivirus nilense;West Nile virus,10239;2559587;2732396;2732406;2732462;2732545;11050;3044782;3048448;11082,superkingdom;clade;kingdom;phylum;class;order;family;genus;species;no rank
11072.0,2,21918,Japanese encephalitis virus,no rank,Viruses;Riboviria;Orthornavirae;Kitrinoviricota;Flasuviricetes;Amarillovirales;Flaviviridae;Orthoflavivirus;Orthoflavivirus japonicum;Japanese encephalitis virus,10239;2559587;2732396;2732406;2732462;2732545;11050;3044782;3048158;11072,superkingdom;clade;kingdom;phylum;class;order;family;genus;species;no rank
11080.0,2,21879,St. Louis encephalitis virus,no rank,Viruses;Riboviria;Orthornavirae;Kitrinoviricota;Flasuviricetes;Amarillovirales;Flaviviridae;Orthoflavivirus;Orthoflavivirus louisense;St. Louis encephalitis virus,10239;2559587;2732396;2732406;2732462;2732545;11050;3044782;3052468;11080,superkingdom;clade;kingdom;phylum;class;order;family;genus;species;no rank
11089.0,2,21685,Yellow fever virus,no rank,Viruses;Riboviria;Orthornavirae;Kitrinoviricota;Flasuviricetes;Amarillovirales;Flaviviridae;Orthoflavivirus;Orthoflavivirus flavi;Yellow fever virus,10239;2559587;2732396;2732406;2732462;2732545;11050;3044782;3046277;11089,superkingdom;clade;kingdom;phylum;class;order;family;genus;species;no rank
12131.0,3,21532,rhinovirus B14,serotype,Viruses;Riboviria;Orthornavirae;Pisuviricota;Pisoniviricetes;Picornavirales;Picornaviridae;Ensavirinae;Enterovirus;Rhinovirus B;rhinovirus B14,10239;2559587;2732396;2732408;2732506;464095;12058;2946630;12059;147712;12131,superkingdom;clade;kingdom;phylum;class;order;family;subfamily;genus;species;serotype
185937.0,3,21399,rhinovirus A85,serotype,Viruses;Riboviria;Orthornavirae;Pisuviricota;Pisoniviricetes;Picornavirales;Picornaviridae;Ensavirinae;Enterovirus;Rhinovirus A;rhinovirus A85,10239;2559587;2732396;2732408;2732506;464095;12058;2946630;12059;147711;185937,superkingdom;clade;kingdom;phylum;class;order;family;subfamily;genus;species;serotype
185935.0,3,21382,Rhinovirus A81,serotype,Viruses;Riboviria;Orthornavirae;Pisuviricota;Pisoniviricetes;Picornavirales;Picornaviridae;Ensavirinae;Enterovirus;Rhinovirus A;Rhinovirus A81,10239;2559587;2732396;2732408;2732506;464095;12058;2946630;12059;147711;185935,superkingdom;clade;kingdom;phylum;class;order;family;subfamily;genus;species;serotype
2555550.0,3,21348,rhinovirus C55,serotype,Viruses;Riboviria;Orthornavirae;Pisuviricota;Pisoniviricetes;Picornavirales;Picornaviridae;Ensavirinae;Enterovirus;Rhinovirus C;rhinovirus C55,10239;2559587;2732396;2732408;2732506;464095;12058;2946630;12059;463676;2555550,superkingdom;clade;kingdom;phylum;class;order;family;subfamily;genus;species;serotype
185938.0,3,21307,rhinovirus B86,serotype,Viruses;Riboviria;Orthornavirae;Pisuviricota;Pisoniviricetes;Picornavirales;Picornaviridae;Ensavirinae;Enterovirus;Rhinovirus B;rhinovirus B86,10239;2559587;2732396;2732408;2732506;464095;12058;2946630;12059;147712;185938,superkingdom;clade;kingdom;phylum;class;order;family;subfamily;genus;species;serotype
2010246.0,4,21292,Souris virus,no rank,Viruses;Riboviria;Orthornavirae;Negarnaviricota;Polyploviricotina;Ellioviricetes;Bunyavirales;Arenaviridae;Mammarenavirus;Mammarenavirus cameroonense;Souris virus,10239;2559587;2732396;2497569;2497571;2497576;1980410;11617;1653394;3052301;2010246,superkingdom;clade;kingdom;phylum;subphylum;class;order;family;genus;species;no rank
185941.0,3,21165,rhinovirus A94,serotype,Viruses;Riboviria;Orthornavirae;Pisuviricota;Pisoniviricetes;Picornavirales;Picornaviridae;Ensavirinae;Enterovirus;Rhinovirus A;rhinovirus A94,10239;2559587;2732396;2732408;2732506;464095;12058;2946630;12059;147711;185941,superkingdom;clade;kingdom;phylum;class;order;family;subfamily;genus;species;serotype
185913.0,3,21076,rhinovirus A53,serotype,Viruses;Riboviria;Orthornavirae;Pisuviricota;Pisoniviricetes;Picornavirales;Picornaviridae;Ensavirinae;Enterovirus;Rhinovirus A;rhinovirus A53,10239;2559587;2732396;2732408;2732506;464095;12058;2946630;12059;147711;185913,superkingdom;clade;kingdom;phylum;class;order;family;subfamily;genus;species;serotype
185926.0,3,21035,rhinovirus B70,serotype,Viruses;Riboviria;Orthornavirae;Pisuviricota;Pisoniviricetes;Picornavirales;Picornaviridae;Ensavirinae;Enterovirus;Rhinovirus B;rhinovirus B70,10239;2559587;2732396;2732408;2732506;464095;12058;2946630;12059;147712;185926,superkingdom;clade;kingdom;phylum;class;order;family;subfamily;genus;species;serotype
2045073.0,3,20967,rhinovirus C31,serotype,Viruses;Riboviria;Orthornavirae;Pisuviricota;Pisoniviricetes;Picornavirales;Picornaviridae;Ensavirinae;Enterovirus;Rhinovirus C;rhinovirus C31,10239;2559587;2732396;2732408;2732506;464095;12058;2946630;12059;463676;2045073,superkingdom;clade;kingdom;phylum;class;order;family;subfamily;genus;species;serotype
1678143.0,3,20869,Paslahepevirus balayani,species,Viruses;Riboviria;Orthornavirae;Kitrinoviricota;Alsuviricetes;Hepelivirales;Hepeviridae;Orthohepevirinae;Paslahepevirus;Paslahepevirus balayani,10239;2559587;2732396;2732406;2732461;2732543;3079366;2946639;2948857;1678143,superkingdom;clade;kingdom;phylum;class;order;family;subfamily;genus;species
649604.0,12,20682,Banna virus strain JKT-6423,no rank,Viruses;Riboviria;Orthornavirae;Duplornaviricota;Resentoviricetes;Reovirales;Sedoreoviridae;Seadornavirus;Seadornavirus bannaense;Banna virus;Banna virus strain JKT-6423,10239;2559587;2732396;2732405;2732459;2732541;2946186;208294;3240447;77763;649604,superkingdom;clade;kingdom;phylum;class;order;family;genus;species;no rank;no rank
284593.0,1,20063,Nakaseomyces glabratus CBS 138,strain,cellular organisms;Eukaryota;Opisthokonta;Fungi;Dikarya;Ascomycota;saccharomyceta;Saccharomycotina;Saccharomycetes;Saccharomycetales;Saccharomycetaceae;Nakaseomyces;Nakaseomyces glabratus;Nakaseomyces glabratus CBS 138,131567;2759;33154;4751;451864;4890;716545;147537;4891;4892;4893;374468;5478;284593,no rank;superkingdom;clade;kingdom;subkingdom;phylum;clade;subphylum;class;order;family;genus;species;strain
28875.0,12,20050,Rotavirus A,species,Viruses;Riboviria;Orthornavirae;Duplornaviricota;Resentoviricetes;Reovirales;Sedoreoviridae;Rotavirus;Rotavirus A,10239;2559587;2732396;2732405;2732459;2732541;2946186;10912;28875,superkingdom;clade;kingdom;phylum;class;order;family;genus;species
3052490.0,8,19979,Orthohantavirus nigrorivense,species,Viruses;Riboviria;Orthornavirae;Negarnaviricota;Polyploviricotina;Ellioviricetes;Bunyavirales;Hantaviridae;Mammantavirinae;Orthohantavirus;Orthohantavirus nigrorivense,10239;2559587;2732396;2497569;2497571;2497576;1980410;1980413;2560074;1980442;3052490,superkingdom;clade;kingdom;phylum;subphylum;class;order;family;subfamily;genus;species
11041.0,2,19523,Rubella virus,no rank,Viruses;Riboviria;Orthornavirae;Kitrinoviricota;Alsuviricetes;Hepelivirales;Matonaviridae;Rubivirus;Rubivirus rubellae;Rubella virus,10239;2559587;2732396;2732406;2732461;2732543;2560066;11040;2846071;11041,superkingdom;clade;kingdom;phylum;class;order;family;genus;species;no rank
3052610.0,2,19203,Pegivirus platyrrhini,species,Viruses;Riboviria;Orthornavirae;Kitrinoviricota;Flasuviricetes;Amarillovirales;Flaviviridae;Pegivirus;Pegivirus platyrrhini,10239;2559587;2732396;2732406;2732462;2732545;11050;1307799;3052610,superkingdom;clade;kingdom;phylum;class;order;family;genus;species
186538.0,1,18959,Zaire ebolavirus,no rank,Viruses;Riboviria;Orthornavirae;Negarnaviricota;Haploviricotina;Monjiviricetes;Mononegavirales;Filoviridae;Orthoebolavirus;Orthoebolavirus zairense;Zaire ebolavirus,10239;2559587;2732396;2497569;2497570;2497574;11157;11266;3044781;3052462;186538,superkingdom;clade;kingdom;phylum;subphylum;class;order;family;genus;species;no rank
1570291.0,1,18957,Ebola virus,no rank,Viruses;Riboviria;Orthornavirae;Negarnaviricota;Haploviricotina;Monjiviricetes;Mononegavirales;Filoviridae;Orthoebolavirus;Orthoebolavirus zairense;Zaire ebolavirus;Ebola virus,10239;2559587;2732396;2497569;2497570;2497574;11157;11266;3044781;3052462;186538;1570291,superkingdom;clade;kingdom;phylum;subphylum;class;order;family;genus;species;no rank;no rank
565995.0,1,18940,Bundibugyo virus,no rank,Viruses;Riboviria;Orthornavirae;Negarnaviricota;Haploviricotina;Monjiviricetes;Mononegavirales;Filoviridae;Orthoebolavirus;Orthoebolavirus bundibugyoense;Bundibugyo virus,10239;2559587;2732396;2497569;2497570;2497574;11157;11266;3044781;3052458;565995,superkingdom;clade;kingdom;phylum;subphylum;class;order;family;genus;species;no rank
186541.0,1,18935,Tai Forest ebolavirus,no rank,Viruses;Riboviria;Orthornavirae;Negarnaviricota;Haploviricotina;Monjiviricetes;Mononegavirales;Filoviridae;Orthoebolavirus;Orthoebolavirus taiense;Tai Forest ebolavirus,10239;2559587;2732396;2497569;2497570;2497574;11157;11266;3044781;3052461;186541,superkingdom;clade;kingdom;phylum;subphylum;class;order;family;genus;species;no rank
186539.0,1,18883,Reston ebolavirus,no rank,Viruses;Riboviria;Orthornavirae;Negarnaviricota;Haploviricotina;Monjiviricetes;Mononegavirales;Filoviridae;Orthoebolavirus;Orthoebolavirus restonense;Reston ebolavirus,10239;2559587;2732396;2497569;2497570;2497574;11157;11266;3044781;3052459;186539,superkingdom;clade;kingdom;phylum;subphylum;class;order;family;genus;species;no rank
186540.0,1,18875,Sudan ebolavirus,no rank,Viruses;Riboviria;Orthornavirae;Negarnaviricota;Haploviricotina;Monjiviricetes;Mononegavirales;Filoviridae;Orthoebolavirus;Orthoebolavirus sudanense;Sudan ebolavirus,10239;2559587;2732396;2497569;2497570;2497574;11157;11266;3044781;3052460;186540,superkingdom;clade;kingdom;phylum;subphylum;class;order;family;genus;species;no rank
3052514.0,3,18859,Orthonairovirus dugbeense,species,Viruses;Riboviria;Orthornavirae;Negarnaviricota;Polyploviricotina;Ellioviricetes;Bunyavirales;Nairoviridae;Orthonairovirus;Orthonairovirus dugbeense,10239;2559587;2732396;2497569;2497571;2497576;1980410;1980415;1980517;3052514,superkingdom;clade;kingdom;phylum;subphylum;class;order;family;genus;species
2304647.0,2,18570,Beiji nairovirus,species,Viruses;Riboviria;Orthornavirae;Negarnaviricota;Polyploviricotina;Ellioviricetes;Bunyavirales;Nairoviridae;Orthonairovirus;unclassified Nairovirus;Beiji nairovirus,10239;2559587;2732396;2497569;2497571;2497576;1980410;1980415;1980517;1340802;2304647,superkingdom;clade;kingdom;phylum;subphylum;class;order;family;genus;no rank;species
3052498.0,4,18406,Orthohantavirus seoulense,species,Viruses;Riboviria;Orthornavirae;Negarnaviricota;Polyploviricotina;Ellioviricetes;Bunyavirales;Hantaviridae;Mammantavirinae;Orthohantavirus;Orthohantavirus seoulense,10239;2559587;2732396;2497569;2497571;2497576;1980410;1980413;2560074;1980442;3052498,superkingdom;clade;kingdom;phylum;subphylum;class;order;family;subfamily;genus;species
2971765.0,1,18402,Langya virus,species,Viruses;Riboviria;Orthornavirae;Negarnaviricota;Haploviricotina;Monjiviricetes;Mononegavirales;Paramyxoviridae;Orthoparamyxovirinae;Henipavirus;unclassified Henipavirus;Langya virus,10239;2559587;2732396;2497569;2497570;2497574;11157;11158;2560076;260964;665602;2971765,superkingdom;clade;kingdom;phylum;subphylum;class;order;family;subfamily;genus;no rank;species
3052477.0,4,18373,Orthohantavirus dobravaense,species,Viruses;Riboviria;Orthornavirae;Negarnaviricota;Polyploviricotina;Ellioviricetes;Bunyavirales;Hantaviridae;Mammantavirinae;Orthohantavirus;Orthohantavirus dobravaense,10239;2559587;2732396;2497569;2497571;2497576;1980410;1980413;2560074;1980442;3052477,superkingdom;clade;kingdom;phylum;subphylum;class;order;family;subfamily;genus;species
2825847.0,3,18127,Yezo virus,no rank,Viruses;Riboviria;Orthornavirae;Negarnaviricota;Polyploviricotina;Ellioviricetes;Bunyavirales;Nairoviridae;Orthonairovirus;Orthonairovirus yezoense;Yezo virus,10239;2559587;2732396;2497569;2497571;2497576;1980410;1980415;1980517;3060506;2825847,superkingdom;clade;kingdom;phylum;subphylum;class;order;family;genus;species;no rank
36427.0,11,17910,Rotavirus C,species,Viruses;Riboviria;Orthornavirae;Duplornaviricota;Resentoviricetes;Reovirales;Sedoreoviridae;Rotavirus;Rotavirus C,10239;2559587;2732396;2732405;2732459;2732541;2946186;10912;36427,superkingdom;clade;kingdom;phylum;class;order;family;genus;species
3052317.0,3,17810,Mammarenavirus machupoense,species,Viruses;Riboviria;Orthornavirae;Negarnaviricota;Polyploviricotina;Ellioviricetes;Bunyavirales;Arenaviridae;Mammarenavirus;Mammarenavirus machupoense,10239;2559587;2732396;2497569;2497571;2497576;1980410;11617;1653394;3052317,superkingdom;clade;kingdom;phylum;subphylum;class;order;family;genus;species
11908.0,2,17575,Human T-cell leukemia virus type I,no rank,Viruses;Riboviria;Pararnavirae;Artverviricota;Revtraviricetes;Ortervirales;Retroviridae;Orthoretrovirinae;Deltaretrovirus;Primate T-lymphotropic virus 1;Human T-cell leukemia virus type I,10239;2559587;2732397;2732409;2732514;2169561;11632;327045;153136;194440;11908,superkingdom;clade;kingdom;phylum;class;order;family;subfamily;genus;species;no rank
80942.0,4,16609,Batai virus,no rank,Viruses;Riboviria;Orthornavirae;Negarnaviricota;Polyploviricotina;Ellioviricetes;Bunyavirales;Peribunyaviridae;Orthobunyavirus;Orthobunyavirus bataiense;Batai virus,10239;2559587;2732396;2497569;2497571;2497576;1980410;1980416;11572;3052371;80942,superkingdom;clade;kingdom;phylum;subphylum;class;order;family;genus;species;no rank
398316.0,16,16526,Arbia virus,no rank,Viruses;Riboviria;Orthornavirae;Negarnaviricota;Polyploviricotina;Ellioviricetes;Bunyavirales;Phenuiviridae;Phlebovirus;Sandfly fever Naples phlebovirus;Arbia virus,10239;2559587;2732396;2497569;2497571;2497576;1980410;1980418;11584;1933189;398316,superkingdom;clade;kingdom;phylum;subphylum;class;order;family;genus;species;no rank
11234.0,1,15894,Measles morbillivirus,no rank,Viruses;Riboviria;Orthornavirae;Negarnaviricota;Haploviricotina;Monjiviricetes;Mononegavirales;Paramyxoviridae;Orthoparamyxovirinae;Morbillivirus;Morbillivirus hominis;Measles morbillivirus,10239;2559587;2732396;2497569;2497570;2497574;11157;11158;2560076;11229;3052345;11234,superkingdom;clade;kingdom;phylum;subphylum;class;order;family;subfamily;genus;species;no rank
2560525.0,1,15646,Human orthorubulavirus 2,no rank,Viruses;Riboviria;Orthornavirae;Negarnaviricota;Haploviricotina;Monjiviricetes;Mononegavirales;Paramyxoviridae;Rubulavirinae;Orthorubulavirus;Orthorubulavirus laryngotracheitidis;Human orthorubulavirus 2,10239;2559587;2732396;2497569;2497570;2497574;11157;11158;2560080;2560195;3052557;2560525,superkingdom;clade;kingdom;phylum;subphylum;class;order;family;subfamily;genus;species;no rank
47508.0,3,15636,Echovirus E20,serotype,Viruses;Riboviria;Orthornavirae;Pisuviricota;Pisoniviricetes;Picornavirales;Picornaviridae;Ensavirinae;Enterovirus;Enterovirus B;Echovirus E20,10239;2559587;2732396;2732408;2732506;464095;12058;2946630;12059;138949;47508,superkingdom;clade;kingdom;phylum;class;order;family;subfamily;genus;species;serotype
1000586.0,9,15604,Carrizal virus,no rank,Viruses;Riboviria;Orthornavirae;Negarnaviricota;Polyploviricotina;Ellioviricetes;Bunyavirales;Hantaviridae;Mammantavirinae;Orthohantavirus;Orthohantavirus moroense;Carrizal virus,10239;2559587;2732396;2497569;2497571;2497576;1980410;1980413;2560074;1980442;3052487;1000586,superkingdom;clade;kingdom;phylum;subphylum;class;order;family;subfamily;genus;species;no rank
12730.0,1,15600,Human respirovirus 1,no rank,Viruses;Riboviria;Orthornavirae;Negarnaviricota;Haploviricotina;Monjiviricetes;Mononegavirales;Paramyxoviridae;Feraresvirinae;Respirovirus;Respirovirus laryngotracheitidis;Human respirovirus 1,10239;2559587;2732396;2497569;2497570;2497574;11157;11158;3152209;186938;3049952;12730,superkingdom;clade;kingdom;phylum;subphylum;class;order;family;subfamily;genus;species;no rank
1452514.0,1,15480,Sosuga virus,no rank,Viruses;Riboviria;Orthornavirae;Negarnaviricota;Haploviricotina;Monjiviricetes;Mononegavirales;Paramyxoviridae;Rubulavirinae;Pararubulavirus;Pararubulavirus sosugaense;Sosuga virus,10239;2559587;2732396;2497569;2497570;2497574;11157;11158;2560080;2560200;3052600;1452514,superkingdom;clade;kingdom;phylum;subphylum;class;order;family;subfamily;genus;species;no rank
2905673.0,1,15246,parainfluenza virus 5,no rank,Viruses;Riboviria;Orthornavirae;Negarnaviricota;Haploviricotina;Monjiviricetes;Mononegavirales;Paramyxoviridae;Rubulavirinae;Orthorubulavirus;Orthorubulavirus mammalis;parainfluenza virus 5,10239;2559587;2732396;2497569;2497570;2497574;11157;11158;2560080;2560195;3052558;2905673,superkingdom;clade;kingdom;phylum;subphylum;class;order;family;subfamily;genus;species;no rank
2560319.0,1,15188,avian paramyxovirus 1,no rank,Viruses;Riboviria;Orthornavirae;Negarnaviricota;Haploviricotina;Monjiviricetes;Mononegavirales;Paramyxoviridae;Avulavirinae;Orthoavulavirus;Orthoavulavirus javaense;avian paramyxovirus 1,10239;2559587;2732396;2497569;2497570;2497574;11157;11158;2560069;2560194;3051375;2560319,superkingdom;clade;kingdom;phylum;subphylum;class;order;family;subfamily;genus;species;no rank
262897.0,2,14946,Norovirus GIV,clade,Viruses;Riboviria;Orthornavirae;Pisuviricota;Pisoniviricetes;Picornavirales;Caliciviridae;Norovirus;Norwalk virus;Norovirus GIV,10239;2559587;2732396;2732408;2732506;464095;11974;142786;11983;262897,superkingdom;clade;kingdom;phylum;class;order;family;genus;species;clade
42775.0,2,14942,Coxsackievirus A17,serotype,Viruses;Riboviria;Orthornavirae;Pisuviricota;Pisoniviricetes;Picornavirales;Picornaviridae;Ensavirinae;Enterovirus;Enterovirus C;Coxsackievirus A17,10239;2559587;2732396;2732408;2732506;464095;12058;2946630;12059;138950;42775,superkingdom;clade;kingdom;phylum;class;order;family;subfamily;genus;species;serotype
47502.0,2,14918,Echovirus E14,serotype,Viruses;Riboviria;Orthornavirae;Pisuviricota;Pisoniviricetes;Picornavirales;Picornaviridae;Ensavirinae;Enterovirus;Enterovirus B;Echovirus E14,10239;2559587;2732396;2732408;2732506;464095;12058;2946630;12059;138949;47502,superkingdom;clade;kingdom;phylum;class;order;family;subfamily;genus;species;serotype
47507.0,2,14863,Echovirus E19,serotype,Viruses;Riboviria;Orthornavirae;Pisuviricota;Pisoniviricetes;Picornavirales;Picornaviridae;Ensavirinae;Enterovirus;Enterovirus B;Echovirus E19,10239;2559587;2732396;2732408;2732506;464095;12058;2946630;12059;138949;47507,superkingdom;clade;kingdom;phylum;class;order;family;subfamily;genus;species;serotype
40280.0,2,14863,Echovirus E5,serotype,Viruses;Riboviria;Orthornavirae;Pisuviricota;Pisoniviricetes;Picornavirales;Picornaviridae;Ensavirinae;Enterovirus;Enterovirus B;Echovirus E5,10239;2559587;2732396;2732408;2732506;464095;12058;2946630;12059;138949;40280,superkingdom;clade;kingdom;phylum;class;order;family;subfamily;genus;species;serotype
318564.0,2,14834,Enterovirus B81,serotype,Viruses;Riboviria;Orthornavirae;Pisuviricota;Pisoniviricetes;Picornavirales;Picornaviridae;Ensavirinae;Enterovirus;Enterovirus B;Enterovirus B81,10239;2559587;2732396;2732408;2732506;464095;12058;2946630;12059;138949;318564,superkingdom;clade;kingdom;phylum;class;order;family;subfamily;genus;species;serotype
1435148.0,2,14815,Enterovirus A120,serotype,Viruses;Riboviria;Orthornavirae;Pisuviricota;Pisoniviricetes;Picornavirales;Picornaviridae;Ensavirinae;Enterovirus;Enterovirus A;Enterovirus A120,10239;2559587;2732396;2732408;2732506;464095;12058;2946630;12059;138948;1435148,superkingdom;clade;kingdom;phylum;class;order;family;subfamily;genus;species;serotype
325446.0,2,14807,Enterovirus B97,serotype,Viruses;Riboviria;Orthornavirae;Pisuviricota;Pisoniviricetes;Picornavirales;Picornaviridae;Ensavirinae;Enterovirus;Enterovirus B;Enterovirus B97,10239;2559587;2732396;2732408;2732506;464095;12058;2946630;12059;138949;325446,superkingdom;clade;kingdom;phylum;class;order;family;subfamily;genus;species;serotype
1141754.0,2,14806,enterovirus D111,serotype,Viruses;Riboviria;Orthornavirae;Pisuviricota;Pisoniviricetes;Picornavirales;Picornaviridae;Ensavirinae;Enterovirus;Enterovirus D;enterovirus D111,10239;2559587;2732396;2732408;2732506;464095;12058;2946630;12059;138951;1141754,superkingdom;clade;kingdom;phylum;class;order;family;subfamily;genus;species;serotype
2760813.0,2,14802,enterovirus B79,no rank,Viruses;Riboviria;Orthornavirae;Pisuviricota;Pisoniviricetes;Picornavirales;Picornaviridae;Ensavirinae;Enterovirus;Enterovirus B;enterovirus B79,10239;2559587;2732396;2732408;2732506;464095;12058;2946630;12059;138949;2760813,superkingdom;clade;kingdom;phylum;class;order;family;subfamily;genus;species;no rank
12090.0,2,14781,enterovirus D70,serotype,Viruses;Riboviria;Orthornavirae;Pisuviricota;Pisoniviricetes;Picornavirales;Picornaviridae;Ensavirinae;Enterovirus;Enterovirus D;enterovirus D70,10239;2559587;2732396;2732408;2732506;464095;12058;2946630;12059;138951;12090,superkingdom;clade;kingdom;phylum;class;order;family;subfamily;genus;species;serotype
2015550.0,2,14695,enterovirus D94,serotype,Viruses;Riboviria;Orthornavirae;Pisuviricota;Pisoniviricetes;Picornavirales;Picornaviridae;Ensavirinae;Enterovirus;Enterovirus D;enterovirus D94,10239;2559587;2732396;2732408;2732506;464095;12058;2946630;12059;138951;2015550,superkingdom;clade;kingdom;phylum;class;order;family;subfamily;genus;species;serotype
12063.0,2,14678,parechovirus A1,no rank,Viruses;Riboviria;Orthornavirae;Pisuviricota;Pisoniviricetes;Picornavirales;Picornaviridae;Paavivirinae;Parechovirus;Parechovirus A;parechovirus A1,10239;2559587;2732396;2732408;2732506;464095;12058;2946640;138954;1803956;12063,superkingdom;clade;kingdom;phylum;class;order;family;subfamily;genus;species;no rank
2691036.0,2,14653,Enterovirus C113,serotype,Viruses;Riboviria;Orthornavirae;Pisuviricota;Pisoniviricetes;Picornavirales;Picornaviridae;Ensavirinae;Enterovirus;Enterovirus C;Enterovirus C113,10239;2559587;2732396;2732408;2732506;464095;12058;2946630;12059;138950;2691036,superkingdom;clade;kingdom;phylum;class;order;family;subfamily;genus;species;serotype
42782.0,2,14534,Coxsackievirus A20,serotype,Viruses;Riboviria;Orthornavirae;Pisuviricota;Pisoniviricetes;Picornavirales;Picornaviridae;Ensavirinae;Enterovirus;Enterovirus C;Coxsackievirus A20,10239;2559587;2732396;2732408;2732506;464095;12058;2946630;12059;138950;42782,superkingdom;clade;kingdom;phylum;class;order;family;subfamily;genus;species;serotype
518987.0,8,14452,Influenza B virus (B/Lee/1940),no rank,Viruses;Riboviria;Orthornavirae;Negarnaviricota;Polyploviricotina;Insthoviricetes;Articulavirales;Orthomyxoviridae;Betainfluenzavirus;Betainfluenzavirus influenzae;Influenza B virus;Influenza B virus (B/Lee/1940),10239;2559587;2732396;2497569;2497571;2497577;2499411;11308;197912;2955465;11520;518987,superkingdom;clade;kingdom;phylum;subphylum;class;order;family;genus;species;no rank;no rank
200154.0,2,14405,Enterovirus B73,serotype,Viruses;Riboviria;Orthornavirae;Pisuviricota;Pisoniviricetes;Picornavirales;Picornaviridae;Ensavirinae;Enterovirus;Enterovirus B;Enterovirus B73,10239;2559587;2732396;2732408;2732506;464095;12058;2946630;12059;138949;200154,superkingdom;clade;kingdom;phylum;class;order;family;subfamily;genus;species;serotype
42778.0,2,14359,Coxsackievirus A19,serotype,Viruses;Riboviria;Orthornavirae;Pisuviricota;Pisoniviricetes;Picornavirales;Picornaviridae;Ensavirinae;Enterovirus;Enterovirus C;Coxsackievirus A19,10239;2559587;2732396;2732408;2732506;464095;12058;2946630;12059;138950;42778,superkingdom;clade;kingdom;phylum;class;order;family;subfamily;genus;species;serotype
185889.0,2,14347,rhinovirus B4,serotype,Viruses;Riboviria;Orthornavirae;Pisuviricota;Pisoniviricetes;Picornavirales;Picornaviridae;Ensavirinae;Enterovirus;Rhinovirus B;rhinovirus B4,10239;2559587;2732396;2732408;2732506;464095;12058;2946630;12059;147712;185889,superkingdom;clade;kingdom;phylum;class;order;family;subfamily;genus;species;serotype
185908.0,2,14308,rhinovirus A40,serotype,Viruses;Riboviria;Orthornavirae;Pisuviricota;Pisoniviricetes;Picornavirales;Picornaviridae;Ensavirinae;Enterovirus;Rhinovirus A;rhinovirus A40,10239;2559587;2732396;2732408;2732506;464095;12058;2946630;12059;147711;185908,superkingdom;clade;kingdom;phylum;class;order;family;subfamily;genus;species;serotype
12132.0,2,14302,rhinovirus A89,serotype,Viruses;Riboviria;Orthornavirae;Pisuviricota;Pisoniviricetes;Picornavirales;Picornaviridae;Ensavirinae;Enterovirus;Rhinovirus A;rhinovirus A89,10239;2559587;2732396;2732408;2732506;464095;12058;2946630;12059;147711;12132,superkingdom;clade;kingdom;phylum;class;order;family;subfamily;genus;species;serotype
1033850.0,2,14275,rhinovirus A103,serotype,Viruses;Riboviria;Orthornavirae;Pisuviricota;Pisoniviricetes;Picornavirales;Picornaviridae;Ensavirinae;Enterovirus;Rhinovirus A;rhinovirus A103,10239;2559587;2732396;2732408;2732506;464095;12058;2946630;12059;147711;1033850,superkingdom;clade;kingdom;phylum;class;order;family;subfamily;genus;species;serotype
31708.0,2,14266,rhinovirus A16,serotype,Viruses;Riboviria;Orthornavirae;Pisuviricota;Pisoniviricetes;Picornavirales;Picornaviridae;Ensavirinae;Enterovirus;Rhinovirus A;rhinovirus A16,10239;2559587;2732396;2732408;2732506;464095;12058;2946630;12059;147711;31708,superkingdom;clade;kingdom;phylum;class;order;family;subfamily;genus;species;serotype
1418043.0,2,14203,rhinovirus C19,serotype,Viruses;Riboviria;Orthornavirae;Pisuviricota;Pisoniviricetes;Picornavirales;Picornaviridae;Ensavirinae;Enterovirus;Rhinovirus C;rhinovirus C19,10239;2559587;2732396;2732408;2732506;464095;12058;2946630;12059;463676;1418043,superkingdom;clade;kingdom;phylum;class;order;family;subfamily;genus;species;serotype
2045069.0,2,14192,rhinovirus C26,serotype,Viruses;Riboviria;Orthornavirae;Pisuviricota;Pisoniviricetes;Picornavirales;Picornaviridae;Ensavirinae;Enterovirus;Rhinovirus C;rhinovirus C26,10239;2559587;2732396;2732408;2732506;464095;12058;2946630;12059;463676;2045069,superkingdom;clade;kingdom;phylum;class;order;family;subfamily;genus;species;serotype
185894.0,2,14187,rhinovirus A15,serotype,Viruses;Riboviria;Orthornavirae;Pisuviricota;Pisoniviricetes;Picornavirales;Picornaviridae;Ensavirinae;Enterovirus;Rhinovirus A;rhinovirus A15,10239;2559587;2732396;2732408;2732506;464095;12058;2946630;12059;147711;185894,superkingdom;clade;kingdom;phylum;class;order;family;subfamily;genus;species;serotype
185905.0,2,14173,rhinovirus A34,serotype,Viruses;Riboviria;Orthornavirae;Pisuviricota;Pisoniviricetes;Picornavirales;Picornaviridae;Ensavirinae;Enterovirus;Rhinovirus A;rhinovirus A34,10239;2559587;2732396;2732408;2732506;464095;12058;2946630;12059;147711;185905,superkingdom;clade;kingdom;phylum;class;order;family;subfamily;genus;species;serotype
185925.0,2,14146,rhinovirus A68,serotype,Viruses;Riboviria;Orthornavirae;Pisuviricota;Pisoniviricetes;Picornavirales;Picornaviridae;Ensavirinae;Enterovirus;Rhinovirus A;rhinovirus A68,10239;2559587;2732396;2732408;2732506;464095;12058;2946630;12059;147711;185925,superkingdom;clade;kingdom;phylum;class;order;family;subfamily;genus;species;serotype
1219378.0,2,14087,rhinovirus C6,serotype,Viruses;Riboviria;Orthornavirae;Pisuviricota;Pisoniviricetes;Picornavirales;Picornaviridae;Ensavirinae;Enterovirus;Rhinovirus C;rhinovirus C6,10239;2559587;2732396;2732408;2732506;464095;12058;2946630;12059;463676;1219378,superkingdom;clade;kingdom;phylum;class;order;family;subfamily;genus;species;serotype
3052310.0,3,14058,Mammarenavirus lassaense,species,Viruses;Riboviria;Orthornavirae;Negarnaviricota;Polyploviricotina;Ellioviricetes;Bunyavirales;Arenaviridae;Mammarenavirus;Mammarenavirus lassaense,10239;2559587;2732396;2497569;2497571;2497576;1980410;11617;1653394;3052310,superkingdom;clade;kingdom;phylum;subphylum;class;order;family;genus;species
47510.0,2,14043,Echovirus E24,serotype,Viruses;Riboviria;Orthornavirae;Pisuviricota;Pisoniviricetes;Picornavirales;Picornaviridae;Ensavirinae;Enterovirus;Enterovirus B;Echovirus E24,10239;2559587;2732396;2732408;2732506;464095;12058;2946630;12059;138949;47510,superkingdom;clade;kingdom;phylum;class;order;family;subfamily;genus;species;serotype
11292.0,2,13998,Lyssavirus rabies,species,Viruses;Riboviria;Orthornavirae;Negarnaviricota;Haploviricotina;Monjiviricetes;Mononegavirales;Rhabdoviridae;Alpharhabdovirinae;Lyssavirus;Lyssavirus rabies,10239;2559587;2732396;2497569;2497570;2497574;11157;11270;2842407;11286;11292,superkingdom;clade;kingdom;phylum;subphylum;class;order;family;subfamily;genus;species
1678145.0,2,13946,Rocahepevirus ratti,species,Viruses;Riboviria;Orthornavirae;Kitrinoviricota;Alsuviricetes;Hepelivirales;Hepeviridae;Orthohepevirinae;Rocahepevirus;Rocahepevirus ratti,10239;2559587;2732396;2732406;2732461;2732543;3079366;2946639;2948883;1678145,superkingdom;clade;kingdom;phylum;class;order;family;subfamily;genus;species
2169991.0,3,13933,Mammarenavirus juninense,species,Viruses;Riboviria;Orthornavirae;Negarnaviricota;Polyploviricotina;Ellioviricetes;Bunyavirales;Arenaviridae;Mammarenavirus;Mammarenavirus juninense,10239;2559587;2732396;2497569;2497571;2497576;1980410;11617;1653394;2169991,superkingdom;clade;kingdom;phylum;subphylum;class;order;family;genus;species
1980456.0,4,13906,Orthohantavirus andesense,species,Viruses;Riboviria;Orthornavirae;Negarnaviricota;Polyploviricotina;Ellioviricetes;Bunyavirales;Hantaviridae;Mammantavirinae;Orthohantavirus;Orthohantavirus andesense,10239;2559587;2732396;2497569;2497571;2497576;1980410;1980413;2560074;1980442;1980456,superkingdom;clade;kingdom;phylum;subphylum;class;order;family;subfamily;genus;species
2777137.0,2,13848,rhinovirus B101,no rank,Viruses;Riboviria;Orthornavirae;Pisuviricota;Pisoniviricetes;Picornavirales;Picornaviridae;Ensavirinae;Enterovirus;Rhinovirus B;rhinovirus B101,10239;2559587;2732396;2732408;2732506;464095;12058;2946630;12059;147712;2777137,superkingdom;clade;kingdom;phylum;class;order;family;subfamily;genus;species;no rank
3052307.0,3,13769,Mammarenavirus guanaritoense,species,Viruses;Riboviria;Orthornavirae;Negarnaviricota;Polyploviricotina;Ellioviricetes;Bunyavirales;Arenaviridae;Mammarenavirus;Mammarenavirus guanaritoense,10239;2559587;2732396;2497569;2497571;2497576;1980410;11617;1653394;3052307,superkingdom;clade;kingdom;phylum;subphylum;class;order;family;genus;species
3052503.0,4,13751,Orthohantavirus tulaense,species,Viruses;Riboviria;Orthornavirae;Negarnaviricota;Polyploviricotina;Ellioviricetes;Bunyavirales;Hantaviridae;Mammantavirinae;Orthohantavirus;Orthohantavirus tulaense,10239;2559587;2732396;2497569;2497571;2497576;1980410;1980413;2560074;1980442;3052503,superkingdom;clade;kingdom;phylum;subphylum;class;order;family;subfamily;genus;species
185921.0,2,13745,rhinovirus A63,serotype,Viruses;Riboviria;Orthornavirae;Pisuviricota;Pisoniviricetes;Picornavirales;Picornaviridae;Ensavirinae;Enterovirus;Rhinovirus A;rhinovirus A63,10239;2559587;2732396;2732408;2732506;464095;12058;2946630;12059;147711;185921,superkingdom;clade;kingdom;phylum;class;order;family;subfamily;genus;species;serotype
335341.0,8,13627,Influenza A virus (A/New York/392/2004(H3N2)),no rank,Viruses;Riboviria;Orthornavirae;Negarnaviricota;Polyploviricotina;Insthoviricetes;Articulavirales;Orthomyxoviridae;Alphainfluenzavirus;Alphainfluenzavirus influenzae;Influenza A virus;H3N2 subtype;Influenza A virus (A/New York/392/2004(H3N2)),10239;2559587;2732396;2497569;2497571;2497577;2499411;11308;197911;2955291;11320;119210;335341,superkingdom;clade;kingdom;phylum;subphylum;class;order;family;genus;species;no rank;serotype;no rank
93838.0,8,13590,Influenza A virus (A/goose/Guangdong/1/1996(H5N1)),no rank,Viruses;Riboviria;Orthornavirae;Negarnaviricota;Polyploviricotina;Insthoviricetes;Articulavirales;Orthomyxoviridae;Alphainfluenzavirus;Alphainfluenzavirus influenzae;Influenza A virus;H5N1 subtype;Influenza A virus (A/goose/Guangdong/1/1996(H5N1)),10239;2559587;2732396;2497569;2497571;2497577;2499411;11308;197911;2955291;11320;102793;93838,superkingdom;clade;kingdom;phylum;subphylum;class;order;family;genus;species;no rank;serotype;no rank
211044.0,8,13588,Influenza A virus (A/Puerto Rico/8/1934(H1N1)),no rank,Viruses;Riboviria;Orthornavirae;Negarnaviricota;Polyploviricotina;Insthoviricetes;Articulavirales;Orthomyxoviridae;Alphainfluenzavirus;Alphainfluenzavirus influenzae;Influenza A virus;H1N1 subtype;Influenza A virus (A/Puerto Rico/8/1934(H1N1)),10239;2559587;2732396;2497569;2497571;2497577;2499411;11308;197911;2955291;11320;114727;211044,superkingdom;clade;kingdom;phylum;subphylum;class;order;family;genus;species;no rank;serotype;no rank
11641.0,1,13242,Human foamy virus,no rank,Viruses;Riboviria;Pararnavirae;Artverviricota;Revtraviricetes;Ortervirales;Retroviridae;Spumaretrovirinae;Spumavirus;Simian foamy virus;Human foamy virus,10239;2559587;2732397;2732409;2732514;2169561;11632;327046;11640;11642;11641,superkingdom;clade;kingdom;phylum;class;order;family;subfamily;genus;species;no rank
249583.0,2,13238,Lyssavirus irkut,species,Viruses;Riboviria;Orthornavirae;Negarnaviricota;Haploviricotina;Monjiviricetes;Mononegavirales;Rhabdoviridae;Alpharhabdovirinae;Lyssavirus;Lyssavirus irkut,10239;2559587;2732396;2497569;2497570;2497574;11157;11270;2842407;11286;249583,superkingdom;clade;kingdom;phylum;subphylum;class;order;family;subfamily;genus;species
2170194.0,1,13220,Central cimpanzee simian foamy virus,species,Viruses;Riboviria;Pararnavirae;Artverviricota;Revtraviricetes;Ortervirales;Retroviridae;Spumaretrovirinae;Simiispumavirus;Central cimpanzee simian foamy virus,10239;2559587;2732397;2732409;2732514;2169561;11632;327046;2169668;2170194,superkingdom;clade;kingdom;phylum;class;order;family;subfamily;genus;species
1332244.0,8,13191,Influenza A virus (A/Shanghai/02/2013(H7N9)),no rank,Viruses;Riboviria;Orthornavirae;Negarnaviricota;Polyploviricotina;Insthoviricetes;Articulavirales;Orthomyxoviridae;Alphainfluenzavirus;Alphainfluenzavirus influenzae;Influenza A virus;H7N9 subtype;Influenza A virus (A/Shanghai/02/2013(H7N9)),10239;2559587;2732396;2497569;2497571;2497577;2499411;11308;197911;2955291;11320;333278;1332244,superkingdom;clade;kingdom;phylum;subphylum;class;order;family;genus;species;no rank;serotype;no rank
641809.0,8,13158,Influenza A virus (A/California/07/2009(H1N1)),no rank,Viruses;Riboviria;Orthornavirae;Negarnaviricota;Polyploviricotina;Insthoviricetes;Articulavirales;Orthomyxoviridae;Alphainfluenzavirus;Alphainfluenzavirus influenzae;Influenza A virus;H1N1 subtype;Influenza A virus (A/California/07/2009(H1N1)),10239;2559587;2732396;2497569;2497571;2497577;2499411;11308;197911;2955291;11320;114727;641809,superkingdom;clade;kingdom;phylum;subphylum;class;order;family;genus;species;no rank;serotype;no rank
2170197.0,1,13072,Guenon simian foamy virus,species,Viruses;Riboviria;Pararnavirae;Artverviricota;Revtraviricetes;Ortervirales;Retroviridae;Spumaretrovirinae;Simiispumavirus;Guenon simian foamy virus,10239;2559587;2732397;2732409;2732514;2169561;11632;327046;2169668;2170197,superkingdom;clade;kingdom;phylum;class;order;family;subfamily;genus;species
3052444.0,4,13041,Orthobunyavirus tacaiumaense,species,Viruses;Riboviria;Orthornavirae;Negarnaviricota;Polyploviricotina;Ellioviricetes;Bunyavirales;Peribunyaviridae;Orthobunyavirus;Orthobunyavirus tacaiumaense,10239;2559587;2732396;2497569;2497571;2497576;1980410;1980416;11572;3052444,superkingdom;clade;kingdom;phylum;subphylum;class;order;family;genus;species
11553.0,7,12906,Influenza C virus (C/Ann Arbor/1/50),no rank,Viruses;Riboviria;Orthornavirae;Negarnaviricota;Polyploviricotina;Insthoviricetes;Articulavirales;Orthomyxoviridae;Gammainfluenzavirus;Gammainfluenzavirus influenzae;Influenza C virus;Influenza C virus (C/Ann Arbor/1/50),10239;2559587;2732396;2497569;2497571;2497577;2499411;11308;197913;2955935;11552;11553,superkingdom;clade;kingdom;phylum;subphylum;class;order;family;genus;species;no rank;no rank
1649829.0,3,12731,Cocle virus,no rank,Viruses;Riboviria;Orthornavirae;Negarnaviricota;Polyploviricotina;Ellioviricetes;Bunyavirales;Phenuiviridae;Phlebovirus;Phlebovirus cocleense;Cocle virus,10239;2559587;2732396;2497569;2497571;2497576;1980410;1980418;11584;3052643;1649829,superkingdom;clade;kingdom;phylum;subphylum;class;order;family;genus;species;no rank
118655.0,4,12706,Oropouche virus,no rank,Viruses;Riboviria;Orthornavirae;Negarnaviricota;Polyploviricotina;Ellioviricetes;Bunyavirales;Peribunyaviridae;Orthobunyavirus;Orthobunyavirus oropoucheense;Oropouche virus,10239;2559587;2732396;2497569;2497571;2497576;1980410;1980416;11572;3052429;118655,superkingdom;clade;kingdom;phylum;subphylum;class;order;family;genus;species;no rank
1987021.0,1,12674,Ekpoma virus 2,no rank,Viruses;Riboviria;Orthornavirae;Negarnaviricota;Haploviricotina;Monjiviricetes;Mononegavirales;Rhabdoviridae;Alpharhabdovirinae;Tibrovirus;Tibrovirus betaekpoma;Ekpoma virus 2,10239;2559587;2732396;2497569;2497570;2497574;11157;11270;2842407;1299306;1987019;1987021,superkingdom;clade;kingdom;phylum;subphylum;class;order;family;subfamily;genus;species;no rank
1987020.0,1,12659,Ekpoma virus 1,no rank,Viruses;Riboviria;Orthornavirae;Negarnaviricota;Haploviricotina;Monjiviricetes;Mononegavirales;Rhabdoviridae;Alpharhabdovirinae;Tibrovirus;Tibrovirus alphaekpoma;Ekpoma virus 1,10239;2559587;2732396;2497569;2497570;2497574;11157;11270;2842407;1299306;1987018;1987020,superkingdom;clade;kingdom;phylum;subphylum;class;order;family;subfamily;genus;species;no rank
11587.0,3,12618,Punta Toro virus,no rank,Viruses;Riboviria;Orthornavirae;Negarnaviricota;Polyploviricotina;Ellioviricetes;Bunyavirales;Phenuiviridae;Phlebovirus;Phlebovirus toroense;Punta Toro virus,10239;2559587;2732396;2497569;2497571;2497576;1980410;1980418;11584;3052684;11587,superkingdom;clade;kingdom;phylum;subphylum;class;order;family;genus;species;no rank
348013.0,3,12604,Madrid virus,no rank,Viruses;Riboviria;Orthornavirae;Negarnaviricota;Polyploviricotina;Ellioviricetes;Bunyavirales;Peribunyaviridae;Orthobunyavirus;Orthobunyavirus madridense;Madrid virus,10239;2559587;2732396;2497569;2497571;2497576;1980410;1980416;11572;3052413;348013,superkingdom;clade;kingdom;phylum;subphylum;class;order;family;genus;species;no rank
688699.0,3,12603,sandfly fever Turkey virus,no rank,Viruses;Riboviria;Orthornavirae;Negarnaviricota;Polyploviricotina;Ellioviricetes;Bunyavirales;Phenuiviridae;Phlebovirus;Phlebovirus siciliaense;sandfly fever Turkey virus,10239;2559587;2732396;2497569;2497571;2497576;1980410;1980418;11584;3052681;688699,superkingdom;clade;kingdom;phylum;subphylum;class;order;family;genus;species;no rank
1000587.0,4,12595,Huitzilac virus,no rank,Viruses;Riboviria;Orthornavirae;Negarnaviricota;Polyploviricotina;Ellioviricetes;Bunyavirales;Hantaviridae;Mammantavirinae;Orthohantavirus;Orthohantavirus moroense;Huitzilac virus,10239;2559587;2732396;2497569;2497571;2497576;1980410;1980413;2560074;1980442;3052487;1000587,superkingdom;clade;kingdom;phylum;subphylum;class;order;family;subfamily;genus;species;no rank
3052384.0,3,12587,Orthobunyavirus bwambaense,species,Viruses;Riboviria;Orthornavirae;Negarnaviricota;Polyploviricotina;Ellioviricetes;Bunyavirales;Peribunyaviridae;Orthobunyavirus;Orthobunyavirus bwambaense,10239;2559587;2732396;2497569;2497571;2497576;1980410;1980416;11572;3052384,superkingdom;clade;kingdom;phylum;subphylum;class;order;family;genus;species
3052440.0,4,12547,Orthobunyavirus shuniense,species,Viruses;Riboviria;Orthornavirae;Negarnaviricota;Polyploviricotina;Ellioviricetes;Bunyavirales;Peribunyaviridae;Orthobunyavirus;Orthobunyavirus shuniense,10239;2559587;2732396;2497569;2497571;2497576;1980410;1980416;11572;3052440,superkingdom;clade;kingdom;phylum;subphylum;class;order;family;genus;species
1000646.0,3,12516,Echarate virus,no rank,Viruses;Riboviria;Orthornavirae;Negarnaviricota;Polyploviricotina;Ellioviricetes;Bunyavirales;Phenuiviridae;Phlebovirus;Phlebovirus echarateense;Echarate virus,10239;2559587;2732396;2497569;2497571;2497576;1980410;1980418;11584;3052647;1000646,superkingdom;clade;kingdom;phylum;subphylum;class;order;family;genus;species;no rank
629725.0,3,12495,Chandiru virus,no rank,Viruses;Riboviria;Orthornavirae;Negarnaviricota;Polyploviricotina;Ellioviricetes;Bunyavirales;Phenuiviridae;Phlebovirus;Phlebovirus candiruense;Chandiru virus,10239;2559587;2732396;2497569;2497571;2497576;1980410;1980418;11584;3052640;629725,superkingdom;clade;kingdom;phylum;subphylum;class;order;family;genus;species;no rank
11577.0,3,12491,La Crosse virus,no rank,Viruses;Riboviria;Orthornavirae;Negarnaviricota;Polyploviricotina;Ellioviricetes;Bunyavirales;Peribunyaviridae;Orthobunyavirus;Orthobunyavirus lacrosseense;La Crosse virus,10239;2559587;2732396;2497569;2497571;2497576;1980410;1980416;11572;3052409;11577,superkingdom;clade;kingdom;phylum;subphylum;class;order;family;genus;species;no rank
206160.0,3,12488,Sandfly fever Naples virus,no rank,Viruses;Riboviria;Orthornavirae;Negarnaviricota;Polyploviricotina;Ellioviricetes;Bunyavirales;Phenuiviridae;Phlebovirus;Phlebovirus napoliense;Sandfly fever Naples virus,10239;2559587;2732396;2497569;2497571;2497576;1980410;1980418;11584;3052666;206160,superkingdom;clade;kingdom;phylum;subphylum;class;order;family;genus;species;no rank
391640.0,3,12485,Massilia virus,no rank,Viruses;Riboviria;Orthornavirae;Negarnaviricota;Polyploviricotina;Ellioviricetes;Bunyavirales;Phenuiviridae;Phlebovirus;Phlebovirus massiliaense;Massilia virus,10239;2559587;2732396;2497569;2497571;2497576;1980410;1980418;11584;3052661;391640,superkingdom;clade;kingdom;phylum;subphylum;class;order;family;genus;species;no rank
1933189.0,3,12465,Sandfly fever Naples phlebovirus,species,Viruses;Riboviria;Orthornavirae;Negarnaviricota;Polyploviricotina;Ellioviricetes;Bunyavirales;Phenuiviridae;Phlebovirus;Sandfly fever Naples phlebovirus,10239;2559587;2732396;2497569;2497571;2497576;1980410;1980418;11584;1933189,superkingdom;clade;kingdom;phylum;subphylum;class;order;family;genus;species
3052456.0,3,12461,Orthobunyavirus wyeomyiae,species,Viruses;Riboviria;Orthornavirae;Negarnaviricota;Polyploviricotina;Ellioviricetes;Bunyavirales;Peribunyaviridae;Orthobunyavirus;Orthobunyavirus wyeomyiae,10239;2559587;2732396;2497569;2497571;2497576;1980410;1980416;11572;3052456,superkingdom;clade;kingdom;phylum;subphylum;class;order;family;genus;species
629726.0,3,12455,Alenquer virus,no rank,Viruses;Riboviria;Orthornavirae;Negarnaviricota;Polyploviricotina;Ellioviricetes;Bunyavirales;Phenuiviridae;Phlebovirus;Phlebovirus alenquerense;Alenquer virus,10239;2559587;2732396;2497569;2497571;2497576;1980410;1980418;11584;2734436;629726,superkingdom;clade;kingdom;phylum;subphylum;class;order;family;genus;species;no rank
2913478.0,1,12445,Mundri virus,no rank,Viruses;Riboviria;Orthornavirae;Negarnaviricota;Haploviricotina;Monjiviricetes;Mononegavirales;Rhabdoviridae;Alpharhabdovirinae;Tibrovirus;Tibrovirus mundri;Mundri virus,10239;2559587;2732396;2497569;2497570;2497574;11157;11270;2842407;1299306;3060740;2913478,superkingdom;clade;kingdom;phylum;subphylum;class;order;family;subfamily;genus;species;no rank
2259728.0,3,12314,Monongahela hantavirus,species,Viruses;Riboviria;Orthornavirae;Negarnaviricota;Polyploviricotina;Ellioviricetes;Bunyavirales;Hantaviridae;Mammantavirinae;Orthohantavirus;unclassified Orthohantavirus;Monongahela hantavirus,10239;2559587;2732396;2497569;2497571;2497576;1980410;1980413;2560074;1980442;1986491;2259728,superkingdom;clade;kingdom;phylum;subphylum;class;order;family;subfamily;genus;no rank;species
273341.0,3,12298,Ilesha virus,no rank,Viruses;Riboviria;Orthornavirae;Negarnaviricota;Polyploviricotina;Ellioviricetes;Bunyavirales;Peribunyaviridae;Orthobunyavirus;Orthobunyavirus ileshaense;Ilesha virus,10239;2559587;2732396;2497569;2497571;2497576;1980410;1980416;11572;3052399;273341,superkingdom;clade;kingdom;phylum;subphylum;class;order;family;genus;species;no rank
35304.0,3,12294,Bunyamwera virus,no rank,Viruses;Riboviria;Orthornavirae;Negarnaviricota;Polyploviricotina;Ellioviricetes;Bunyavirales;Peribunyaviridae;Orthobunyavirus;Orthobunyavirus bunyamweraense;Bunyamwera virus,10239;2559587;2732396;2497569;2497571;2497576;1980410;1980416;11572;3052381;35304,superkingdom;clade;kingdom;phylum;subphylum;class;order;family;genus;species;no rank
273345.0,3,12294,Fort Sherman virus,no rank,Viruses;Riboviria;Orthornavirae;Negarnaviricota;Polyploviricotina;Ellioviricetes;Bunyavirales;Peribunyaviridae;Orthobunyavirus;Orthobunyavirus shermanense;Fort Sherman virus,10239;2559587;2732396;2497569;2497571;2497576;1980410;1980416;11572;3052439;273345,superkingdom;clade;kingdom;phylum;subphylum;class;order;family;genus;species;no rank
80941.0,3,12265,Guaroa virus,no rank,Viruses;Riboviria;Orthornavirae;Negarnaviricota;Polyploviricotina;Ellioviricetes;Bunyavirales;Peribunyaviridae;Orthobunyavirus;Orthobunyavirus guaroaense;Guaroa virus,10239;2559587;2732396;2497569;2497571;2497576;1980410;1980416;11572;3052397;80941,superkingdom;clade;kingdom;phylum;subphylum;class;order;family;genus;species;no rank
11580.0,3,12208,Snowshoe hare virus,no rank,Viruses;Riboviria;Orthornavirae;Negarnaviricota;Polyploviricotina;Ellioviricetes;Bunyavirales;Peribunyaviridae;Orthobunyavirus;Orthobunyavirus khatangaense;Snowshoe hare virus,10239;2559587;2732396;2497569;2497571;2497576;1980410;1980416;11572;3052407;11580,superkingdom;clade;kingdom;phylum;subphylum;class;order;family;genus;species;no rank
3052470.0,3,12189,Orthohantavirus bayoui,species,Viruses;Riboviria;Orthornavirae;Negarnaviricota;Polyploviricotina;Ellioviricetes;Bunyavirales;Hantaviridae;Mammantavirinae;Orthohantavirus;Orthohantavirus bayoui,10239;2559587;2732396;2497569;2497571;2497576;1980410;1980413;2560074;1980442;3052470,superkingdom;clade;kingdom;phylum;subphylum;class;order;family;subfamily;genus;species
1608083.0,1,12186,Tacheng Tick Virus 1,no rank,Viruses;Riboviria;Orthornavirae;Negarnaviricota;Polyploviricotina;Ellioviricetes;Bunyavirales;Nairoviridae;Orthonairovirus;Orthonairovirus tachengense;Tacheng Tick Virus 1,10239;2559587;2732396;2497569;2497571;2497576;1980410;1980415;1980517;3052536;1608083,superkingdom;clade;kingdom;phylum;subphylum;class;order;family;genus;species;no rank
1004889.0,3,12121,Maldonado virus,no rank,Viruses;Riboviria;Orthornavirae;Negarnaviricota;Polyploviricotina;Ellioviricetes;Bunyavirales;Phenuiviridae;Phlebovirus;Phlebovirus maldonadoense;Maldonado virus,10239;2559587;2732396;2497569;2497571;2497576;1980410;1980418;11584;3052660;1004889,superkingdom;clade;kingdom;phylum;subphylum;class;order;family;genus;species;no rank
904668.0,3,12102,Granada virus,no rank,Viruses;Riboviria;Orthornavirae;Negarnaviricota;Polyploviricotina;Ellioviricetes;Bunyavirales;Phenuiviridae;Phlebovirus;Sandfly fever Naples phlebovirus;Granada virus,10239;2559587;2732396;2497569;2497571;2497576;1980410;1980418;11584;1933189;904668,superkingdom;clade;kingdom;phylum;subphylum;class;order;family;genus;species;no rank
194540.0,1,12081,Nairobi sheep disease virus,no rank,Viruses;Riboviria;Orthornavirae;Negarnaviricota;Polyploviricotina;Ellioviricetes;Bunyavirales;Nairoviridae;Orthonairovirus;Orthonairovirus nairobiense;Nairobi sheep disease virus,10239;2559587;2732396;2497569;2497571;2497576;1980410;1980415;1980517;3052529;194540,superkingdom;clade;kingdom;phylum;subphylum;class;order;family;genus;species;no rank
1678225.0,3,12024,Catu virus,no rank,Viruses;Riboviria;Orthornavirae;Negarnaviricota;Polyploviricotina;Ellioviricetes;Bunyavirales;Peribunyaviridae;Orthobunyavirus;Orthobunyavirus catuense;Catu virus,10239;2559587;2732396;2497569;2497571;2497576;1980410;1980416;11572;3052389;1678225,superkingdom;clade;kingdom;phylum;subphylum;class;order;family;genus;species;no rank
11588.0,3,11979,Rift Valley fever virus,no rank,Viruses;Riboviria;Orthornavirae;Negarnaviricota;Polyploviricotina;Ellioviricetes;Bunyavirales;Phenuiviridae;Phlebovirus;Phlebovirus riftense;Rift Valley fever virus,10239;2559587;2732396;2497569;2497571;2497576;1980410;1980418;11584;3052676;11588,superkingdom;clade;kingdom;phylum;subphylum;class;order;family;genus;species;no rank
38767.0,1,11976,Lyssavirus duvenhage,species,Viruses;Riboviria;Orthornavirae;Negarnaviricota;Haploviricotina;Monjiviricetes;Mononegavirales;Rhabdoviridae;Alpharhabdovirinae;Lyssavirus;Lyssavirus duvenhage,10239;2559587;2732396;2497569;2497570;2497574;11157;11270;2842407;11286;38767,superkingdom;clade;kingdom;phylum;subphylum;class;order;family;subfamily;genus;species
57482.0,1,11969,European bat lyssavirus 1,no rank,Viruses;Riboviria;Orthornavirae;Negarnaviricota;Haploviricotina;Monjiviricetes;Mononegavirales;Rhabdoviridae;Alpharhabdovirinae;Lyssavirus;Lyssavirus hamburg;European bat lyssavirus 1,10239;2559587;2732396;2497569;2497570;2497574;11157;11270;2842407;11286;2951618;57482,superkingdom;clade;kingdom;phylum;subphylum;class;order;family;subfamily;genus;species;no rank
2170195.0,1,11954,Eastern chimpanzee simian foamy virus,species,Viruses;Riboviria;Pararnavirae;Artverviricota;Revtraviricetes;Ortervirales;Retroviridae;Spumaretrovirinae;Simiispumavirus;Eastern chimpanzee simian foamy virus,10239;2559587;2732397;2732409;2732514;2169561;11632;327046;2169668;2170195,superkingdom;clade;kingdom;phylum;class;order;family;subfamily;genus;species
12538.0,1,11940,Lyssavirus mokola,species,Viruses;Riboviria;Orthornavirae;Negarnaviricota;Haploviricotina;Monjiviricetes;Mononegavirales;Rhabdoviridae;Alpharhabdovirinae;Lyssavirus;Lyssavirus mokola,10239;2559587;2732396;2497569;2497570;2497574;11157;11270;2842407;11286;12538,superkingdom;clade;kingdom;phylum;subphylum;class;order;family;subfamily;genus;species
57483.0,1,11930,European bat lyssavirus 2,no rank,Viruses;Riboviria;Orthornavirae;Negarnaviricota;Haploviricotina;Monjiviricetes;Mononegavirales;Rhabdoviridae;Alpharhabdovirinae;Lyssavirus;Lyssavirus helsinki;European bat lyssavirus 2,10239;2559587;2732396;2497569;2497570;2497574;11157;11270;2842407;11286;2951619;57483,superkingdom;clade;kingdom;phylum;subphylum;class;order;family;subfamily;genus;species;no rank
1424613.0,3,11910,Anjozorobe virus,no rank,Viruses;Riboviria;Orthornavirae;Negarnaviricota;Polyploviricotina;Ellioviricetes;Bunyavirales;Hantaviridae;Mammantavirinae;Orthohantavirus;Orthohantavirus thailandense;Anjozorobe virus,10239;2559587;2732396;2497569;2497571;2497576;1980410;1980413;2560074;1980442;3052501;1424613,superkingdom;clade;kingdom;phylum;subphylum;class;order;family;subfamily;genus;species;no rank
1987017.0,1,11892,Tibrovirus congo,species,Viruses;Riboviria;Orthornavirae;Negarnaviricota;Haploviricotina;Monjiviricetes;Mononegavirales;Rhabdoviridae;Alpharhabdovirinae;Tibrovirus;Tibrovirus congo,10239;2559587;2732396;2497569;2497570;2497574;11157;11270;2842407;1299306;1987017,superkingdom;clade;kingdom;phylum;subphylum;class;order;family;subfamily;genus;species
93830.0,3,11850,Hantavirus Z10,species,Viruses;Riboviria;Orthornavirae;Negarnaviricota;Polyploviricotina;Ellioviricetes;Bunyavirales;Hantaviridae;Mammantavirinae;Orthohantavirus;unclassified Orthohantavirus;unclassified Hantavirus;Hantavirus Z10,10239;2559587;2732396;2497569;2497571;2497576;1980410;1980413;2560074;1980442;1986491;339351;93830,superkingdom;clade;kingdom;phylum;subphylum;class;order;family;subfamily;genus;no rank;no rank;species
86782.0,3,11847,Amur virus,no rank,Viruses;Riboviria;Orthornavirae;Negarnaviricota;Polyploviricotina;Ellioviricetes;Bunyavirales;Hantaviridae;Mammantavirinae;Orthohantavirus;Orthohantavirus hantanense;Amur virus,10239;2559587;2732396;2497569;2497571;2497576;1980410;1980413;2560074;1980442;3052480;86782,superkingdom;clade;kingdom;phylum;subphylum;class;order;family;subfamily;genus;species;no rank
44158.0,1,11847,Aura virus,species,Viruses;Riboviria;Orthornavirae;Kitrinoviricota;Alsuviricetes;Martellivirales;Togaviridae;Alphavirus;Aura virus,10239;2559587;2732396;2732406;2732461;2732544;11018;11019;44158,superkingdom;clade;kingdom;phylum;class;order;family;genus;species
3052480.0,3,11845,Orthohantavirus hantanense,species,Viruses;Riboviria;Orthornavirae;Negarnaviricota;Polyploviricotina;Ellioviricetes;Bunyavirales;Hantaviridae;Mammantavirinae;Orthohantavirus;Orthohantavirus hantanense,10239;2559587;2732396;2497569;2497571;2497576;1980410;1980413;2560074;1980442;3052480,superkingdom;clade;kingdom;phylum;subphylum;class;order;family;subfamily;genus;species
2169701.0,1,11835,Onyong-nyong virus,species,Viruses;Riboviria;Orthornavirae;Kitrinoviricota;Alsuviricetes;Martellivirales;Togaviridae;Alphavirus;Onyong-nyong virus,10239;2559587;2732396;2732406;2732461;2732544;11018;11019;2169701,superkingdom;clade;kingdom;phylum;class;order;family;genus;species
37124.0,1,11826,Chikungunya virus,species,Viruses;Riboviria;Orthornavirae;Kitrinoviricota;Alsuviricetes;Martellivirales;Togaviridae;Alphavirus;Chikungunya virus,10239;2559587;2732396;2732406;2732461;2732544;11018;11019;37124,superkingdom;clade;kingdom;phylum;class;order;family;genus;species
79899.0,1,11821,Igbo Ora virus,no rank,Viruses;Riboviria;Orthornavirae;Kitrinoviricota;Alsuviricetes;Martellivirales;Togaviridae;Alphavirus;Onyong-nyong virus;Igbo Ora virus,10239;2559587;2732396;2732406;2732461;2732544;11018;11019;2169701;79899,superkingdom;clade;kingdom;phylum;class;order;family;genus;species;no rank
11023.0,1,11673,Middelburg virus,species,Viruses;Riboviria;Orthornavirae;Kitrinoviricota;Alsuviricetes;Martellivirales;Togaviridae;Alphavirus;Middelburg virus,10239;2559587;2732396;2732406;2732461;2732544;11018;11019;11023,superkingdom;clade;kingdom;phylum;class;order;family;genus;species
1440170.0,1,11561,Madariaga virus,species,Viruses;Riboviria;Orthornavirae;Kitrinoviricota;Alsuviricetes;Martellivirales;Togaviridae;Alphavirus;Madariaga virus,10239;2559587;2732396;2732406;2732461;2732544;11018;11019;1440170,superkingdom;clade;kingdom;phylum;class;order;family;genus;species
2576944.0,3,11559,Dar es Salaam virus TZ-189,no rank,Viruses;Riboviria;Orthornavirae;Negarnaviricota;Polyploviricotina;Ellioviricetes;Bunyavirales;Phenuiviridae;Tanzavirus;Tanzavirus daressalaamense;Dar es Salaam virus TZ-189,10239;2559587;2732396;2497569;2497571;2497576;1980410;1980418;2843070;3052759;2576944,superkingdom;clade;kingdom;phylum;subphylum;class;order;family;genus;species;no rank
992212.0,3,11490,SFTS virus HB29,no rank,Viruses;Riboviria;Orthornavirae;Negarnaviricota;Polyploviricotina;Ellioviricetes;Bunyavirales;Phenuiviridae;Bandavirus;Bandavirus dabieense;SFTS virus HB29,10239;2559587;2732396;2497569;2497571;2497576;1980410;1980418;2733256;2748958;992212,superkingdom;clade;kingdom;phylum;subphylum;class;order;family;genus;species;no rank
318848.0,1,11450,Le Dantec virus,no rank,Viruses;Riboviria;Orthornavirae;Negarnaviricota;Haploviricotina;Monjiviricetes;Mononegavirales;Rhabdoviridae;Alpharhabdovirinae;Ledantevirus;Ledantevirus ledantec;Le Dantec virus,10239;2559587;2732396;2497569;2497570;2497574;11157;11270;2842407;1978532;1978540;318848,superkingdom;clade;kingdom;phylum;subphylum;class;order;family;subfamily;genus;species;no rank
2748235.0,3,11372,Zaliv Terpeniya virus,no rank,Viruses;Riboviria;Orthornavirae;Negarnaviricota;Polyploviricotina;Ellioviricetes;Bunyavirales;Phenuiviridae;Uukuvirus;Uukuvirus tyulenyense;Zaliv Terpeniya virus,10239;2559587;2732396;2497569;2497571;2497576;1980410;1980418;2734594;3052809;2748235,superkingdom;clade;kingdom;phylum;subphylum;class;order;family;genus;species;no rank
11591.0,3,11372,Uukuniemi virus,no rank,Viruses;Riboviria;Orthornavirae;Negarnaviricota;Polyploviricotina;Ellioviricetes;Bunyavirales;Phenuiviridae;Uukuvirus;Uukuvirus uukuniemiense;Uukuniemi virus,10239;2559587;2732396;2497569;2497571;2497576;1980410;1980418;2734594;3052811;11591,superkingdom;clade;kingdom;phylum;subphylum;class;order;family;genus;species;no rank
1003835.0,3,11272,Severe fever with thrombocytopenia syndrome virus,no rank,Viruses;Riboviria;Orthornavirae;Negarnaviricota;Polyploviricotina;Ellioviricetes;Bunyavirales;Phenuiviridae;Bandavirus;Bandavirus dabieense;Severe fever with thrombocytopenia syndrome virus,10239;2559587;2732396;2497569;2497571;2497576;1980410;1980418;2733256;2748958;1003835,superkingdom;clade;kingdom;phylum;subphylum;class;order;family;genus;species;no rank
11277.0,1,11161,Vesicular stomatitis Indiana virus,no rank,Viruses;Riboviria;Orthornavirae;Negarnaviricota;Haploviricotina;Monjiviricetes;Mononegavirales;Rhabdoviridae;Alpharhabdovirinae;Vesiculovirus;Vesiculovirus indiana;Vesicular stomatitis Indiana virus,10239;2559587;2732396;2497569;2497570;2497574;11157;11270;2842407;11271;1972577;11277,superkingdom;clade;kingdom;phylum;subphylum;class;order;family;subfamily;genus;species;no rank
1972568.0,1,11121,Vesiculovirus jurona,species,Viruses;Riboviria;Orthornavirae;Negarnaviricota;Haploviricotina;Monjiviricetes;Mononegavirales;Rhabdoviridae;Alpharhabdovirinae;Vesiculovirus;Vesiculovirus jurona,10239;2559587;2732396;2497569;2497570;2497574;11157;11270;2842407;11271;1972568,superkingdom;clade;kingdom;phylum;subphylum;class;order;family;subfamily;genus;species
11272.0,1,11120,Chandipura virus,no rank,Viruses;Riboviria;Orthornavirae;Negarnaviricota;Haploviricotina;Monjiviricetes;Mononegavirales;Rhabdoviridae;Alpharhabdovirinae;Vesiculovirus;Vesiculovirus chandipura;Chandipura virus,10239;2559587;2732396;2497569;2497570;2497574;11157;11270;2842407;11271;1972576;11272,superkingdom;clade;kingdom;phylum;subphylum;class;order;family;subfamily;genus;species;no rank
290008.0,1,11088,Isfahan virus,no rank,Viruses;Riboviria;Orthornavirae;Negarnaviricota;Haploviricotina;Monjiviricetes;Mononegavirales;Rhabdoviridae;Alpharhabdovirinae;Vesiculovirus;Vesiculovirus isfahan;Isfahan virus,10239;2559587;2732396;2497569;2497570;2497574;11157;11270;2842407;11271;1972573;290008,superkingdom;clade;kingdom;phylum;subphylum;class;order;family;subfamily;genus;species;no rank
64286.0,1,11065,Usutu virus,no rank,Viruses;Riboviria;Orthornavirae;Kitrinoviricota;Flasuviricetes;Amarillovirales;Flaviviridae;Orthoflavivirus;Orthoflavivirus usutuense;Usutu virus,10239;2559587;2732396;2732406;2732462;2732545;11050;3044782;3048443;64286,superkingdom;clade;kingdom;phylum;class;order;family;genus;species;no rank
11085.0,1,10874,Langat virus,no rank,Viruses;Riboviria;Orthornavirae;Kitrinoviricota;Flasuviricetes;Amarillovirales;Flaviviridae;Orthoflavivirus;Orthoflavivirus langatense;Langat virus,10239;2559587;2732396;2732406;2732462;2732545;11050;3044782;3048175;11085,superkingdom;clade;kingdom;phylum;class;order;family;genus;species;no rank
11086.0,1,10871,Louping ill virus,no rank,Viruses;Riboviria;Orthornavirae;Kitrinoviricota;Flasuviricetes;Amarillovirales;Flaviviridae;Orthoflavivirus;Orthoflavivirus loupingi;Louping ill virus,10239;2559587;2732396;2732406;2732462;2732545;11050;3044782;3048184;11086,superkingdom;clade;kingdom;phylum;class;order;family;genus;species;no rank
164416.0,1,10814,Wesselsbron virus,no rank,Viruses;Riboviria;Orthornavirae;Kitrinoviricota;Flasuviricetes;Amarillovirales;Flaviviridae;Orthoflavivirus;Orthoflavivirus wesselsbronense;Wesselsbron virus,10239;2559587;2732396;2732406;2732462;2732545;11050;3044782;3048447;164416,superkingdom;clade;kingdom;phylum;class;order;family;genus;species;no rank
172148.0,1,10775,Alkhumra hemorrhagic fever virus,no rank,Viruses;Riboviria;Orthornavirae;Kitrinoviricota;Flasuviricetes;Amarillovirales;Flaviviridae;Orthoflavivirus;Orthoflavivirus kyasanurense;Kyasanur Forest disease virus;Alkhumra hemorrhagic fever virus,10239;2559587;2732396;2732406;2732462;2732545;11050;3044782;3048170;33743;172148,superkingdom;clade;kingdom;phylum;class;order;family;genus;species;no rank;no rank
33743.0,1,10774,Kyasanur Forest disease virus,no rank,Viruses;Riboviria;Orthornavirae;Kitrinoviricota;Flasuviricetes;Amarillovirales;Flaviviridae;Orthoflavivirus;Orthoflavivirus kyasanurense;Kyasanur Forest disease virus,10239;2559587;2732396;2732406;2732462;2732545;11050;3044782;3048170;33743,superkingdom;clade;kingdom;phylum;class;order;family;genus;species;no rank
59563.0,1,10759,Ilheus virus,no rank,Viruses;Riboviria;Orthornavirae;Kitrinoviricota;Flasuviricetes;Amarillovirales;Flaviviridae;Orthoflavivirus;Orthoflavivirus ilheusense;Ilheus virus,10239;2559587;2732396;2732406;2732462;2732545;11050;3044782;3052466;59563,superkingdom;clade;kingdom;phylum;class;order;family;genus;species;no rank
11053.0,1,10735,dengue virus type 1,no rank,Viruses;Riboviria;Orthornavirae;Kitrinoviricota;Flasuviricetes;Amarillovirales;Flaviviridae;Orthoflavivirus;Orthoflavivirus denguei;Dengue virus;dengue virus type 1,10239;2559587;2732396;2732406;2732462;2732545;11050;3044782;3052464;12637;11053,superkingdom;clade;kingdom;phylum;class;order;family;genus;species;no rank;no rank
1930298.0,5,10734,Chicken stool-associated gemycircularvirus,no rank,Viruses;Monodnaviria;Shotokuvirae;Cressdnaviricota;Repensiviricetes;Geplafuvirales;Genomoviridae;Gemykrogvirus;Gemykrogvirus galga2;Chicken stool-associated gemycircularvirus,10239;2731342;2732092;2732416;2732424;2732539;1910928;1985367;2844629;1930298,superkingdom;clade;kingdom;phylum;class;order;family;genus;species;no rank
11060.0,1,10723,dengue virus type 2,no rank,Viruses;Riboviria;Orthornavirae;Kitrinoviricota;Flasuviricetes;Amarillovirales;Flaviviridae;Orthoflavivirus;Orthoflavivirus denguei;Dengue virus;dengue virus type 2,10239;2559587;2732396;2732406;2732462;2732545;11050;3044782;3052464;12637;11060,superkingdom;clade;kingdom;phylum;class;order;family;genus;species;no rank;no rank
11318.0,6,10616,Thogotovirus dhoriense,species,Viruses;Riboviria;Orthornavirae;Negarnaviricota;Polyploviricotina;Insthoviricetes;Articulavirales;Orthomyxoviridae;Thogotovirus;Thogotovirus dhoriense,10239;2559587;2732396;2497569;2497571;2497577;2499411;11308;35323;11318,superkingdom;clade;kingdom;phylum;subphylum;class;order;family;genus;species
3052330.0,2,10483,Mammarenavirus wenzhouense,species,Viruses;Riboviria;Orthornavirae;Negarnaviricota;Polyploviricotina;Ellioviricetes;Bunyavirales;Arenaviridae;Mammarenavirus;Mammarenavirus wenzhouense,10239;2559587;2732396;2497569;2497571;2497576;1980410;11617;1653394;3052330,superkingdom;clade;kingdom;phylum;subphylum;class;order;family;genus;species
3052302.0,2,10464,Mammarenavirus chapareense,species,Viruses;Riboviria;Orthornavirae;Negarnaviricota;Polyploviricotina;Ellioviricetes;Bunyavirales;Arenaviridae;Mammarenavirus;Mammarenavirus chapareense,10239;2559587;2732396;2497569;2497571;2497576;1980410;11617;1653394;3052302,superkingdom;clade;kingdom;phylum;subphylum;class;order;family;genus;species
11083.0,1,10415,Powassan virus,no rank,Viruses;Riboviria;Orthornavirae;Kitrinoviricota;Flasuviricetes;Amarillovirales;Flaviviridae;Orthoflavivirus;Orthoflavivirus powassanense;Powassan virus,10239;2559587;2732396;2732406;2732462;2732545;11050;3044782;3048287;11083,superkingdom;clade;kingdom;phylum;class;order;family;genus;species;no rank
11709.0,1,10359,Human immunodeficiency virus 2,species,Viruses;Riboviria;Pararnavirae;Artverviricota;Revtraviricetes;Ortervirales;Retroviridae;Orthoretrovirinae;Lentivirus;Human immunodeficiency virus 2,10239;2559587;2732397;2732409;2732514;2169561;11632;327045;11646;11709,superkingdom;clade;kingdom;phylum;class;order;family;subfamily;genus;species
3052314.0,2,10352,Mammarenavirus lujoense,species,Viruses;Riboviria;Orthornavirae;Negarnaviricota;Polyploviricotina;Ellioviricetes;Bunyavirales;Arenaviridae;Mammarenavirus;Mammarenavirus lujoense,10239;2559587;2732396;2497569;2497571;2497576;1980410;11617;1653394;3052314,superkingdom;clade;kingdom;phylum;subphylum;class;order;family;genus;species
38837.0,1,10182,Banzi virus,no rank,Viruses;Riboviria;Orthornavirae;Kitrinoviricota;Flasuviricetes;Amarillovirales;Flaviviridae;Orthoflavivirus;Orthoflavivirus banziense;Banzi virus,10239;2559587;2732396;2732406;2732462;2732545;11050;3044782;3047395;38837,superkingdom;clade;kingdom;phylum;class;order;family;genus;species;no rank
1729141.0,1,9867,Human pegivirus 2,no rank,Viruses;Riboviria;Orthornavirae;Kitrinoviricota;Flasuviricetes;Amarillovirales;Flaviviridae;Pegivirus;Pegivirus columbiaense;Human pegivirus 2,10239;2559587;2732396;2732406;2732462;2732545;11050;1307799;3052606;1729141,superkingdom;clade;kingdom;phylum;class;order;family;genus;species;no rank
1245561.0,2,9818,Wuharv (rhesus) parvovirus 1,no rank,Viruses;Monodnaviria;Shotokuvirae;Cossaviricota;Quintoviricetes;Piccovirales;Parvoviridae;Parvovirinae;Protoparvovirus;Protoparvovirus primate2;Wuharv (rhesus) parvovirus 1,10239;2731342;2732092;2732415;2732422;2732534;10780;40119;1506574;3052715;1245561,superkingdom;clade;kingdom;phylum;class;order;family;subfamily;genus;species;no rank
41856.0,1,9646,Hepatitis C virus genotype 1,genotype,Viruses;Riboviria;Orthornavirae;Kitrinoviricota;Flasuviricetes;Amarillovirales;Flaviviridae;Hepacivirus;Hepacivirus hominis;Hepatitis C virus genotype 1,10239;2559587;2732396;2732406;2732462;2732545;11050;11102;3052230;41856,superkingdom;clade;kingdom;phylum;class;order;family;genus;species;genotype
1704090.0,1,9538,Human hepegivirus,no rank,Viruses;Riboviria;Orthornavirae;Kitrinoviricota;Flasuviricetes;Amarillovirales;Flaviviridae;Pegivirus;Pegivirus columbiaense;Human hepegivirus,10239;2559587;2732396;2732406;2732462;2732545;11050;1307799;3052606;1704090,superkingdom;clade;kingdom;phylum;class;order;family;genus;species;no rank
356114.0,1,9456,Hepatitis C virus genotype 3,genotype,Viruses;Riboviria;Orthornavirae;Kitrinoviricota;Flasuviricetes;Amarillovirales;Flaviviridae;Hepacivirus;Hepacivirus hominis;Hepatitis C virus genotype 3,10239;2559587;2732396;2732406;2732462;2732545;11050;11102;3052230;356114,superkingdom;clade;kingdom;phylum;class;order;family;genus;species;genotype
1544901.0,1,9443,Hepatitis C virus genotype 7,genotype,Viruses;Riboviria;Orthornavirae;Kitrinoviricota;Flasuviricetes;Amarillovirales;Flaviviridae;Hepacivirus;Hepacivirus hominis;Hepatitis C virus genotype 7,10239;2559587;2732396;2732406;2732462;2732545;11050;11102;3052230;1544901,superkingdom;clade;kingdom;phylum;class;order;family;genus;species;genotype
54290.0,1,9392,GB virus C,no rank,Viruses;Riboviria;Orthornavirae;Kitrinoviricota;Flasuviricetes;Amarillovirales;Flaviviridae;Pegivirus;Pegivirus hominis;GB virus C,10239;2559587;2732396;2732406;2732462;2732545;11050;1307799;3052608;54290,superkingdom;clade;kingdom;phylum;class;order;family;genus;species;no rank
33745.0,1,9355,Hepatitis C virus genotype 4,genotype,Viruses;Riboviria;Orthornavirae;Kitrinoviricota;Flasuviricetes;Amarillovirales;Flaviviridae;Hepacivirus;Hepacivirus hominis;Hepatitis C virus genotype 4,10239;2559587;2732396;2732406;2732462;2732545;11050;11102;3052230;33745,superkingdom;clade;kingdom;phylum;class;order;family;genus;species;genotype
33746.0,1,9343,Hepatitis C virus genotype 5,genotype,Viruses;Riboviria;Orthornavirae;Kitrinoviricota;Flasuviricetes;Amarillovirales;Flaviviridae;Hepacivirus;Hepacivirus hominis;Hepatitis C virus genotype 5,10239;2559587;2732396;2732406;2732462;2732545;11050;11102;3052230;33746,superkingdom;clade;kingdom;phylum;class;order;family;genus;species;genotype
1758225.0,1,9316,Human pegivirus,no rank,Viruses;Riboviria;Orthornavirae;Kitrinoviricota;Flasuviricetes;Amarillovirales;Flaviviridae;Pegivirus;Pegivirus platyrrhini;Human pegivirus,10239;2559587;2732396;2732406;2732462;2732545;11050;1307799;3052610;1758225,superkingdom;clade;kingdom;phylum;class;order;family;genus;species;no rank
3160829.0,3,9184,Lamedtorquevirus hominid11,species,Viruses;Anelloviridae;Lamedtorquevirus;Lamedtorquevirus hominid11,10239;687329;3152494;3160829,superkingdom;family;genus;species
11676.0,1,9181,Human immunodeficiency virus 1,species,Viruses;Riboviria;Pararnavirae;Artverviricota;Revtraviricetes;Ortervirales;Retroviridae;Orthoretrovirinae;Lentivirus;Human immunodeficiency virus 1,10239;2559587;2732397;2732409;2732514;2169561;11632;327045;11646;11676,superkingdom;clade;kingdom;phylum;class;order;family;subfamily;genus;species
3052236.0,1,9143,Hepacivirus platyrrhini,species,Viruses;Riboviria;Orthornavirae;Kitrinoviricota;Flasuviricetes;Amarillovirales;Flaviviridae;Hepacivirus;Hepacivirus platyrrhini,10239;2559587;2732396;2732406;2732462;2732545;11050;11102;3052236,superkingdom;clade;kingdom;phylum;class;order;family;genus;species
11909.0,1,8952,Human T-lymphotropic virus 2,no rank,Viruses;Riboviria;Pararnavirae;Artverviricota;Revtraviricetes;Ortervirales;Retroviridae;Orthoretrovirinae;Deltaretrovirus;Primate T-lymphotropic virus 2;Human T-lymphotropic virus 2,10239;2559587;2732397;2732409;2732514;2169561;11632;327045;153136;194441;11909,superkingdom;clade;kingdom;phylum;class;order;family;subfamily;genus;species;no rank
1511807.0,1,8931,rosavirus A2,no rank,Viruses;Riboviria;Orthornavirae;Pisuviricota;Pisoniviricetes;Picornavirales;Picornaviridae;Kodimesavirinae;Rosavirus;Rosavirus A;rosavirus A2,10239;2559587;2732396;2732408;2732506;464095;12058;2946635;1511804;1511805;1511807,superkingdom;clade;kingdom;phylum;class;order;family;subfamily;genus;species;no rank
28332.0,1,8913,Human T-lymphotropic virus 3,no rank,Viruses;Riboviria;Pararnavirae;Artverviricota;Revtraviricetes;Ortervirales;Retroviridae;Orthoretrovirinae;Deltaretrovirus;Primate T-lymphotropic virus 3;Human T-lymphotropic virus 3,10239;2559587;2732397;2732409;2732514;2169561;11632;327045;153136;194443;28332,superkingdom;clade;kingdom;phylum;class;order;family;subfamily;genus;species;no rank
1714619.0,1,8910,Orthobornavirus bornaense,species,Viruses;Riboviria;Orthornavirae;Negarnaviricota;Haploviricotina;Monjiviricetes;Mononegavirales;Bornaviridae;Orthobornavirus;Orthobornavirus bornaense,10239;2559587;2732396;2497569;2497570;2497574;11157;178830;186458;1714619,superkingdom;clade;kingdom;phylum;subphylum;class;order;family;genus;species
1897087.0,1,8850,Orthobornavirus sciuri,species,Viruses;Riboviria;Orthornavirae;Negarnaviricota;Haploviricotina;Monjiviricetes;Mononegavirales;Bornaviridae;Orthobornavirus;Orthobornavirus sciuri,10239;2559587;2732396;2497569;2497570;2497574;11157;178830;186458;1897087,superkingdom;clade;kingdom;phylum;subphylum;class;order;family;genus;species
318279.0,1,8791,Human T-lymphotropic virus 4,species,Viruses;Riboviria;Pararnavirae;Artverviricota;Revtraviricetes;Ortervirales;Retroviridae;Orthoretrovirinae;Deltaretrovirus;unclassified Deltaretrovirus;Human T-lymphotropic virus 4,10239;2559587;2732397;2732409;2732514;2169561;11632;327045;153136;347956;318279,superkingdom;clade;kingdom;phylum;class;order;family;subfamily;genus;no rank;species
12475.0,5,8411,Hepatitis delta virus,species,Viruses;Ribozyviria;Kolmioviridae;Deltavirus;Hepatitis delta virus,10239;2842242;2842321;39759;12475,superkingdom;clade;family;genus;species
1313215.0,1,8251,aichivirus A1,no rank,Viruses;Riboviria;Orthornavirae;Pisuviricota;Pisoniviricetes;Picornavirales;Picornaviridae;Kodimesavirinae;Kobuvirus;Kobuvirus aichi;aichivirus A1,10239;2559587;2732396;2732408;2732506;464095;12058;2946635;194960;72149;1313215,superkingdom;clade;kingdom;phylum;class;order;family;subfamily;genus;species;no rank
114654.0,1,8207,DG-75 Murine leukemia virus,no rank,Viruses;Riboviria;Pararnavirae;Artverviricota;Revtraviricetes;Ortervirales;Retroviridae;Orthoretrovirinae;Gammaretrovirus;Murine leukemia virus;unclassified Murine leukemia virus;DG-75 Murine leukemia virus,10239;2559587;2732397;2732409;2732514;2169561;11632;327045;153135;11786;368797;114654,superkingdom;clade;kingdom;phylum;class;order;family;subfamily;genus;species;no rank;no rank
2779847.0,1,8115,cardiovirus D1,no rank,Viruses;Riboviria;Orthornavirae;Pisuviricota;Pisoniviricetes;Picornavirales;Picornaviridae;Caphthovirinae;Cardiovirus;Cardiovirus D;cardiovirus D1,10239;2559587;2732396;2732408;2732506;464095;12058;2946627;12103;2734523;2779847,superkingdom;clade;kingdom;phylum;class;order;family;subfamily;genus;species;no rank
12104.0,2,8066,Encephalomyocarditis virus,no rank,Viruses;Riboviria;Orthornavirae;Pisuviricota;Pisoniviricetes;Picornavirales;Picornaviridae;Caphthovirinae;Cardiovirus;Cardiovirus A;Encephalomyocarditis virus,10239;2559587;2732396;2732408;2732506;464095;12058;2946627;12103;1821749;12104,superkingdom;clade;kingdom;phylum;class;order;family;subfamily;genus;species;no rank
1330524.0,1,7989,Salivirus A,species,Viruses;Riboviria;Orthornavirae;Pisuviricota;Pisoniviricetes;Picornavirales;Picornaviridae;Kodimesavirinae;Salivirus;Salivirus A,10239;2559587;2732396;2732408;2732506;464095;12058;2946635;688449;1330524,superkingdom;clade;kingdom;phylum;class;order;family;subfamily;genus;species
333767.0,1,7989,Alphapapillomavirus 3,species,Viruses;Monodnaviria;Shotokuvirae;Cossaviricota;Papovaviricetes;Zurhausenvirales;Papillomaviridae;Firstpapillomavirinae;Alphapapillomavirus;Alphapapillomavirus 3,10239;2731342;2732092;2732415;2732421;2732533;151340;2169595;333750;333767,superkingdom;clade;kingdom;phylum;class;order;family;subfamily;genus;species
651733.0,1,7982,Salivirus NG-J1,no rank,Viruses;Riboviria;Orthornavirae;Pisuviricota;Pisoniviricetes;Picornavirales;Picornaviridae;Kodimesavirinae;Salivirus;Salivirus A;Salivirus NG-J1,10239;2559587;2732396;2732408;2732506;464095;12058;2946635;688449;1330524;651733,superkingdom;clade;kingdom;phylum;class;order;family;subfamily;genus;species;no rank
333923.0,1,7746,Human papillomavirus 5,serotype,Viruses;Monodnaviria;Shotokuvirae;Cossaviricota;Papovaviricetes;Zurhausenvirales;Papillomaviridae;Firstpapillomavirinae;Betapapillomavirus;Betapapillomavirus 1;Human papillomavirus 5,10239;2731342;2732092;2732415;2732421;2732533;151340;2169595;333922;337051;333923,superkingdom;clade;kingdom;phylum;class;order;family;subfamily;genus;species;serotype
1529909.0,1,7745,Norovirus GI/Hu/JP/2007/GI.P3_GI.3/Shimizu/KK2866,no rank,Viruses;Riboviria;Orthornavirae;Pisuviricota;Pisoniviricetes;Picornavirales;Caliciviridae;Norovirus;Norwalk virus;Norovirus GI;Norovirus genogroup 1 isolates;Norovirus GI/Hu/JP/2007/GI.P3_GI.3/Shimizu/KK2866,10239;2559587;2732396;2732408;2732506;464095;11974;142786;11983;122928;235544;1529909,superkingdom;clade;kingdom;phylum;class;order;family;genus;species;clade;no rank;no rank
333764.0,1,7723,Human papillomavirus type 34,serotype,Viruses;Monodnaviria;Shotokuvirae;Cossaviricota;Papovaviricetes;Zurhausenvirales;Papillomaviridae;Firstpapillomavirinae;Alphapapillomavirus;Alphapapillomavirus 11;Human papillomavirus type 34,10239;2731342;2732092;2732415;2732421;2732533;151340;2169595;333750;337049;333764,superkingdom;clade;kingdom;phylum;class;order;family;subfamily;genus;species;serotype
1330491.0,1,7632,Cosavirus A,species,Viruses;Riboviria;Orthornavirae;Pisuviricota;Pisoniviricetes;Picornavirales;Picornaviridae;Caphthovirinae;Cosavirus;Cosavirus A,10239;2559587;2732396;2732408;2732506;464095;12058;2946627;586418;1330491,superkingdom;clade;kingdom;phylum;class;order;family;subfamily;genus;species
10589.0,1,7614,Human papillomavirus type 41,serotype,Viruses;Monodnaviria;Shotokuvirae;Cossaviricota;Papovaviricetes;Zurhausenvirales;Papillomaviridae;Firstpapillomavirinae;Nupapillomavirus;Nupapillomavirus 1;Human papillomavirus type 41,10239;2731342;2732092;2732415;2732421;2732533;151340;2169595;475861;334205;10589,superkingdom;clade;kingdom;phylum;class;order;family;subfamily;genus;species;serotype
172314.0,1,7590,Ljungan virus,no rank,Viruses;Riboviria;Orthornavirae;Pisuviricota;Pisoniviricetes;Picornavirales;Picornaviridae;Paavivirinae;Parechovirus;Parechovirus B;Ljungan virus,10239;2559587;2732396;2732408;2732506;464095;12058;2946640;138954;1803957;172314,superkingdom;clade;kingdom;phylum;class;order;family;subfamily;genus;species;no rank
552592.0,1,7556,Norovirus GII.17,clade,Viruses;Riboviria;Orthornavirae;Pisuviricota;Pisoniviricetes;Picornavirales;Caliciviridae;Norovirus;Norwalk virus;Norovirus GII;Norovirus GII.17,10239;2559587;2732396;2732408;2732506;464095;11974;142786;11983;122929;552592,superkingdom;clade;kingdom;phylum;class;order;family;genus;species;clade;clade
1529918.0,1,7551,Norovirus GII/Hu/JP/2007/GII.P15_GII.15/Sapporo/HK299,no rank,Viruses;Riboviria;Orthornavirae;Pisuviricota;Pisoniviricetes;Picornavirales;Caliciviridae;Norovirus;Norwalk virus;Norovirus GII;Norovirus GII isolates;Norovirus GII/Hu/JP/2007/GII.P15_GII.15/Sapporo/HK299,10239;2559587;2732396;2732408;2732506;464095;11974;142786;11983;122929;490043;1529918,superkingdom;clade;kingdom;phylum;class;order;family;genus;species;clade;clade;no rank
1529924.0,1,7543,Norovirus GII/Hu/JP/2011/GII/Yuzawa/Gira2HS,no rank,Viruses;Riboviria;Orthornavirae;Pisuviricota;Pisoniviricetes;Picornavirales;Caliciviridae;Norovirus;Norwalk virus;Norovirus GII;Norovirus GII isolates;Norovirus GII/Hu/JP/2011/GII/Yuzawa/Gira2HS,10239;2559587;2732396;2732408;2732506;464095;11974;142786;11983;122929;490043;1529924,superkingdom;clade;kingdom;phylum;class;order;family;genus;species;clade;clade;no rank
1294177.0,1,7537,parechovirus C1,no rank,Viruses;Riboviria;Orthornavirae;Pisuviricota;Pisoniviricetes;Picornavirales;Picornaviridae;Paavivirinae;Parechovirus;Parechovirus C;parechovirus C1,10239;2559587;2732396;2732408;2732506;464095;12058;2946640;138954;2031165;1294177,superkingdom;clade;kingdom;phylum;class;order;family;subfamily;genus;species;no rank
12092.0,1,7478,Hepatovirus A,species,Viruses;Riboviria;Orthornavirae;Pisuviricota;Pisoniviricetes;Picornavirales;Picornaviridae;Heptrevirinae;Hepatovirus;Hepatovirus A,10239;2559587;2732396;2732408;2732506;464095;12058;2946633;12091;12092,superkingdom;clade;kingdom;phylum;class;order;family;subfamily;genus;species
290314.0,1,7476,Sapovirus C12,no rank,Viruses;Riboviria;Orthornavirae;Pisuviricota;Pisoniviricetes;Picornavirales;Caliciviridae;Sapovirus;Sapporo virus;Sapovirus GII;Sapovirus C12,10239;2559587;2732396;2732408;2732506;464095;11974;95341;95342;515177;290314,superkingdom;clade;kingdom;phylum;class;order;family;genus;species;no rank;no rank
758863.0,1,7433,Sapovirus Hu/GI/Sapporo/MT-2010/1982,no rank,Viruses;Riboviria;Orthornavirae;Pisuviricota;Pisoniviricetes;Picornavirales;Caliciviridae;Sapovirus;Sapporo virus;Sapovirus GI;Sapovirus Hu/GI/Sapporo/MT-2010/1982,10239;2559587;2732396;2732408;2732506;464095;11974;95341;95342;515176;758863,superkingdom;clade;kingdom;phylum;class;order;family;genus;species;no rank;no rank
306586.0,1,7429,Enterovirus A89,serotype,Viruses;Riboviria;Orthornavirae;Pisuviricota;Pisoniviricetes;Picornavirales;Picornaviridae;Ensavirinae;Enterovirus;Enterovirus A;Enterovirus A89,10239;2559587;2732396;2732408;2732506;464095;12058;2946630;12059;138948;306586,superkingdom;clade;kingdom;phylum;class;order;family;subfamily;genus;species;serotype
47509.0,1,7426,Echovirus E21,serotype,Viruses;Riboviria;Orthornavirae;Pisuviricota;Pisoniviricetes;Picornavirales;Picornaviridae;Ensavirinae;Enterovirus;Enterovirus B;Echovirus E21,10239;2559587;2732396;2732408;2732506;464095;12058;2946630;12059;138949;47509,superkingdom;clade;kingdom;phylum;class;order;family;subfamily;genus;species;serotype
2487725.0,1,7423,Enterovirus B107,no rank,Viruses;Riboviria;Orthornavirae;Pisuviricota;Pisoniviricetes;Picornavirales;Picornaviridae;Ensavirinae;Enterovirus;Enterovirus B;Enterovirus B107,10239;2559587;2732396;2732408;2732506;464095;12058;2946630;12059;138949;2487725,superkingdom;clade;kingdom;phylum;class;order;family;subfamily;genus;species;no rank
318570.0,1,7423,Enterovirus B87,serotype,Viruses;Riboviria;Orthornavirae;Pisuviricota;Pisoniviricetes;Picornavirales;Picornaviridae;Ensavirinae;Enterovirus;Enterovirus B;Enterovirus B87,10239;2559587;2732396;2732408;2732506;464095;12058;2946630;12059;138949;318570,superkingdom;clade;kingdom;phylum;class;order;family;subfamily;genus;species;serotype
582384.0,1,7422,Enterovirus B98,serotype,Viruses;Riboviria;Orthornavirae;Pisuviricota;Pisoniviricetes;Picornavirales;Picornaviridae;Ensavirinae;Enterovirus;Enterovirus B;Enterovirus B98,10239;2559587;2732396;2732408;2732506;464095;12058;2946630;12059;138949;582384,superkingdom;clade;kingdom;phylum;class;order;family;subfamily;genus;species;serotype
318567.0,1,7421,Enterovirus B84,serotype,Viruses;Riboviria;Orthornavirae;Pisuviricota;Pisoniviricetes;Picornavirales;Picornaviridae;Ensavirinae;Enterovirus;Enterovirus B;Enterovirus B84,10239;2559587;2732396;2732408;2732506;464095;12058;2946630;12059;138949;318567,superkingdom;clade;kingdom;phylum;class;order;family;subfamily;genus;species;serotype
103915.0,1,7420,Echovirus 9 strain Hill,no rank,Viruses;Riboviria;Orthornavirae;Pisuviricota;Pisoniviricetes;Picornavirales;Picornaviridae;Ensavirinae;Enterovirus;Enterovirus B;Echovirus E9;Echovirus 9 strain Hill,10239;2559587;2732396;2732408;2732506;464095;12058;2946630;12059;138949;12060;103915,superkingdom;clade;kingdom;phylum;class;order;family;subfamily;genus;species;serotype;no rank
1248136.0,1,7420,Enterovirus B106,serotype,Viruses;Riboviria;Orthornavirae;Pisuviricota;Pisoniviricetes;Picornavirales;Picornaviridae;Ensavirinae;Enterovirus;Enterovirus B;Enterovirus B106,10239;2559587;2732396;2732408;2732506;464095;12058;2946630;12059;138949;1248136,superkingdom;clade;kingdom;phylum;class;order;family;subfamily;genus;species;serotype
47512.0,1,7410,Echovirus E29,serotype,Viruses;Riboviria;Orthornavirae;Pisuviricota;Pisoniviricetes;Picornavirales;Picornaviridae;Ensavirinae;Enterovirus;Enterovirus B;Echovirus E29,10239;2559587;2732396;2732408;2732506;464095;12058;2946630;12059;138949;47512,superkingdom;clade;kingdom;phylum;class;order;family;subfamily;genus;species;serotype
2152662.0,1,7409,Coxsackievirus A16 (strain CVA16-GZ),no rank,Viruses;Riboviria;Orthornavirae;Pisuviricota;Pisoniviricetes;Picornavirales;Picornaviridae;Ensavirinae;Enterovirus;Enterovirus A;unclassified Enterovirus A;Coxsackievirus A16 (strain CVA16-GZ),10239;2559587;2732396;2732408;2732506;464095;12058;2946630;12059;138948;1530249;2152662,superkingdom;clade;kingdom;phylum;class;order;family;subfamily;genus;species;no rank;no rank
222889.0,1,7407,Enterovirus B74,serotype,Viruses;Riboviria;Orthornavirae;Pisuviricota;Pisoniviricetes;Picornavirales;Picornaviridae;Ensavirinae;Enterovirus;Enterovirus B;Enterovirus B74,10239;2559587;2732396;2732408;2732506;464095;12058;2946630;12059;138949;222889,superkingdom;clade;kingdom;phylum;class;order;family;subfamily;genus;species;serotype
1006008.0,1,7405,Human enterovirus 71 HZ08/Hangzhou/2008,no rank,Viruses;Riboviria;Orthornavirae;Pisuviricota;Pisoniviricetes;Picornavirales;Picornaviridae;Ensavirinae;Enterovirus;Enterovirus A;Enterovirus A71;Human enterovirus 71 HZ08/Hangzhou/2008,10239;2559587;2732396;2732408;2732506;464095;12058;2946630;12059;138948;39054;1006008,superkingdom;clade;kingdom;phylum;class;order;family;subfamily;genus;species;serotype;no rank
47513.0,1,7393,Echovirus E31,serotype,Viruses;Riboviria;Orthornavirae;Pisuviricota;Pisoniviricetes;Picornavirales;Picornaviridae;Ensavirinae;Enterovirus;Enterovirus B;Echovirus E31,10239;2559587;2732396;2732408;2732506;464095;12058;2946630;12059;138949;47513,superkingdom;clade;kingdom;phylum;class;order;family;subfamily;genus;species;serotype
1134340.0,1,7385,Enterovirus C116,serotype,Viruses;Riboviria;Orthornavirae;Pisuviricota;Pisoniviricetes;Picornavirales;Picornaviridae;Ensavirinae;Enterovirus;Enterovirus C;Enterovirus C116,10239;2559587;2732396;2732408;2732506;464095;12058;2946630;12059;138950;1134340,superkingdom;clade;kingdom;phylum;class;order;family;subfamily;genus;species;serotype
687343.0,2,7380,Torque teno virus 4,no rank,Viruses;Anelloviridae;Alphatorquevirus;Alphatorquevirus homin4;Torque teno virus 4,10239;687329;687331;3048429;687343,superkingdom;family;genus;species;no rank
47501.0,1,7366,Echovirus E13,serotype,Viruses;Riboviria;Orthornavirae;Pisuviricota;Pisoniviricetes;Picornavirales;Picornaviridae;Ensavirinae;Enterovirus;Enterovirus B;Echovirus E13,10239;2559587;2732396;2732408;2732506;464095;12058;2946630;12059;138949;47501,superkingdom;clade;kingdom;phylum;class;order;family;subfamily;genus;species;serotype
35294.0,1,7364,Echovirus E2,serotype,Viruses;Riboviria;Orthornavirae;Pisuviricota;Pisoniviricetes;Picornavirales;Picornaviridae;Ensavirinae;Enterovirus;Enterovirus B;Echovirus E2,10239;2559587;2732396;2732408;2732506;464095;12058;2946630;12059;138949;35294,superkingdom;clade;kingdom;phylum;class;order;family;subfamily;genus;species;serotype
1803956.0,1,7348,Parechovirus A,species,Viruses;Riboviria;Orthornavirae;Pisuviricota;Pisoniviricetes;Picornavirales;Picornaviridae;Paavivirinae;Parechovirus;Parechovirus A,10239;2559587;2732396;2732408;2732506;464095;12058;2946640;138954;1803956,superkingdom;clade;kingdom;phylum;class;order;family;subfamily;genus;species
28311.0,1,7348,Human papillomavirus type 63,serotype,Viruses;Monodnaviria;Shotokuvirae;Cossaviricota;Papovaviricetes;Zurhausenvirales;Papillomaviridae;Firstpapillomavirinae;Mupapillomavirus;Mupapillomavirus 2;Human papillomavirus type 63,10239;2731342;2732092;2732415;2732421;2732533;151340;2169595;334202;334204;28311,superkingdom;clade;kingdom;phylum;class;order;family;subfamily;genus;species;serotype
74561.0,1,7340,Coxsackievirus B6,no rank,Viruses;Riboviria;Orthornavirae;Pisuviricota;Pisoniviricetes;Picornavirales;Picornaviridae;Ensavirinae;Enterovirus;Enterovirus B;Coxsackievirus B6,10239;2559587;2732396;2732408;2732506;464095;12058;2946630;12059;138949;74561,superkingdom;clade;kingdom;phylum;class;order;family;subfamily;genus;species;no rank
1472343.0,1,7324,Human papillomavirus 184,serotype,Viruses;Monodnaviria;Shotokuvirae;Cossaviricota;Papovaviricetes;Zurhausenvirales;Papillomaviridae;Firstpapillomavirinae;Gammapapillomavirus;Gammapapillomavirus 25;Human papillomavirus 184,10239;2731342;2732092;2732415;2732421;2732533;151340;2169595;325455;1961682;1472343,superkingdom;clade;kingdom;phylum;class;order;family;subfamily;genus;species;serotype
10566.0,1,7320,Human papillomavirus,species,Viruses;Monodnaviria;Shotokuvirae;Cossaviricota;Papovaviricetes;Zurhausenvirales;Papillomaviridae;unclassified Papillomaviridae;Human papillomavirus types;Human papillomavirus,10239;2731342;2732092;2732415;2732421;2732533;151340;333774;173087;10566,superkingdom;clade;kingdom;phylum;class;order;family;no rank;clade;species
2760809.0,1,7317,enterovirus A114,no rank,Viruses;Riboviria;Orthornavirae;Pisuviricota;Pisoniviricetes;Picornavirales;Picornaviridae;Ensavirinae;Enterovirus;Enterovirus A;enterovirus A114,10239;2559587;2732396;2732408;2732506;464095;12058;2946630;12059;138948;2760809,superkingdom;clade;kingdom;phylum;class;order;family;subfamily;genus;species;no rank
2749421.0,1,7316,Enterovirus C105,no rank,Viruses;Riboviria;Orthornavirae;Pisuviricota;Pisoniviricetes;Picornavirales;Picornaviridae;Ensavirinae;Enterovirus;Enterovirus C;Enterovirus C105,10239;2559587;2732396;2732408;2732506;464095;12058;2946630;12059;138950;2749421,superkingdom;clade;kingdom;phylum;class;order;family;subfamily;genus;species;no rank
147683.0,1,7300,rhinovirus B42,serotype,Viruses;Riboviria;Orthornavirae;Pisuviricota;Pisoniviricetes;Picornavirales;Picornaviridae;Ensavirinae;Enterovirus;Rhinovirus B;rhinovirus B42,10239;2559587;2732396;2732408;2732506;464095;12058;2946630;12059;147712;147683,superkingdom;clade;kingdom;phylum;class;order;family;subfamily;genus;species;serotype
147676.0,1,7278,rhinovirus A45,serotype,Viruses;Riboviria;Orthornavirae;Pisuviricota;Pisoniviricetes;Picornavirales;Picornaviridae;Ensavirinae;Enterovirus;Rhinovirus A;rhinovirus A45,10239;2559587;2732396;2732408;2732506;464095;12058;2946630;12059;147711;147676,superkingdom;clade;kingdom;phylum;class;order;family;subfamily;genus;species;serotype
915427.0,1,7227,human papillomavirus 112,serotype,Viruses;Monodnaviria;Shotokuvirae;Cossaviricota;Papovaviricetes;Zurhausenvirales;Papillomaviridae;Firstpapillomavirinae;Gammapapillomavirus;Gammapapillomavirus 8;human papillomavirus 112,10239;2731342;2732092;2732415;2732421;2732533;151340;2169595;325455;1175850;915427,superkingdom;clade;kingdom;phylum;class;order;family;subfamily;genus;species;serotype
2003650.0,1,7215,Cosavirus D,species,Viruses;Riboviria;Orthornavirae;Pisuviricota;Pisoniviricetes;Picornavirales;Picornaviridae;Caphthovirinae;Cosavirus;Cosavirus D,10239;2559587;2732396;2732408;2732506;464095;12058;2946627;586418;2003650,superkingdom;clade;kingdom;phylum;class;order;family;subfamily;genus;species
586420.0,1,7205,Human cosavirus B,no rank,Viruses;Riboviria;Orthornavirae;Pisuviricota;Pisoniviricetes;Picornavirales;Picornaviridae;Caphthovirinae;Cosavirus;Cosavirus B;Human cosavirus B,10239;2559587;2732396;2732408;2732506;464095;12058;2946627;586418;2003649;586420,superkingdom;clade;kingdom;phylum;class;order;family;subfamily;genus;species;no rank
185928.0,1,7202,rhinovirus A73,serotype,Viruses;Riboviria;Orthornavirae;Pisuviricota;Pisoniviricetes;Picornavirales;Picornaviridae;Ensavirinae;Enterovirus;Rhinovirus A;rhinovirus A73,10239;2559587;2732396;2732408;2732506;464095;12058;2946630;12059;147711;185928,superkingdom;clade;kingdom;phylum;class;order;family;subfamily;genus;species;serotype
1418031.0,1,7201,rhinovirus C5,serotype,Viruses;Riboviria;Orthornavirae;Pisuviricota;Pisoniviricetes;Picornavirales;Picornaviridae;Ensavirinae;Enterovirus;Rhinovirus C;rhinovirus C5,10239;2559587;2732396;2732408;2732506;464095;12058;2946630;12059;463676;1418031,superkingdom;clade;kingdom;phylum;class;order;family;subfamily;genus;species;serotype
185939.0,1,7189,rhinovirus A88,serotype,Viruses;Riboviria;Orthornavirae;Pisuviricota;Pisoniviricetes;Picornavirales;Picornaviridae;Ensavirinae;Enterovirus;Rhinovirus A;rhinovirus A88,10239;2559587;2732396;2732408;2732506;464095;12058;2946630;12059;147711;185939,superkingdom;clade;kingdom;phylum;class;order;family;subfamily;genus;species;serotype
291484.0,1,7176,Hepatitis E virus,species,Viruses;Riboviria;Orthornavirae;Kitrinoviricota;Alsuviricetes;Hepelivirales;Hepeviridae;unclassified Hepeviridae;Hepatitis E virus,10239;2559587;2732396;2732406;2732461;2732543;3079366;1009842;291484,superkingdom;clade;kingdom;phylum;class;order;family;no rank;species
2777131.0,1,7154,rhinovirus C51,no rank,Viruses;Riboviria;Orthornavirae;Pisuviricota;Pisoniviricetes;Picornavirales;Picornaviridae;Ensavirinae;Enterovirus;Rhinovirus C;rhinovirus C51,10239;2559587;2732396;2732408;2732506;464095;12058;2946630;12059;463676;2777131,superkingdom;clade;kingdom;phylum;class;order;family;subfamily;genus;species;no rank
167330.0,1,7151,rhinovirus B97,serotype,Viruses;Riboviria;Orthornavirae;Pisuviricota;Pisoniviricetes;Picornavirales;Picornaviridae;Ensavirinae;Enterovirus;Rhinovirus B;rhinovirus B97,10239;2559587;2732396;2732408;2732506;464095;12058;2946630;12059;147712;167330,superkingdom;clade;kingdom;phylum;class;order;family;subfamily;genus;species;serotype
185909.0,1,7144,rhinovirus A41,serotype,Viruses;Riboviria;Orthornavirae;Pisuviricota;Pisoniviricetes;Picornavirales;Picornaviridae;Ensavirinae;Enterovirus;Rhinovirus A;rhinovirus A41,10239;2559587;2732396;2732408;2732506;464095;12058;2946630;12059;147711;185909,superkingdom;clade;kingdom;phylum;class;order;family;subfamily;genus;species;serotype
185917.0,1,7134,rhinovirus A57,serotype,Viruses;Riboviria;Orthornavirae;Pisuviricota;Pisoniviricetes;Picornavirales;Picornaviridae;Ensavirinae;Enterovirus;Rhinovirus A;rhinovirus A57,10239;2559587;2732396;2732408;2732506;464095;12058;2946630;12059;147711;185917,superkingdom;clade;kingdom;phylum;class;order;family;subfamily;genus;species;serotype
185916.0,1,7122,rhinovirus A56,serotype,Viruses;Riboviria;Orthornavirae;Pisuviricota;Pisoniviricetes;Picornavirales;Picornaviridae;Ensavirinae;Enterovirus;Rhinovirus A;rhinovirus A56,10239;2559587;2732396;2732408;2732506;464095;12058;2946630;12059;147711;185916,superkingdom;clade;kingdom;phylum;class;order;family;subfamily;genus;species;serotype
185912.0,1,7116,rhinovirus A51,serotype,Viruses;Riboviria;Orthornavirae;Pisuviricota;Pisoniviricetes;Picornavirales;Picornaviridae;Ensavirinae;Enterovirus;Rhinovirus A;rhinovirus A51,10239;2559587;2732396;2732408;2732506;464095;12058;2946630;12059;147711;185912,superkingdom;clade;kingdom;phylum;class;order;family;subfamily;genus;species;serotype
2045067.0,1,7087,rhinovirus C23,serotype,Viruses;Riboviria;Orthornavirae;Pisuviricota;Pisoniviricetes;Picornavirales;Picornaviridae;Ensavirinae;Enterovirus;Rhinovirus C;rhinovirus C23,10239;2559587;2732396;2732408;2732506;464095;12058;2946630;12059;463676;2045067,superkingdom;clade;kingdom;phylum;class;order;family;subfamily;genus;species;serotype
2045070.0,1,7083,rhinovirus C27,serotype,Viruses;Riboviria;Orthornavirae;Pisuviricota;Pisoniviricetes;Picornavirales;Picornaviridae;Ensavirinae;Enterovirus;Rhinovirus C;rhinovirus C27,10239;2559587;2732396;2732408;2732506;464095;12058;2946630;12059;463676;2045070,superkingdom;clade;kingdom;phylum;class;order;family;subfamily;genus;species;serotype
2035045.0,1,7081,rhinovirus C47,serotype,Viruses;Riboviria;Orthornavirae;Pisuviricota;Pisoniviricetes;Picornavirales;Picornaviridae;Ensavirinae;Enterovirus;Rhinovirus C;rhinovirus C47,10239;2559587;2732396;2732408;2732506;464095;12058;2946630;12059;463676;2035045,superkingdom;clade;kingdom;phylum;class;order;family;subfamily;genus;species;serotype
185936.0,1,7077,rhinovirus B83,serotype,Viruses;Riboviria;Orthornavirae;Pisuviricota;Pisoniviricetes;Picornavirales;Picornaviridae;Ensavirinae;Enterovirus;Rhinovirus B;rhinovirus B83,10239;2559587;2732396;2732408;2732506;464095;12058;2946630;12059;147712;185936,superkingdom;clade;kingdom;phylum;class;order;family;subfamily;genus;species;serotype
1418042.0,1,7075,rhinovirus C28,serotype,Viruses;Riboviria;Orthornavirae;Pisuviricota;Pisoniviricetes;Picornavirales;Picornaviridae;Ensavirinae;Enterovirus;Rhinovirus C;rhinovirus C28,10239;2559587;2732396;2732408;2732506;464095;12058;2946630;12059;463676;1418042,superkingdom;clade;kingdom;phylum;class;order;family;subfamily;genus;species;serotype
2045078.0,1,7070,Rhinovirus C41,serotype,Viruses;Riboviria;Orthornavirae;Pisuviricota;Pisoniviricetes;Picornavirales;Picornaviridae;Ensavirinae;Enterovirus;Rhinovirus C;Rhinovirus C41,10239;2559587;2732396;2732408;2732506;464095;12058;2946630;12059;463676;2045078,superkingdom;clade;kingdom;phylum;class;order;family;subfamily;genus;species;serotype
169066.0,1,7040,Human rhinovirus sp.,species,Viruses;Riboviria;Orthornavirae;Pisuviricota;Pisoniviricetes;Picornavirales;Picornaviridae;Ensavirinae;Enterovirus;unclassified Rhinovirus;Human rhinovirus sp.,10239;2559587;2732396;2732408;2732506;464095;12058;2946630;12059;348531;169066,superkingdom;clade;kingdom;phylum;class;order;family;subfamily;genus;no rank;species
1219405.0,1,7039,rhinovirus C32,serotype,Viruses;Riboviria;Orthornavirae;Pisuviricota;Pisoniviricetes;Picornavirales;Picornaviridae;Ensavirinae;Enterovirus;Rhinovirus C;rhinovirus C32,10239;2559587;2732396;2732408;2732506;464095;12058;2946630;12059;463676;1219405,superkingdom;clade;kingdom;phylum;class;order;family;subfamily;genus;species;serotype
167322.0,1,7033,rhinovirus A82,serotype,Viruses;Riboviria;Orthornavirae;Pisuviricota;Pisoniviricetes;Picornavirales;Picornaviridae;Ensavirinae;Enterovirus;Rhinovirus A;rhinovirus A82,10239;2559587;2732396;2732408;2732506;464095;12058;2946630;12059;147711;167322,superkingdom;clade;kingdom;phylum;class;order;family;subfamily;genus;species;serotype
1219419.0,1,7010,rhinovirus C10,serotype,Viruses;Riboviria;Orthornavirae;Pisuviricota;Pisoniviricetes;Picornavirales;Picornaviridae;Ensavirinae;Enterovirus;Rhinovirus C;rhinovirus C10,10239;2559587;2732396;2732408;2732506;464095;12058;2946630;12059;463676;1219419,superkingdom;clade;kingdom;phylum;class;order;family;subfamily;genus;species;serotype
35514.0,1,6963,Keystone virus,no rank,Viruses;Riboviria;Orthornavirae;Negarnaviricota;Polyploviricotina;Ellioviricetes;Bunyavirales;Peribunyaviridae;Orthobunyavirus;Orthobunyavirus keystoneense;Keystone virus,10239;2559587;2732396;2497569;2497571;2497576;1980410;1980416;11572;3052406;35514,superkingdom;clade;kingdom;phylum;subphylum;class;order;family;genus;species;no rank
35515.0,1,6957,Melao virus,no rank,Viruses;Riboviria;Orthornavirae;Negarnaviricota;Polyploviricotina;Ellioviricetes;Bunyavirales;Peribunyaviridae;Orthobunyavirus;Orthobunyavirus melajoense;Melao virus,10239;2559587;2732396;2497569;2497571;2497576;1980410;1980416;11572;3052420;35515,superkingdom;clade;kingdom;phylum;subphylum;class;order;family;genus;species;no rank
992230.0,1,6944,Human rhinovirus NAT001,no rank,Viruses;Riboviria;Orthornavirae;Pisuviricota;Pisoniviricetes;Picornavirales;Picornaviridae;Ensavirinae;Enterovirus;Rhinovirus C;rhinovirus C1;Human rhinovirus NAT001,10239;2559587;2732396;2732408;2732506;464095;12058;2946630;12059;463676;1219416;992230,superkingdom;clade;kingdom;phylum;class;order;family;subfamily;genus;species;serotype;no rank
292278.0,1,6936,Marituba virus,no rank,Viruses;Riboviria;Orthornavirae;Negarnaviricota;Polyploviricotina;Ellioviricetes;Bunyavirales;Peribunyaviridae;Orthobunyavirus;Orthobunyavirus maritubaense;Marituba virus,10239;2559587;2732396;2497569;2497571;2497576;1980410;1980416;11572;3052418;292278,superkingdom;clade;kingdom;phylum;subphylum;class;order;family;genus;species;no rank
1623310.0,1,6925,Tataguine virus,no rank,Viruses;Riboviria;Orthornavirae;Negarnaviricota;Polyploviricotina;Ellioviricetes;Bunyavirales;Peribunyaviridae;Orthobunyavirus;Orthobunyavirus tataguineense;Tataguine virus,10239;2559587;2732396;2497569;2497571;2497576;1980410;1980416;11572;3052446;1623310,superkingdom;clade;kingdom;phylum;subphylum;class;order;family;genus;species;no rank
80935.0,1,6871,Cache Valley virus,no rank,Viruses;Riboviria;Orthornavirae;Negarnaviricota;Polyploviricotina;Ellioviricetes;Bunyavirales;Peribunyaviridae;Orthobunyavirus;Orthobunyavirus cacheense;Cache Valley virus,10239;2559587;2732396;2497569;2497571;2497576;1980410;1980416;11572;3052385;80935,superkingdom;clade;kingdom;phylum;subphylum;class;order;family;genus;species;no rank
192196.0,1,6850,Caraparu virus,no rank,Viruses;Riboviria;Orthornavirae;Negarnaviricota;Polyploviricotina;Ellioviricetes;Bunyavirales;Peribunyaviridae;Orthobunyavirus;Orthobunyavirus caraparuense;Caraparu virus,10239;2559587;2732396;2497569;2497571;2497576;1980410;1980416;11572;3052387;192196,superkingdom;clade;kingdom;phylum;subphylum;class;order;family;genus;species;no rank
552554.0,1,6828,Umbre virus,no rank,Viruses;Riboviria;Orthornavirae;Negarnaviricota;Polyploviricotina;Ellioviricetes;Bunyavirales;Peribunyaviridae;Orthobunyavirus;Orthobunyavirus turlockense;Umbre virus,10239;2559587;2732396;2497569;2497571;2497576;1980410;1980416;11572;3052452;552554,superkingdom;clade;kingdom;phylum;subphylum;class;order;family;genus;species;no rank
1868658.0,1,6813,Human astrovirus,species,Viruses;Riboviria;Orthornavirae;Pisuviricota;Stelpaviricetes;Stellavirales;Astroviridae;unclassified Astroviridae;Human astrovirus,10239;2559587;2732396;2732408;2732507;2732551;39733;352926;1868658,superkingdom;clade;kingdom;phylum;class;order;family;no rank;species
1608084.0,1,6656,Tacheng Tick Virus 2,no rank,Viruses;Riboviria;Orthornavirae;Negarnaviricota;Polyploviricotina;Ellioviricetes;Bunyavirales;Phenuiviridae;Uukuvirus;Uukuvirus tachengense;Tacheng Tick Virus 2,10239;2559587;2732396;2497569;2497571;2497576;1980410;1980418;2734594;3052808;1608084,superkingdom;clade;kingdom;phylum;subphylum;class;order;family;genus;species;no rank
2003652.0,1,6656,Cosavirus F,species,Viruses;Riboviria;Orthornavirae;Pisuviricota;Pisoniviricetes;Picornavirales;Picornaviridae;Caphthovirinae;Cosavirus;Cosavirus F,10239;2559587;2732396;2732408;2732506;464095;12058;2946627;586418;2003652,superkingdom;clade;kingdom;phylum;class;order;family;subfamily;genus;species
645687.0,1,6586,Astrovirus VA1,no rank,Viruses;Riboviria;Orthornavirae;Pisuviricota;Stelpaviricetes;Stellavirales;Astroviridae;Mamastrovirus;Mamastrovirus 9;Astrovirus VA1,10239;2559587;2732396;2732408;2732507;2732551;39733;249588;1239573;645687,superkingdom;clade;kingdom;phylum;class;order;family;genus;species;no rank
2003651.0,1,6580,Cosavirus E,species,Viruses;Riboviria;Orthornavirae;Pisuviricota;Pisoniviricetes;Picornavirales;Picornaviridae;Caphthovirinae;Cosavirus;Cosavirus E,10239;2559587;2732396;2732408;2732506;464095;12058;2946627;586418;2003651,superkingdom;clade;kingdom;phylum;class;order;family;subfamily;genus;species
1518575.0,1,6577,Human astrovirus BF34,no rank,Viruses;Riboviria;Orthornavirae;Pisuviricota;Stelpaviricetes;Stellavirales;Astroviridae;Mamastrovirus;unclassified Mamastrovirus;Burkina Faso astrovirus;Human astrovirus BF34,10239;2559587;2732396;2732408;2732507;2732551;39733;249588;526119;1518574;1518575,superkingdom;clade;kingdom;phylum;class;order;family;genus;no rank;species;no rank
682382.0,1,6534,HMO Astrovirus A,species,Viruses;Riboviria;Orthornavirae;Pisuviricota;Stelpaviricetes;Stellavirales;Astroviridae;Mamastrovirus;unclassified Mamastrovirus;HMO Astrovirus A,10239;2559587;2732396;2732408;2732507;2732551;39733;249588;526119;682382,superkingdom;clade;kingdom;phylum;class;order;family;genus;no rank;species
3116880.0,1,6532,Kurkino virus,no rank,Viruses;Riboviria;Orthornavirae;Negarnaviricota;Polyploviricotina;Ellioviricetes;Bunyavirales;Hantaviridae;Mammantavirinae;Orthohantavirus;Orthohantavirus dobravaense;Kurkino virus,10239;2559587;2732396;2497569;2497571;2497576;1980410;1980413;2560074;1980442;3052477;3116880,superkingdom;clade;kingdom;phylum;subphylum;class;order;family;subfamily;genus;species;no rank
68887.0,2,6459,Torque teno virus,species,Viruses;Anelloviridae;unclassified Anelloviridae;Torque teno virus,10239;687329;363628;68887,superkingdom;family;no rank;species
12242.0,1,6395,Tobacco mosaic virus,species,Viruses;Riboviria;Orthornavirae;Kitrinoviricota;Alsuviricetes;Martellivirales;Virgaviridae;Tobamovirus;Tobacco mosaic virus,10239;2559587;2732396;2732406;2732461;2732544;675071;12234;12242,superkingdom;clade;kingdom;phylum;class;order;family;genus;species
10407.0,2,6364,Hepatitis B virus,species,Viruses;Riboviria;Pararnavirae;Artverviricota;Revtraviricetes;Blubervirales;Hepadnaviridae;Orthohepadnavirus;Hepatitis B virus,10239;2559587;2732397;2732409;2732514;2732515;10404;10405;10407,superkingdom;clade;kingdom;phylum;class;order;family;genus;species
1213620.0,1,6333,Bhanja virus,no rank,Viruses;Riboviria;Orthornavirae;Negarnaviricota;Polyploviricotina;Ellioviricetes;Bunyavirales;Phenuiviridae;Bandavirus;Bandavirus bhanjanagarense;Bhanja virus,10239;2559587;2732396;2497569;2497571;2497576;1980410;1980418;2733256;3051989;1213620,superkingdom;clade;kingdom;phylum;subphylum;class;order;family;genus;species;no rank
568715.0,1,6171,Astrovirus MLB1,no rank,Viruses;Riboviria;Orthornavirae;Pisuviricota;Stelpaviricetes;Stellavirales;Astroviridae;Mamastrovirus;Mamastrovirus 6;Astrovirus MLB1,10239;2559587;2732396;2732408;2732507;2732551;39733;249588;1239570;568715,superkingdom;clade;kingdom;phylum;class;order;family;genus;species;no rank
2034201.0,12,6092,Balkan virus,no rank,Viruses;Riboviria;Orthornavirae;Negarnaviricota;Polyploviricotina;Ellioviricetes;Bunyavirales;Phenuiviridae;Phlebovirus;Sandfly fever Naples phlebovirus;Balkan virus,10239;2559587;2732396;2497569;2497571;2497576;1980410;1980418;11584;1933189;2034201,superkingdom;clade;kingdom;phylum;subphylum;class;order;family;genus;species;no rank
126793.0,1,5990,Plasmodium vivax Sal-1,strain,cellular organisms;Eukaryota;Sar;Alveolata;Apicomplexa;Aconoidasida;Haemosporida;Plasmodiidae;Plasmodium;Plasmodium (Plasmodium);Plasmodium vivax;Plasmodium vivax Sal-1,131567;2759;2698737;33630;5794;422676;5819;1639119;5820;418103;5855;126793,no rank;superkingdom;clade;clade;phylum;class;order;family;genus;subgenus;species;strain
44755.0,2,5746,New York virus,no rank,Viruses;Riboviria;Orthornavirae;Negarnaviricota;Polyploviricotina;Ellioviricetes;Bunyavirales;Hantaviridae;Mammantavirinae;Orthohantavirus;Orthohantavirus sinnombreense;New York virus,10239;2559587;2732396;2497569;2497571;2497576;1980410;1980413;2560074;1980442;3052499;44755,superkingdom;clade;kingdom;phylum;subphylum;class;order;family;subfamily;genus;species;no rank
10798.0,1,5596,Human parvovirus B19,no rank,Viruses;Monodnaviria;Shotokuvirae;Cossaviricota;Quintoviricetes;Piccovirales;Parvoviridae;Parvovirinae;Erythroparvovirus;Erythroparvovirus primate1;Human parvovirus B19,10239;2731342;2732092;2732415;2732422;2732534;10780;40119;40121;3052189;10798,superkingdom;clade;kingdom;phylum;class;order;family;subfamily;genus;species;no rank
1891767.0,2,5557,Betapolyomavirus macacae,species,Viruses;Monodnaviria;Shotokuvirae;Cossaviricota;Papovaviricetes;Sepolyvirales;Polyomaviridae;Betapolyomavirus;Betapolyomavirus macacae,10239;2731342;2732092;2732415;2732421;2732532;151341;1891714;1891767,superkingdom;clade;kingdom;phylum;class;order;family;genus;species
172297.0,1,5426,Bovine parvovirus 3,no rank,Viruses;Monodnaviria;Shotokuvirae;Cossaviricota;Quintoviricetes;Piccovirales;Parvoviridae;Parvovirinae;Erythroparvovirus;Erythroparvovirus ungulate1;Bovine parvovirus 3,10239;2731342;2732092;2732415;2732422;2732534;10780;40119;40121;3052194;172297,superkingdom;clade;kingdom;phylum;class;order;family;subfamily;genus;species;no rank
493803.0,1,5387,Merkel cell polyomavirus,no rank,Viruses;Monodnaviria;Shotokuvirae;Cossaviricota;Papovaviricetes;Sepolyvirales;Polyomaviridae;Alphapolyomavirus;Alphapolyomavirus quintihominis;Merkel cell polyomavirus,10239;2731342;2732092;2732415;2732421;2732532;151341;1891713;1891726;493803,superkingdom;clade;kingdom;phylum;class;order;family;genus;species;no rank
444473.0,1,5297,Human bocavirus WLL-3,no rank,Viruses;Monodnaviria;Shotokuvirae;Cossaviricota;Quintoviricetes;Piccovirales;Parvoviridae;Parvovirinae;Bocaparvovirus;unclassified Bocaparvovirus;Human bocavirus;Human bocavirus WLL-3,10239;2731342;2732092;2732415;2732422;2732534;10780;40119;1507401;1507402;329641;444473,superkingdom;clade;kingdom;phylum;class;order;family;subfamily;genus;no rank;species;no rank
394504.0,1,5297,Human bocavirus WLL-1,no rank,Viruses;Monodnaviria;Shotokuvirae;Cossaviricota;Quintoviricetes;Piccovirales;Parvoviridae;Parvovirinae;Bocaparvovirus;unclassified Bocaparvovirus;Human bocavirus;Human bocavirus WLL-1,10239;2731342;2732092;2732415;2732422;2732534;10780;40119;1507401;1507402;329641;394504,superkingdom;clade;kingdom;phylum;class;order;family;subfamily;genus;no rank;species;no rank
430048.0,1,5297,Human bocavirus WLL-2,no rank,Viruses;Monodnaviria;Shotokuvirae;Cossaviricota;Quintoviricetes;Piccovirales;Parvoviridae;Parvovirinae;Bocaparvovirus;unclassified Bocaparvovirus;Human bocavirus;Human bocavirus WLL-2,10239;2731342;2732092;2732415;2732422;2732534;10780;40119;1507401;1507402;329641;430048,superkingdom;clade;kingdom;phylum;class;order;family;subfamily;genus;no rank;species;no rank
1108926.0,1,5277,Human bocavirus isolate SH2,no rank,Viruses;Monodnaviria;Shotokuvirae;Cossaviricota;Quintoviricetes;Piccovirales;Parvoviridae;Parvovirinae;Bocaparvovirus;unclassified Bocaparvovirus;Human bocavirus;Human bocavirus isolate SH2,10239;2731342;2732092;2732415;2732422;2732534;10780;40119;1507401;1507402;329641;1108926,superkingdom;clade;kingdom;phylum;class;order;family;subfamily;genus;no rank;species;no rank
1108925.0,1,5276,Human bocavirus isolate SH1,no rank,Viruses;Monodnaviria;Shotokuvirae;Cossaviricota;Quintoviricetes;Piccovirales;Parvoviridae;Parvovirinae;Bocaparvovirus;unclassified Bocaparvovirus;Human bocavirus;Human bocavirus isolate SH1,10239;2731342;2732092;2732415;2732422;2732534;10780;40119;1507401;1507402;329641;1108925,superkingdom;clade;kingdom;phylum;class;order;family;subfamily;genus;no rank;species;no rank
1965344.0,1,5269,LI polyomavirus,no rank,Viruses;Monodnaviria;Shotokuvirae;Cossaviricota;Papovaviricetes;Sepolyvirales;Polyomaviridae;Alphapolyomavirus;Alphapolyomavirus quardecihominis;LI polyomavirus,10239;2731342;2732092;2732415;2732421;2732532;151341;1891713;2734294;1965344,superkingdom;clade;kingdom;phylum;class;order;family;genus;species;no rank
1511919.0,1,5268,Human parvovirus 4 G1,no rank,Viruses;Monodnaviria;Shotokuvirae;Cossaviricota;Quintoviricetes;Piccovirales;Parvoviridae;Parvovirinae;Tetraparvovirus;Tetraparvovirus primate1;Human parvovirus 4 G1,10239;2731342;2732092;2732415;2732422;2732534;10780;40119;1511911;3052770;1511919,superkingdom;clade;kingdom;phylum;class;order;family;subfamily;genus;species;no rank
638313.0,1,5242,Human bocavirus 3,no rank,Viruses;Monodnaviria;Shotokuvirae;Cossaviricota;Quintoviricetes;Piccovirales;Parvoviridae;Parvovirinae;Bocaparvovirus;Bocaparvovirus primate1;Human bocavirus 3,10239;2731342;2732092;2732415;2732422;2732534;10780;40119;1507401;3052040;638313,superkingdom;clade;kingdom;phylum;class;order;family;subfamily;genus;species;no rank
862909.0,1,5232,Trichodysplasia spinulosa-associated polyomavirus,no rank,Viruses;Monodnaviria;Shotokuvirae;Cossaviricota;Papovaviricetes;Sepolyvirales;Polyomaviridae;Alphapolyomavirus;Alphapolyomavirus octihominis;Trichodysplasia spinulosa-associated polyomavirus,10239;2731342;2732092;2732415;2732421;2732532;151341;1891713;1891727;862909,superkingdom;clade;kingdom;phylum;class;order;family;genus;species;no rank
440266.0,1,5229,WU Polyomavirus,no rank,Viruses;Monodnaviria;Shotokuvirae;Cossaviricota;Papovaviricetes;Sepolyvirales;Polyomaviridae;Betapolyomavirus;Betapolyomavirus quartihominis;WU Polyomavirus,10239;2731342;2732092;2732415;2732421;2732532;151341;1891714;1891765;440266,superkingdom;clade;kingdom;phylum;class;order;family;genus;species;no rank
1511882.0,1,5196,Human bocavirus 2c PK,no rank,Viruses;Monodnaviria;Shotokuvirae;Cossaviricota;Quintoviricetes;Piccovirales;Parvoviridae;Parvovirinae;Bocaparvovirus;Bocaparvovirus primate2;Human bocavirus 2c PK,10239;2731342;2732092;2732415;2732422;2732534;10780;40119;1507401;3052041;1511882,superkingdom;clade;kingdom;phylum;class;order;family;subfamily;genus;species;no rank
1891762.0,1,5153,Betapolyomavirus hominis,species,Viruses;Monodnaviria;Shotokuvirae;Cossaviricota;Papovaviricetes;Sepolyvirales;Polyomaviridae;Betapolyomavirus;Betapolyomavirus hominis,10239;2731342;2732092;2732415;2732421;2732532;151341;1891714;1891762,superkingdom;clade;kingdom;phylum;class;order;family;genus;species
10632.0,1,5130,JC polyomavirus,no rank,Viruses;Monodnaviria;Shotokuvirae;Cossaviricota;Papovaviricetes;Sepolyvirales;Polyomaviridae;Betapolyomavirus;Betapolyomavirus secuhominis;JC polyomavirus,10239;2731342;2732092;2732415;2732421;2732532;151341;1891714;1891763;10632,superkingdom;clade;kingdom;phylum;class;order;family;genus;species;no rank
1497391.0,1,5108,New Jersey polyomavirus-2013,no rank,Viruses;Monodnaviria;Shotokuvirae;Cossaviricota;Papovaviricetes;Sepolyvirales;Polyomaviridae;Alphapolyomavirus;Alphapolyomavirus terdecihominis;New Jersey polyomavirus-2013,10239;2731342;2732092;2732415;2732421;2732532;151341;1891713;1891728;1497391,superkingdom;clade;kingdom;phylum;class;order;family;genus;species;no rank
1511883.0,1,5104,Human bocavirus 4 NI,no rank,Viruses;Monodnaviria;Shotokuvirae;Cossaviricota;Quintoviricetes;Piccovirales;Parvoviridae;Parvovirinae;Bocaparvovirus;Bocaparvovirus primate2;Human bocavirus 4 NI,10239;2731342;2732092;2732415;2732422;2732534;10780;40119;1507401;3052041;1511883,superkingdom;clade;kingdom;phylum;class;order;family;subfamily;genus;species;no rank
1891764.0,1,5040,Betapolyomavirus tertihominis,species,Viruses;Monodnaviria;Shotokuvirae;Cossaviricota;Papovaviricetes;Sepolyvirales;Polyomaviridae;Betapolyomavirus;Betapolyomavirus tertihominis,10239;2731342;2732092;2732415;2732421;2732532;151341;1891714;1891764,superkingdom;clade;kingdom;phylum;class;order;family;genus;species
943908.0,1,5026,Human polyomavirus 9,no rank,Viruses;Monodnaviria;Shotokuvirae;Cossaviricota;Papovaviricetes;Sepolyvirales;Polyomaviridae;Alphapolyomavirus;Alphapolyomavirus nonihominis;Human polyomavirus 9,10239;2731342;2732092;2732415;2732421;2732532;151341;1891713;2955297;943908,superkingdom;clade;kingdom;phylum;class;order;family;genus;species;no rank
3070187.0,1,4967,Bat-associated densovirus 3,no rank,Viruses;Monodnaviria;Shotokuvirae;Cossaviricota;Quintoviricetes;Piccovirales;Parvoviridae;Densovirinae;Blattambidensovirus;Blattambidensovirus incertum4;Bat-associated densovirus 3,10239;2731342;2732092;2732415;2732422;2732534;10780;40120;2733224;3059785;3070187,superkingdom;clade;kingdom;phylum;class;order;family;subfamily;genus;species;no rank
746831.0,1,4952,Human polyomavirus 7,no rank,Viruses;Monodnaviria;Shotokuvirae;Cossaviricota;Papovaviricetes;Sepolyvirales;Polyomaviridae;Deltapolyomavirus;Deltapolyomavirus septihominis;Human polyomavirus 7,10239;2731342;2732092;2732415;2732421;2732532;151341;1891715;2955745;746831,superkingdom;clade;kingdom;phylum;class;order;family;genus;species;no rank
1203539.0,1,4927,MW polyomavirus,no rank,Viruses;Monodnaviria;Shotokuvirae;Cossaviricota;Papovaviricetes;Sepolyvirales;Polyomaviridae;Deltapolyomavirus;Deltapolyomavirus decihominis;MW polyomavirus,10239;2731342;2732092;2732415;2732421;2732532;151341;1891715;1208309;1203539,superkingdom;clade;kingdom;phylum;class;order;family;genus;species;no rank
746830.0,1,4926,Human polyomavirus 6,no rank,Viruses;Monodnaviria;Shotokuvirae;Cossaviricota;Papovaviricetes;Sepolyvirales;Polyomaviridae;Deltapolyomavirus;Deltapolyomavirus sextihominis;Human polyomavirus 6,10239;2731342;2732092;2732415;2732421;2732532;151341;1891715;2955746;746830,superkingdom;clade;kingdom;phylum;class;order;family;genus;species;no rank
1277649.0,1,4776,STL polyomavirus,no rank,Viruses;Monodnaviria;Shotokuvirae;Cossaviricota;Papovaviricetes;Sepolyvirales;Polyomaviridae;Deltapolyomavirus;Deltapolyomavirus undecihominis;STL polyomavirus,10239;2731342;2732092;2732415;2732421;2732532;151341;1891715;1891745;1277649,superkingdom;clade;kingdom;phylum;class;order;family;genus;species;no rank
10804.0,1,4675,adeno-associated virus 2,no rank,Viruses;Monodnaviria;Shotokuvirae;Cossaviricota;Quintoviricetes;Piccovirales;Parvoviridae;Parvovirinae;Dependoparvovirus;Dependoparvovirus primate1;adeno-associated virus 2,10239;2731342;2732092;2732415;2732422;2732534;10780;40119;10803;1511891;10804,superkingdom;clade;kingdom;phylum;class;order;family;subfamily;genus;species;no rank
1985417.0,2,4464,Caribou associated gemykrogvirus 1,no rank,Viruses;Monodnaviria;Shotokuvirae;Cressdnaviricota;Repensiviricetes;Geplafuvirales;Genomoviridae;Gemykrogvirus;Gemykrogvirus carib1;Caribou associated gemykrogvirus 1,10239;2731342;2732092;2732416;2732424;2732539;1910928;1985367;2844627;1985417,superkingdom;clade;kingdom;phylum;class;order;family;genus;species;no rank
2720941.0,2,4444,Chicken genomovirus mg4_1165,no rank,Viruses;Monodnaviria;Shotokuvirae;Cressdnaviricota;Repensiviricetes;Geplafuvirales;Genomoviridae;Gemykrogvirus;Gemykrogvirus galga5;Chicken genomovirus mg4_1165,10239;2731342;2732092;2732416;2732424;2732539;1910928;1985367;2844632;2720941,superkingdom;clade;kingdom;phylum;class;order;family;genus;species;no rank
2563838.0,2,4436,Apis mellifera genomovirus 2,no rank,Viruses;Monodnaviria;Shotokuvirae;Cressdnaviricota;Repensiviricetes;Geplafuvirales;Genomoviridae;Gemykrogvirus;Gemykrogvirus apime1;Apis mellifera genomovirus 2,10239;2731342;2732092;2732416;2732424;2732539;1910928;1985367;2844625;2563838,superkingdom;clade;kingdom;phylum;class;order;family;genus;species;no rank
2720942.0,2,4432,Chicken genomovirus mg4_1173,no rank,Viruses;Monodnaviria;Shotokuvirae;Cressdnaviricota;Repensiviricetes;Geplafuvirales;Genomoviridae;Gemykrogvirus;Gemykrogvirus galga3;Chicken genomovirus mg4_1173,10239;2731342;2732092;2732416;2732424;2732539;1910928;1985367;2844630;2720942,superkingdom;clade;kingdom;phylum;class;order;family;genus;species;no rank
1560340.0,1,4424,Tusavirus 1,no rank,Viruses;Monodnaviria;Shotokuvirae;Cossaviricota;Quintoviricetes;Piccovirales;Parvoviridae;Parvovirinae;Protoparvovirus;Protoparvovirus incertum1;Tusavirus 1,10239;2731342;2732092;2732415;2732422;2732534;10780;40119;1506574;3052713;1560340,superkingdom;clade;kingdom;phylum;class;order;family;subfamily;genus;species;no rank
2720951.0,2,4320,Chicken genomovirus mg7_78,no rank,Viruses;Monodnaviria;Shotokuvirae;Cressdnaviricota;Repensiviricetes;Geplafuvirales;Genomoviridae;Gemykrogvirus;Gemykrogvirus galga4;Chicken genomovirus mg7_78,10239;2731342;2732092;2732416;2732424;2732539;1910928;1985367;2844631;2720951,superkingdom;clade;kingdom;phylum;class;order;family;genus;species;no rank
2720946.0,2,4284,Chicken genomovirus mg4_1247,no rank,Viruses;Monodnaviria;Shotokuvirae;Cressdnaviricota;Repensiviricetes;Geplafuvirales;Genomoviridae;Gemykrogvirus;Gemykrogvirus galga1;Chicken genomovirus mg4_1247,10239;2731342;2732092;2732416;2732424;2732539;1910928;1985367;2844628;2720946,superkingdom;clade;kingdom;phylum;class;order;family;genus;species;no rank
1516080.0,2,4242,HCBI9.212 virus,no rank,Viruses;Monodnaviria;Shotokuvirae;Cressdnaviricota;Repensiviricetes;Geplafuvirales;Genomoviridae;Gemykrogvirus;Gemykrogvirus bovas1;Bovine associated gemykrogvirus 1;HCBI9.212 virus,10239;2731342;2732092;2732416;2732424;2732539;1910928;1985367;2844626;1985416;1516080,superkingdom;clade;kingdom;phylum;class;order;family;genus;species;no rank;no rank
145856.0,2,4199,Human picobirnavirus,no rank,Viruses;Riboviria;Orthornavirae;Pisuviricota;Duplopiviricetes;Durnavirales;Picobirnaviridae;Orthopicobirnavirus;Orthopicobirnavirus hominis;Human picobirnavirus,10239;2559587;2732396;2732408;2732505;2732549;585893;2948851;2956252;145856,superkingdom;clade;kingdom;phylum;class;order;family;genus;species;no rank
3298505.0,2,4045,Human circovirus,species,Viruses;Monodnaviria;Shotokuvirae;Cressdnaviricota;Arfiviricetes;Cirlivirales;Circoviridae;Circovirus;unclassified Circovirus;Human circovirus,10239;2731342;2732092;2732416;2732423;2732536;39724;39725;345249;3298505,superkingdom;clade;kingdom;phylum;class;order;family;genus;no rank;species
488241.0,3,3745,Influenza A virus (A/Korea/426/1968(H2N2)),no rank,Viruses;Riboviria;Orthornavirae;Negarnaviricota;Polyploviricotina;Insthoviricetes;Articulavirales;Orthomyxoviridae;Alphainfluenzavirus;Alphainfluenzavirus influenzae;Influenza A virus;H2N2 subtype;Influenza A virus (A/Korea/426/1968(H2N2)),10239;2559587;2732396;2497569;2497571;2497577;2499411;11308;197911;2955291;11320;114729;488241,superkingdom;clade;kingdom;phylum;subphylum;class;order;family;genus;species;no rank;serotype;no rank
2907957.0,1,3366,Sabia virus,no rank,Viruses;Riboviria;Orthornavirae;Negarnaviricota;Polyploviricotina;Ellioviricetes;Bunyavirales;Arenaviridae;Mammarenavirus;Mammarenavirus brazilense;Sabia virus,10239;2559587;2732396;2497569;2497571;2497576;1980410;11617;1653394;3052299;2907957,superkingdom;clade;kingdom;phylum;subphylum;class;order;family;genus;species;no rank
687359.0,1,3234,Torque teno virus 20,no rank,Viruses;Anelloviridae;Alphatorquevirus;Alphatorquevirus homin20;Torque teno virus 20,10239;687329;687331;3048422;687359,superkingdom;family;genus;species;no rank
2065046.0,1,3208,Torque teno midi virus 5,no rank,Viruses;Anelloviridae;Gammatorquevirus;Gammatorquevirus homidi5;Torque teno midi virus 5,10239;687329;687333;3048390;2065046,superkingdom;family;genus;species;no rank
2065052.0,1,3198,Torque teno midi virus 11,no rank,Viruses;Anelloviridae;Gammatorquevirus;Gammatorquevirus homidi11;Torque teno midi virus 11,10239;687329;687333;3048382;2065052,superkingdom;family;genus;species;no rank
11723.0,1,3144,Simian immunodeficiency virus,species,Viruses;Riboviria;Pararnavirae;Artverviricota;Revtraviricetes;Ortervirales;Retroviridae;Orthoretrovirinae;Lentivirus;Simian immunodeficiency virus,10239;2559587;2732397;2732409;2732514;2169561;11632;327045;11646;11723,superkingdom;clade;kingdom;phylum;class;order;family;subfamily;genus;species
2571082.0,1,3056,Human lung-associated vientovirus FB,no rank,Viruses;Monodnaviria;Shotokuvirae;Cressdnaviricota;Arfiviricetes;Recrevirales;Redondoviridae;Torbevirus;Vientovirus;Human lung-associated vientovirus FB,10239;2731342;2732092;2732416;2732423;2732547;2732652;2732653;2732655;2571082,superkingdom;clade;kingdom;phylum;class;order;family;genus;species;no rank
3160827.0,1,2964,Memtorquevirus hominid13,species,Viruses;Anelloviridae;Memtorquevirus;Memtorquevirus hominid13,10239;687329;3152495;3160827,superkingdom;family;genus;species
3160824.0,1,2940,Samektorquevirus hominid18,species,Viruses;Anelloviridae;Samektorquevirus;Samektorquevirus hominid18,10239;687329;3152496;3160824,superkingdom;family;genus;species
687373.0,1,2908,Torque teno mini virus 5,no rank,Viruses;Anelloviridae;Betatorquevirus;Betatorquevirus homini5;Torque teno mini virus 5,10239;687329;687332;3048403;687373,superkingdom;family;genus;species;no rank
2530494.0,1,2607,Human associated porprismacovirus,no rank,Viruses;Monodnaviria;Shotokuvirae;Cressdnaviricota;Arfiviricetes;Cremevirales;Smacoviridae;Inpeasmacovirus;Inpeasmacovirus humas1;Human associated porprismacovirus,10239;2731342;2732092;2732416;2732423;2732537;2169574;2842760;2845010;2530494,superkingdom;clade;kingdom;phylum;class;order;family;genus;species;no rank
2170114.0,1,2529,Human associated porprismacovirus 2,species,Viruses;Monodnaviria;Shotokuvirae;Cressdnaviricota;Arfiviricetes;Cremevirales;Smacoviridae;Porprismacovirus;Human associated porprismacovirus 2,10239;2731342;2732092;2732416;2732423;2732537;2169574;2169663;2170114,superkingdom;clade;kingdom;phylum;class;order;family;genus;species
2169935.0,1,2471,Human associated huchismacovirus 2,species,Viruses;Monodnaviria;Shotokuvirae;Cressdnaviricota;Arfiviricetes;Cremevirales;Smacoviridae;Huchismacovirus;Human associated huchismacovirus 2,10239;2731342;2732092;2732416;2732423;2732537;2169574;2169662;2169935,superkingdom;clade;kingdom;phylum;class;order;family;genus;species
2169934.0,1,2460,Human associated huchismacovirus 1,species,Viruses;Monodnaviria;Shotokuvirae;Cressdnaviricota;Arfiviricetes;Cremevirales;Smacoviridae;Huchismacovirus;Human associated huchismacovirus 1,10239;2731342;2732092;2732416;2732423;2732537;2169574;2169662;2169934,superkingdom;clade;kingdom;phylum;class;order;family;genus;species
1595998.0,1,2460,Human smacovirus 1,species,Viruses;Monodnaviria;Shotokuvirae;Cressdnaviricota;Arfiviricetes;Cremevirales;Smacoviridae;Huchismacovirus;unclassified Huchismacovirus;Human smacovirus 1,10239;2731342;2732092;2732416;2732423;2732537;2169574;2169662;2498817;1595998,superkingdom;clade;kingdom;phylum;class;order;family;genus;no rank;species
2169936.0,1,2459,Human associated huchismacovirus 3,species,Viruses;Monodnaviria;Shotokuvirae;Cressdnaviricota;Arfiviricetes;Cremevirales;Smacoviridae;Huchismacovirus;Human associated huchismacovirus 3,10239;2731342;2732092;2732416;2732423;2732537;2169574;2169662;2169936,superkingdom;clade;kingdom;phylum;class;order;family;genus;species
1002273.0,1,2375,Avian gyrovirus 2,no rank,Viruses;Anelloviridae;Gyrovirus;Gyrovirus galga1;Avian gyrovirus 2,10239;687329;227307;2844800;1002273,superkingdom;family;genus;species;no rank
1163715.0,1,2359,Gyrovirus GyV3,no rank,Viruses;Anelloviridae;Gyrovirus;Gyrovirus homsa1;Gyrovirus GyV3,10239;687329;227307;2844802;1163715,superkingdom;family;genus;species;no rank
12618.0,1,2316,Chicken anemia virus,no rank,Viruses;Anelloviridae;Gyrovirus;Gyrovirus chickenanemia;Chicken anemia virus,10239;687329;227307;3047743;12618,superkingdom;family;genus;species;no rank
1985415.0,1,2272,Human associated gemyvongvirus 1,no rank,Viruses;Monodnaviria;Shotokuvirae;Cressdnaviricota;Repensiviricetes;Geplafuvirales;Genomoviridae;Gemyvongvirus;Gemyvongvirus humas1;Human associated gemyvongvirus 1,10239;2731342;2732092;2732416;2732424;2732539;1910928;1985370;2844646;1985415,superkingdom;clade;kingdom;phylum;class;order;family;genus;species;no rank
1488574.0,1,2235,Human genital-associated circular DNA virus-1,no rank,Viruses;Monodnaviria;Shotokuvirae;Cressdnaviricota;Repensiviricetes;Geplafuvirales;Genomoviridae;Gemygorvirus;Gemygorvirus sewopo1;sewage derived gemygorvirus 1;Human genital-associated circular DNA virus-1,10239;2731342;2732092;2732416;2732424;2732539;1910928;1985366;2844554;1985428;1488574,superkingdom;clade;kingdom;phylum;class;order;family;genus;species;no rank;no rank
1792832.0,1,2202,Human gemycircularvirus GeTz1,no rank,Viruses;Monodnaviria;Shotokuvirae;Cressdnaviricota;Repensiviricetes;Geplafuvirales;Genomoviridae;Gemykibivirus;Gemykibivirus humas4;Human associated gemykibivirus 4;Human gemycircularvirus GeTz1,10239;2731342;2732092;2732416;2732424;2732539;1910928;1941236;2844584;2004961;1792832,superkingdom;clade;kingdom;phylum;class;order;family;genus;species;no rank;no rank
2781372.0,1,2179,bubaline-associated gemykrogvirus,species,Viruses;Monodnaviria;Shotokuvirae;Cressdnaviricota;Repensiviricetes;Geplafuvirales;Genomoviridae;Gemykrogvirus;unclassified Gemykrogvirus;bubaline-associated gemykrogvirus,10239;2731342;2732092;2732416;2732424;2732539;1910928;1985367;2781371;2781372,superkingdom;clade;kingdom;phylum;class;order;family;genus;no rank;species
2809428.0,1,2157,Gemykrogvirus sp.,species,Viruses;Monodnaviria;Shotokuvirae;Cressdnaviricota;Repensiviricetes;Geplafuvirales;Genomoviridae;Gemykrogvirus;unclassified Gemykrogvirus;Gemykrogvirus sp.,10239;2731342;2732092;2732416;2732424;2732539;1910928;1985367;2781371;2809428,superkingdom;clade;kingdom;phylum;class;order;family;genus;no rank;species
1985418.0,1,2115,sewage derived gemykrogvirus 1,no rank,Viruses;Monodnaviria;Shotokuvirae;Cressdnaviricota;Repensiviricetes;Geplafuvirales;Genomoviridae;Gemykrogvirus;Gemykrogvirus sewopo1;sewage derived gemykrogvirus 1,10239;2731342;2732092;2732416;2732424;2732539;1910928;1985367;2844636;1985418,superkingdom;clade;kingdom;phylum;class;order;family;genus;species;no rank
1519399.0,1,2115,Sewage-associated gemycircularvirus 4,no rank,Viruses;Monodnaviria;Shotokuvirae;Cressdnaviricota;Repensiviricetes;Geplafuvirales;Genomoviridae;Gemykrogvirus;Gemykrogvirus sewopo1;sewage derived gemykrogvirus 1;Sewage-associated gemycircularvirus 4,10239;2731342;2732092;2732416;2732424;2732539;1910928;1985367;2844636;1985418;1519399,superkingdom;clade;kingdom;phylum;class;order;family;genus;species;no rank;no rank
169173.0,1,1971,Choclo virus,no rank,Viruses;Riboviria;Orthornavirae;Negarnaviricota;Polyploviricotina;Ellioviricetes;Bunyavirales;Hantaviridae;Mammantavirinae;Orthohantavirus;Orthohantavirus chocloense;Choclo virus,10239;2559587;2732396;2497569;2497571;2497576;1980410;1980413;2560074;1980442;3052474;169173,superkingdom;clade;kingdom;phylum;subphylum;class;order;family;subfamily;genus;species;no rank
1618189.0,1,1961,Bourbon virus,no rank,Viruses;Riboviria;Orthornavirae;Negarnaviricota;Polyploviricotina;Insthoviricetes;Articulavirales;Orthomyxoviridae;Thogotovirus;Thogotovirus bourbonense;Bourbon virus,10239;2559587;2732396;2497569;2497571;2497577;2499411;11308;35323;2956523;1618189,superkingdom;clade;kingdom;phylum;subphylum;class;order;family;genus;species;no rank
742924.0,1,1867,Cyclovirus TN25,no rank,Viruses;Monodnaviria;Shotokuvirae;Cressdnaviricota;Arfiviricetes;Cirlivirales;Circoviridae;Cyclovirus;Cyclovirus bashri;Human associated cyclovirus 4;Cyclovirus TN25,10239;2731342;2732092;2732416;2732423;2732536;39724;742914;3047962;2038722;742924,superkingdom;clade;kingdom;phylum;class;order;family;genus;species;no rank;no rank
1348500.0,1,1856,Cyclovirus VN,no rank,Viruses;Monodnaviria;Shotokuvirae;Cressdnaviricota;Arfiviricetes;Cirlivirales;Circoviridae;Cyclovirus;Cyclovirus nhanloai;Human associated cyclovirus 8;Cyclovirus VN,10239;2731342;2732092;2732416;2732423;2732536;39724;742914;3047966;2038726;1348500,superkingdom;clade;kingdom;phylum;class;order;family;genus;species;no rank;no rank
1345637.0,1,1832,Human cyclovirus VS5700009,no rank,Viruses;Monodnaviria;Shotokuvirae;Cressdnaviricota;Arfiviricetes;Cirlivirales;Circoviridae;Cyclovirus;Cyclovirus munthu;Human associated cyclovirus 9;Human cyclovirus VS5700009,10239;2731342;2732092;2732416;2732423;2732536;39724;742914;3047967;2038727;1345637,superkingdom;clade;kingdom;phylum;class;order;family;genus;species;no rank;no rank
742923.0,1,1795,Cyclovirus NG14,no rank,Viruses;Monodnaviria;Shotokuvirae;Cressdnaviricota;Arfiviricetes;Cirlivirales;Circoviridae;Cyclovirus;Cyclovirus mutum;Human associated cyclovirus 7;Cyclovirus NG14,10239;2731342;2732092;2732416;2732423;2732536;39724;742914;3047965;2038725;742923,superkingdom;clade;kingdom;phylum;class;order;family;genus;species;no rank;no rank
742922.0,1,1794,Cyclovirus NG12,no rank,Viruses;Monodnaviria;Shotokuvirae;Cressdnaviricota;Arfiviricetes;Cirlivirales;Circoviridae;Cyclovirus;Cyclovirus mmadu;Human associated cyclovirus 6;Cyclovirus NG12,10239;2731342;2732092;2732416;2732423;2732536;39724;742914;3047964;2038724;742922,superkingdom;clade;kingdom;phylum;class;order;family;genus;species;no rank;no rank
2038728.0,1,1790,Human associated cyclovirus 10,no rank,Viruses;Monodnaviria;Shotokuvirae;Cressdnaviricota;Arfiviricetes;Cirlivirales;Circoviridae;Cyclovirus;Cyclovirus humana;Human associated cyclovirus 10,10239;2731342;2732092;2732416;2732423;2732536;39724;742914;3047957;2038728,superkingdom;clade;kingdom;phylum;class;order;family;genus;species;no rank
742916.0,1,1780,Cyclovirus PK5034,no rank,Viruses;Monodnaviria;Shotokuvirae;Cressdnaviricota;Arfiviricetes;Cirlivirales;Circoviridae;Cyclovirus;Cyclovirus homa;Human associated cyclovirus 5;Cyclovirus PK5034,10239;2731342;2732092;2732416;2732423;2732536;39724;742914;3047963;2038723;742916,superkingdom;clade;kingdom;phylum;class;order;family;genus;species;no rank;no rank
85708.0,1,1767,Porcine circovirus 2,no rank,Viruses;Monodnaviria;Shotokuvirae;Cressdnaviricota;Arfiviricetes;Cirlivirales;Circoviridae;Circovirus;Circovirus porcine2;Porcine circovirus 2,10239;2731342;2732092;2732416;2732423;2732536;39724;39725;3048279;85708,superkingdom;clade;kingdom;phylum;class;order;family;genus;species;no rank
742918.0,1,1759,Cyclovirus PK5510,no rank,Viruses;Monodnaviria;Shotokuvirae;Cressdnaviricota;Arfiviricetes;Cirlivirales;Circoviridae;Cyclovirus;Cyclovirus maanav;Human associated cyclovirus 1;Cyclovirus PK5510,10239;2731342;2732092;2732416;2732423;2732536;39724;742914;3047956;2038719;742918,superkingdom;clade;kingdom;phylum;class;order;family;genus;species;no rank;no rank
742917.0,1,1740,Cyclovirus PK5222,no rank,Viruses;Monodnaviria;Shotokuvirae;Cressdnaviricota;Arfiviricetes;Cirlivirales;Circoviridae;Cyclovirus;Cyclovirus manukha;Human associated cyclovirus 3;Cyclovirus PK5222,10239;2731342;2732092;2732416;2732423;2732536;39724;742914;3047961;2038721;742917,superkingdom;clade;kingdom;phylum;class;order;family;genus;species;no rank;no rank
1755290.0,1,1723,Indian encephalitis associated cyclovirus,no rank,Viruses;Monodnaviria;Shotokuvirae;Cressdnaviricota;Arfiviricetes;Cirlivirales;Circoviridae;Cyclovirus;Cyclovirus manusyan;Human associated cyclovirus 12;Indian encephalitis associated cyclovirus,10239;2731342;2732092;2732416;2732423;2732536;39724;742914;3047959;2169855;1755290,superkingdom;clade;kingdom;phylum;class;order;family;genus;species;no rank;no rank
742915.0,1,1723,Cyclovirus PK5006,no rank,Viruses;Monodnaviria;Shotokuvirae;Cressdnaviricota;Arfiviricetes;Cirlivirales;Circoviridae;Cyclovirus;Cyclovirus insaan;Human associated cyclovirus 2;Cyclovirus PK5006,10239;2731342;2732092;2732416;2732423;2732536;39724;742914;3047960;2038720;742915,superkingdom;clade;kingdom;phylum;class;order;family;genus;species;no rank;no rank
1520935.0,1,1710,Cyclovirus SL-108277,no rank,Viruses;Monodnaviria;Shotokuvirae;Cressdnaviricota;Arfiviricetes;Cirlivirales;Circoviridae;Cyclovirus;Cyclovirus manitan;Human associated cyclovirus 11;Cyclovirus SL-108277,10239;2731342;2732092;2732416;2732423;2732536;39724;742914;3047958;1987745;1520935,superkingdom;clade;kingdom;phylum;class;order;family;genus;species;no rank;no rank
458672.0,1,1700,Hantaanvirus CGHu3614,no rank,Viruses;Riboviria;Orthornavirae;Negarnaviricota;Polyploviricotina;Ellioviricetes;Bunyavirales;Hantaviridae;Mammantavirinae;Orthohantavirus;Orthohantavirus hantanense;Hantaanvirus CGHu3614,10239;2559587;2732396;2497569;2497571;2497576;1980410;1980413;2560074;1980442;3052480;458672,superkingdom;clade;kingdom;phylum;subphylum;class;order;family;subfamily;genus;species;no rank
743300.0,1,1699,Human stool-associated circular virus NG13,no rank,Viruses;Monodnaviria;Shotokuvirae;Cressdnaviricota;Arfiviricetes;Cirlivirales;Circoviridae;Circovirus;Circovirus eniyan;Human stool-associated circular virus NG13,10239;2731342;2732092;2732416;2732423;2732536;39724;39725;3052121;743300,superkingdom;clade;kingdom;phylum;class;order;family;genus;species;no rank
2847174.0,1,1684,hepatitis D virus 2,no rank,Viruses;Ribozyviria;Kolmioviridae;Deltavirus;Deltavirus japanense;hepatitis D virus 2,10239;2842242;2842321;39759;2844075;2847174,superkingdom;clade;family;genus;species;no rank
2847176.0,1,1676,hepatitis D virus 4,no rank,Viruses;Ribozyviria;Kolmioviridae;Deltavirus;Deltavirus taiwanense;hepatitis D virus 4,10239;2842242;2842321;39759;2844078;2847176,superkingdom;clade;family;genus;species;no rank
2847173.0,1,1676,hepatitis D virus 1,no rank,Viruses;Ribozyviria;Kolmioviridae;Deltavirus;Deltavirus italiense;hepatitis D virus 1,10239;2842242;2842321;39759;2844074;2847173,superkingdom;clade;family;genus;species;no rank
2847175.0,1,1673,hepatitis D virus 3,no rank,Viruses;Ribozyviria;Kolmioviridae;Deltavirus;Deltavirus peruense;hepatitis D virus 3,10239;2842242;2842321;39759;2844076;2847175,superkingdom;clade;family;genus;species;no rank
1109732.0,1,1603,Pteropine orthoreovirus Sikamat/MYS/2010,no rank,Viruses;Riboviria;Orthornavirae;Duplornaviricota;Resentoviricetes;Reovirales;Spinareoviridae;Orthoreovirus;Nelson Bay orthoreovirus;Pteropine orthoreovirus Sikamat/MYS/2010,10239;2559587;2732396;2732405;2732459;2732541;2946187;10882;118027;1109732,superkingdom;clade;kingdom;phylum;class;order;family;genus;species;no rank
40690.0,1,1527,Trematomus bernacchii,species,cellular organisms;Eukaryota;Opisthokonta;Metazoa;Eumetazoa;Bilateria;Deuterostomia;Chordata;Craniata;Vertebrata;Gnathostomata;Teleostomi;Euteleostomi;Actinopterygii;Actinopteri;Neopterygii;Teleostei;Osteoglossocephalai;Clupeocephala;Euteleosteomorpha;Neoteleostei;Eurypterygia;Ctenosquamata;Acanthomorphata;Euacanthomorphacea;Percomorphaceae;Eupercaria;Perciformes;Notothenioidei;Nototheniidae;Trematomus;Trematomus bernacchii,131567;2759;33154;33208;6072;33213;33511;7711;89593;7742;7776;117570;117571;7898;186623;41665;32443;1489341;186625;1489388;123365;123366;123367;123368;123369;1489872;1489922;8111;8205;8206;35729;40690,no rank;superkingdom;clade;kingdom;clade;clade;clade;phylum;subphylum;clade;clade;clade;clade;superclass;class;subclass;infraclass;clade;no rank;cohort;clade;clade;clade;clade;clade;clade;clade;order;suborder;family;genus;species
12542.0,1,1488,Omsk hemorrhagic fever virus,no rank,Viruses;Riboviria;Orthornavirae;Kitrinoviricota;Flasuviricetes;Amarillovirales;Flaviviridae;Orthoflavivirus;Orthoflavivirus omskense;Omsk hemorrhagic fever virus,10239;2559587;2732396;2732406;2732462;2732545;11050;3044782;3048233;12542,superkingdom;clade;kingdom;phylum;class;order;family;genus;species;no rank
189458.0,1,1404,Human betaretrovirus,no rank,Viruses;Riboviria;Pararnavirae;Artverviricota;Revtraviricetes;Ortervirales;Retroviridae;Orthoretrovirinae;Betaretrovirus;Mouse mammary tumor virus;Human betaretrovirus,10239;2559587;2732397;2732409;2732514;2169561;11632;327045;140052;11757;189458,superkingdom;clade;kingdom;phylum;class;order;family;subfamily;genus;species;no rank
10891.0,1,1136,Reovirus sp.,species,Viruses;Riboviria;Orthornavirae;Duplornaviricota;Resentoviricetes;Reovirales;unclassified Reovirales;Reovirus sp.,10239;2559587;2732396;2732405;2732459;2732541;2788865;10891,superkingdom;clade;kingdom;phylum;class;order;no rank;species
1138488.0,1,1083,Wyeomyia virus strain Darien,no rank,Viruses;Riboviria;Orthornavirae;Negarnaviricota;Polyploviricotina;Ellioviricetes;Bunyavirales;Peribunyaviridae;Orthobunyavirus;Orthobunyavirus wyeomyiae;Wyeomyia virus strain Darien,10239;2559587;2732396;2497569;2497571;2497576;1980410;1980416;11572;3052456;1138488,superkingdom;clade;kingdom;phylum;subphylum;class;order;family;genus;species;no rank
28873.0,1,992,Camelpox virus,species,Viruses;Varidnaviria;Bamfordvirae;Nucleocytoviricota;Pokkesviricetes;Chitovirales;Poxviridae;Chordopoxvirinae;Orthopoxvirus;Camelpox virus,10239;2732004;2732005;2732007;2732525;2732527;10240;10241;10242;28873,superkingdom;clade;kingdom;phylum;class;order;family;subfamily;genus;species
35511.0,1,989,Jamestown Canyon virus,no rank,Viruses;Riboviria;Orthornavirae;Negarnaviricota;Polyploviricotina;Ellioviricetes;Bunyavirales;Peribunyaviridae;Orthobunyavirus;Orthobunyavirus jamestownense;Jamestown Canyon virus,10239;2559587;2732396;2497569;2497571;2497576;1980410;1980416;11572;3052402;35511,superkingdom;clade;kingdom;phylum;subphylum;class;order;family;genus;species;no rank
181003.0,1,984,Oya virus,no rank,Viruses;Riboviria;Orthornavirae;Negarnaviricota;Polyploviricotina;Ellioviricetes;Bunyavirales;Peribunyaviridae;Orthobunyavirus;Orthobunyavirus catqueense;Oya virus,10239;2559587;2732396;2497569;2497571;2497576;1980410;1980416;11572;3052388;181003,superkingdom;clade;kingdom;phylum;subphylum;class;order;family;genus;species;no rank
273357.0,1,961,Ngari virus,no rank,Viruses;Riboviria;Orthornavirae;Negarnaviricota;Polyploviricotina;Ellioviricetes;Bunyavirales;Peribunyaviridae;Orthobunyavirus;Orthobunyavirus bunyamweraense;Ngari virus,10239;2559587;2732396;2497569;2497571;2497576;1980410;1980416;11572;3052381;273357,superkingdom;clade;kingdom;phylum;subphylum;class;order;family;genus;species;no rank
159145.0,1,957,Ingwavuma virus,no rank,Viruses;Riboviria;Orthornavirae;Negarnaviricota;Polyploviricotina;Ellioviricetes;Bunyavirales;Peribunyaviridae;Orthobunyavirus;Orthobunyavirus ingwavumaense;Ingwavuma virus,10239;2559587;2732396;2497569;2497571;2497576;1980410;1980416;11572;3052400;159145,superkingdom;clade;kingdom;phylum;subphylum;class;order;family;genus;species;no rank
11575.0,1,945,Maguari virus,no rank,Viruses;Riboviria;Orthornavirae;Negarnaviricota;Polyploviricotina;Ellioviricetes;Bunyavirales;Peribunyaviridae;Orthobunyavirus;Orthobunyavirus maguariense;Maguari virus,10239;2559587;2732396;2497569;2497571;2497576;1980410;1980416;11572;3052414;11575,superkingdom;clade;kingdom;phylum;subphylum;class;order;family;genus;species;no rank
268972.0,1,933,Untyped enterovirus FJ96-71,no rank,Viruses;Riboviria;Orthornavirae;Pisuviricota;Pisoniviricetes;Picornavirales;Picornaviridae;Ensavirinae;Enterovirus;Enterovirus B;Enterovirus B75;Untyped enterovirus FJ96-71,10239;2559587;2732396;2732408;2732506;464095;12058;2946630;12059;138949;282345;268972,superkingdom;clade;kingdom;phylum;class;order;family;subfamily;genus;species;serotype;no rank
118047.0,1,929,Untyped enterovirus VA86-6765,no rank,Viruses;Riboviria;Orthornavirae;Pisuviricota;Pisoniviricetes;Picornavirales;Picornaviridae;Ensavirinae;Enterovirus;Enterovirus B;Enterovirus B75;Untyped enterovirus VA86-6765,10239;2559587;2732396;2732408;2732506;464095;12058;2946630;12059;138949;282345;118047,superkingdom;clade;kingdom;phylum;class;order;family;subfamily;genus;species;serotype;no rank
499878.0,1,785,Human bocavirus 48154/LanZhou/CHN,no rank,Viruses;Monodnaviria;Shotokuvirae;Cossaviricota;Quintoviricetes;Piccovirales;Parvoviridae;Parvovirinae;Bocaparvovirus;unclassified Bocaparvovirus;Human bocavirus;Human bocavirus 48154/LanZhou/CHN,10239;2731342;2732092;2732415;2732422;2732534;10780;40119;1507401;1507402;329641;499878,superkingdom;clade;kingdom;phylum;class;order;family;subfamily;genus;no rank;species;no rank
104580.0,1,785,Kadipiro virus,no rank,Viruses;Riboviria;Orthornavirae;Duplornaviricota;Resentoviricetes;Reovirales;Sedoreoviridae;Seadornavirus;Seadornavirus kadipiroense;Kadipiro virus,10239;2559587;2732396;2732405;2732459;2732541;2946186;208294;3241299;104580,superkingdom;clade;kingdom;phylum;class;order;family;genus;species;no rank
499882.0,1,785,Human bocavirus 52772/LanZhou/CHN,no rank,Viruses;Monodnaviria;Shotokuvirae;Cossaviricota;Quintoviricetes;Piccovirales;Parvoviridae;Parvovirinae;Bocaparvovirus;unclassified Bocaparvovirus;Human bocavirus;Human bocavirus 52772/LanZhou/CHN,10239;2731342;2732092;2732415;2732422;2732534;10780;40119;1507401;1507402;329641;499882,superkingdom;clade;kingdom;phylum;class;order;family;subfamily;genus;no rank;species;no rank
499879.0,1,785,Human bocavirus 50383/LanZhou/CHN,no rank,Viruses;Monodnaviria;Shotokuvirae;Cossaviricota;Quintoviricetes;Piccovirales;Parvoviridae;Parvovirinae;Bocaparvovirus;unclassified Bocaparvovirus;Human bocavirus;Human bocavirus 50383/LanZhou/CHN,10239;2731342;2732092;2732415;2732422;2732534;10780;40119;1507401;1507402;329641;499879,superkingdom;clade;kingdom;phylum;class;order;family;subfamily;genus;no rank;species;no rank
499880.0,1,785,Human bocavirus 50410/LanZhou/CHN,no rank,Viruses;Monodnaviria;Shotokuvirae;Cossaviricota;Quintoviricetes;Piccovirales;Parvoviridae;Parvovirinae;Bocaparvovirus;unclassified Bocaparvovirus;Human bocavirus;Human bocavirus 50410/LanZhou/CHN,10239;2731342;2732092;2732415;2732422;2732534;10780;40119;1507401;1507402;329641;499880,superkingdom;clade;kingdom;phylum;class;order;family;subfamily;genus;no rank;species;no rank
499890.0,1,785,Human bocavirus 53889/LanZhou/CHN,no rank,Viruses;Monodnaviria;Shotokuvirae;Cossaviricota;Quintoviricetes;Piccovirales;Parvoviridae;Parvovirinae;Bocaparvovirus;unclassified Bocaparvovirus;Human bocavirus;Human bocavirus 53889/LanZhou/CHN,10239;2731342;2732092;2732415;2732422;2732534;10780;40119;1507401;1507402;329641;499890,superkingdom;clade;kingdom;phylum;class;order;family;subfamily;genus;no rank;species;no rank
499881.0,1,785,Human bocavirus 52762/LanZhou/CHN,no rank,Viruses;Monodnaviria;Shotokuvirae;Cossaviricota;Quintoviricetes;Piccovirales;Parvoviridae;Parvovirinae;Bocaparvovirus;unclassified Bocaparvovirus;Human bocavirus;Human bocavirus 52762/LanZhou/CHN,10239;2731342;2732092;2732415;2732422;2732534;10780;40119;1507401;1507402;329641;499881,superkingdom;clade;kingdom;phylum;class;order;family;subfamily;genus;no rank;species;no rank
499889.0,1,785,Human bocavirus 53819/LanZhou/CHN,no rank,Viruses;Monodnaviria;Shotokuvirae;Cossaviricota;Quintoviricetes;Piccovirales;Parvoviridae;Parvovirinae;Bocaparvovirus;unclassified Bocaparvovirus;Human bocavirus;Human bocavirus 53819/LanZhou/CHN,10239;2731342;2732092;2732415;2732422;2732534;10780;40119;1507401;1507402;329641;499889,superkingdom;clade;kingdom;phylum;class;order;family;subfamily;genus;no rank;species;no rank
499888.0,1,785,Human bocavirus 53784/LanZhou/CHN,no rank,Viruses;Monodnaviria;Shotokuvirae;Cossaviricota;Quintoviricetes;Piccovirales;Parvoviridae;Parvovirinae;Bocaparvovirus;unclassified Bocaparvovirus;Human bocavirus;Human bocavirus 53784/LanZhou/CHN,10239;2731342;2732092;2732415;2732422;2732534;10780;40119;1507401;1507402;329641;499888,superkingdom;clade;kingdom;phylum;class;order;family;subfamily;genus;no rank;species;no rank
499887.0,1,785,Human bocavirus 53055/LanZhou/CHN,no rank,Viruses;Monodnaviria;Shotokuvirae;Cossaviricota;Quintoviricetes;Piccovirales;Parvoviridae;Parvovirinae;Bocaparvovirus;unclassified Bocaparvovirus;Human bocavirus;Human bocavirus 53055/LanZhou/CHN,10239;2731342;2732092;2732415;2732422;2732534;10780;40119;1507401;1507402;329641;499887,superkingdom;clade;kingdom;phylum;class;order;family;subfamily;genus;no rank;species;no rank
499886.0,1,785,Human bocavirus 53047/LanZhou/CHN,no rank,Viruses;Monodnaviria;Shotokuvirae;Cossaviricota;Quintoviricetes;Piccovirales;Parvoviridae;Parvovirinae;Bocaparvovirus;unclassified Bocaparvovirus;Human bocavirus;Human bocavirus 53047/LanZhou/CHN,10239;2731342;2732092;2732415;2732422;2732534;10780;40119;1507401;1507402;329641;499886,superkingdom;clade;kingdom;phylum;class;order;family;subfamily;genus;no rank;species;no rank
499885.0,1,785,Human bocavirus 53040/LanZhou/CHN,no rank,Viruses;Monodnaviria;Shotokuvirae;Cossaviricota;Quintoviricetes;Piccovirales;Parvoviridae;Parvovirinae;Bocaparvovirus;unclassified Bocaparvovirus;Human bocavirus;Human bocavirus 53040/LanZhou/CHN,10239;2731342;2732092;2732415;2732422;2732534;10780;40119;1507401;1507402;329641;499885,superkingdom;clade;kingdom;phylum;class;order;family;subfamily;genus;no rank;species;no rank
499884.0,1,785,Human bocavirus 52914/LanZhou/CHN,no rank,Viruses;Monodnaviria;Shotokuvirae;Cossaviricota;Quintoviricetes;Piccovirales;Parvoviridae;Parvovirinae;Bocaparvovirus;unclassified Bocaparvovirus;Human bocavirus;Human bocavirus 52914/LanZhou/CHN,10239;2731342;2732092;2732415;2732422;2732534;10780;40119;1507401;1507402;329641;499884,superkingdom;clade;kingdom;phylum;class;order;family;subfamily;genus;no rank;species;no rank
499883.0,1,785,Human bocavirus 52780/LanZhou/CHN,no rank,Viruses;Monodnaviria;Shotokuvirae;Cossaviricota;Quintoviricetes;Piccovirales;Parvoviridae;Parvovirinae;Bocaparvovirus;unclassified Bocaparvovirus;Human bocavirus;Human bocavirus 52780/LanZhou/CHN,10239;2731342;2732092;2732415;2732422;2732534;10780;40119;1507401;1507402;329641;499883,superkingdom;clade;kingdom;phylum;class;order;family;subfamily;genus;no rank;species;no rank
11590.0,1,762,Toscana virus,no rank,Viruses;Riboviria;Orthornavirae;Negarnaviricota;Polyploviricotina;Ellioviricetes;Bunyavirales;Phenuiviridae;Phlebovirus;Phlebovirus toscanaense;Toscana virus,10239;2559587;2732396;2497569;2497571;2497576;1980410;1980418;11584;3052686;11590,superkingdom;clade;kingdom;phylum;subphylum;class;order;family;genus;species;no rank
10942.0,1,751,Human rotavirus B,no rank,Viruses;Riboviria;Orthornavirae;Duplornaviricota;Resentoviricetes;Reovirales;Sedoreoviridae;Rotavirus;Rotavirus B;Human rotavirus B,10239;2559587;2732396;2732405;2732459;2732541;2946186;10912;28876;10942,superkingdom;clade;kingdom;phylum;class;order;family;genus;species;no rank
192199.0,1,705,Oriboca virus,no rank,Viruses;Riboviria;Orthornavirae;Negarnaviricota;Polyploviricotina;Ellioviricetes;Bunyavirales;Peribunyaviridae;Orthobunyavirus;Orthobunyavirus oribocaense;Oriboca virus,10239;2559587;2732396;2497569;2497571;2497576;1980410;1980416;11572;3052428;192199,superkingdom;clade;kingdom;phylum;subphylum;class;order;family;genus;species;no rank
129727.0,1,664,Bovine papular stomatitis virus,species,Viruses;Varidnaviria;Bamfordvirae;Nucleocytoviricota;Pokkesviricetes;Chitovirales;Poxviridae;Chordopoxvirinae;Parapoxvirus;Bovine papular stomatitis virus,10239;2732004;2732005;2732007;2732525;2732527;10240;10241;10257;129727,superkingdom;clade;kingdom;phylum;class;order;family;subfamily;genus;species
67605.0,2,629,Human torovirus,species,Viruses;Riboviria;Orthornavirae;Pisuviricota;Pisoniviricetes;Nidovirales;Tornidovirineae;Tobaniviridae;Torovirinae;Torovirus;Human torovirus,10239;2559587;2732396;2732408;2732506;76804;2499403;2508209;694017;11155;67605,superkingdom;clade;kingdom;phylum;class;order;suborder;family;subfamily;genus;species
77763.0,1,605,Banna virus,no rank,Viruses;Riboviria;Orthornavirae;Duplornaviricota;Resentoviricetes;Reovirales;Sedoreoviridae;Seadornavirus;Seadornavirus bannaense;Banna virus,10239;2559587;2732396;2732405;2732459;2732541;2946186;208294;3240447;77763,superkingdom;clade;kingdom;phylum;class;order;family;genus;species;no rank
2723956.0,3,576,Equine picobirnavirus,no rank,Viruses;Riboviria;Orthornavirae;Pisuviricota;Duplopiviricetes;Durnavirales;Picobirnaviridae;Orthopicobirnavirus;Orthopicobirnavirus equi;Equine picobirnavirus,10239;2559587;2732396;2732408;2732505;2732549;585893;2948851;2956251;2723956,superkingdom;clade;kingdom;phylum;class;order;family;genus;species;no rank
45270.0,1,549,Tahyna virus,no rank,Viruses;Riboviria;Orthornavirae;Negarnaviricota;Polyploviricotina;Ellioviricetes;Bunyavirales;Peribunyaviridae;Orthobunyavirus;Orthobunyavirus tahynaense;Tahyna virus,10239;2559587;2732396;2497569;2497571;2497576;1980410;1980416;11572;3052445;45270,superkingdom;clade;kingdom;phylum;subphylum;class;order;family;genus;species;no rank
129726.0,1,549,Pseudocowpox virus,species,Viruses;Varidnaviria;Bamfordvirae;Nucleocytoviricota;Pokkesviricetes;Chitovirales;Poxviridae;Chordopoxvirinae;Parapoxvirus;Pseudocowpox virus,10239;2732004;2732005;2732007;2732525;2732527;10240;10241;10257;129726,superkingdom;clade;kingdom;phylum;class;order;family;subfamily;genus;species
121226.0,1,514,Pediculus humanus capitis,subspecies,cellular organisms;Eukaryota;Opisthokonta;Metazoa;Eumetazoa;Bilateria;Protostomia;Ecdysozoa;Panarthropoda;Arthropoda;Mandibulata;Pancrustacea;Hexapoda;Insecta;Dicondylia;Pterygota;Neoptera;Paraneoptera;Psocodea;Phthiraptera;Anoplura;Pediculidae;Pediculus;Pediculus humanus;Pediculus humanus capitis,131567;2759;33154;33208;6072;33213;33317;1206794;88770;6656;197563;197562;6960;50557;85512;7496;33340;33342;1930602;85819;30005;121221;121222;121225;121226,no rank;superkingdom;clade;kingdom;clade;clade;clade;clade;clade;phylum;clade;clade;subphylum;class;clade;subclass;infraclass;cohort;superorder;order;suborder;family;genus;species;subspecies
11982.0,1,453,San Miguel sea lion virus,no rank,Viruses;Riboviria;Orthornavirae;Pisuviricota;Pisoniviricetes;Picornavirales;Caliciviridae;Vesivirus;Vesicular exanthema of swine virus;San Miguel sea lion virus,10239;2559587;2732396;2732408;2732506;464095;11974;95337;35612;11982,superkingdom;clade;kingdom;phylum;class;order;family;genus;species;no rank
336960.0,1,439,Avian nephritis virus 1,no rank,Viruses;Riboviria;Orthornavirae;Pisuviricota;Stelpaviricetes;Stellavirales;Astroviridae;Avastrovirus;Avastrovirus 2;Avian nephritis virus 1,10239;2559587;2732396;2732408;2732507;2732551;39733;249589;1239438;336960,superkingdom;clade;kingdom;phylum;class;order;family;genus;species;no rank
118044.0,1,427,Untyped enterovirus CT87-7122,no rank,Viruses;Riboviria;Orthornavirae;Pisuviricota;Pisoniviricetes;Picornavirales;Picornaviridae;Ensavirinae;Enterovirus;Enterovirus B;Enterovirus B75;Untyped enterovirus CT87-7122,10239;2559587;2732396;2732408;2732506;464095;12058;2946630;12059;138949;282345;118044,superkingdom;clade;kingdom;phylum;class;order;family;subfamily;genus;species;serotype;no rank
118045.0,1,427,Untyped enterovirus CT87-7123,no rank,Viruses;Riboviria;Orthornavirae;Pisuviricota;Pisoniviricetes;Picornavirales;Picornaviridae;Ensavirinae;Enterovirus;Enterovirus B;Enterovirus B75;Untyped enterovirus CT87-7123,10239;2559587;2732396;2732408;2732506;464095;12058;2946630;12059;138949;282345;118045,superkingdom;clade;kingdom;phylum;class;order;family;subfamily;genus;species;serotype;no rank
118046.0,1,427,Untyped enterovirus OK85-6388,no rank,Viruses;Riboviria;Orthornavirae;Pisuviricota;Pisoniviricetes;Picornavirales;Picornaviridae;Ensavirinae;Enterovirus;Enterovirus B;Enterovirus B75;Untyped enterovirus OK85-6388,10239;2559587;2732396;2732408;2732506;464095;12058;2946630;12059;138949;282345;118046,superkingdom;clade;kingdom;phylum;class;order;family;subfamily;genus;species;serotype;no rank
1609131.0,1,415,Astrovirus dogfaeces/Bari,species,Viruses;Riboviria;Orthornavirae;Pisuviricota;Stelpaviricetes;Stellavirales;Astroviridae;Mamastrovirus;unclassified Mamastrovirus;Astrovirus dogfaeces/Bari,10239;2559587;2732396;2732408;2732507;2732551;39733;249588;526119;1609131,superkingdom;clade;kingdom;phylum;class;order;family;genus;no rank;species
1608042.0,1,413,Bole Tick Virus 3,no rank,Viruses;Riboviria;Orthornavirae;Negarnaviricota;Haploviricotina;Monjiviricetes;Jingchuvirales;Chuviridae;Mivirus;Mivirus boleense;Bole Tick Virus 3,10239;2559587;2732396;2497569;2497570;2497574;2499407;2501952;2507291;2845619;1608042,superkingdom;clade;kingdom;phylum;subphylum;class;order;family;genus;species;no rank
463394.0,1,401,Human bocavirus 143/01/2002/FRA,no rank,Viruses;Monodnaviria;Shotokuvirae;Cossaviricota;Quintoviricetes;Piccovirales;Parvoviridae;Parvovirinae;Bocaparvovirus;unclassified Bocaparvovirus;Human bocavirus;Human bocavirus 143/01/2002/FRA,10239;2731342;2732092;2732415;2732422;2732534;10780;40119;1507401;1507402;329641;463394,superkingdom;clade;kingdom;phylum;class;order;family;subfamily;genus;no rank;species;no rank
64141.0,1,396,Porcine enterovirus 9,no rank,Viruses;Riboviria;Orthornavirae;Pisuviricota;Pisoniviricetes;Picornavirales;Picornaviridae;Ensavirinae;Enterovirus;Enterovirus G;Porcine enterovirus 9,10239;2559587;2732396;2732408;2732506;464095;12058;2946630;12059;106966;64141,superkingdom;clade;kingdom;phylum;class;order;family;subfamily;genus;species;no rank
463402.0,1,394,Human bocavirus 186/04/2002/FRA,no rank,Viruses;Monodnaviria;Shotokuvirae;Cossaviricota;Quintoviricetes;Piccovirales;Parvoviridae;Parvovirinae;Bocaparvovirus;unclassified Bocaparvovirus;Human bocavirus;Human bocavirus 186/04/2002/FRA,10239;2731342;2732092;2732415;2732422;2732534;10780;40119;1507401;1507402;329641;463402,superkingdom;clade;kingdom;phylum;class;order;family;subfamily;genus;no rank;species;no rank
463395.0,1,394,Human bocavirus 144/01/2002/FRA,no rank,Viruses;Monodnaviria;Shotokuvirae;Cossaviricota;Quintoviricetes;Piccovirales;Parvoviridae;Parvovirinae;Bocaparvovirus;unclassified Bocaparvovirus;Human bocavirus;Human bocavirus 144/01/2002/FRA,10239;2731342;2732092;2732415;2732422;2732534;10780;40119;1507401;1507402;329641;463395,superkingdom;clade;kingdom;phylum;class;order;family;subfamily;genus;no rank;species;no rank
463400.0,1,393,Human bocavirus 180/03/2002/FRA,no rank,Viruses;Monodnaviria;Shotokuvirae;Cossaviricota;Quintoviricetes;Piccovirales;Parvoviridae;Parvovirinae;Bocaparvovirus;unclassified Bocaparvovirus;Human bocavirus;Human bocavirus 180/03/2002/FRA,10239;2731342;2732092;2732415;2732422;2732534;10780;40119;1507401;1507402;329641;463400,superkingdom;clade;kingdom;phylum;class;order;family;subfamily;genus;no rank;species;no rank
11901.0,1,387,Bovine leukemia virus,species,Viruses;Riboviria;Pararnavirae;Artverviricota;Revtraviricetes;Ortervirales;Retroviridae;Orthoretrovirinae;Deltaretrovirus;Bovine leukemia virus,10239;2559587;2732397;2732409;2732514;2169561;11632;327045;153136;11901,superkingdom;clade;kingdom;phylum;class;order;family;subfamily;genus;species
463398.0,1,386,Human bocavirus 174/03/2002/FRA,no rank,Viruses;Monodnaviria;Shotokuvirae;Cossaviricota;Quintoviricetes;Piccovirales;Parvoviridae;Parvovirinae;Bocaparvovirus;unclassified Bocaparvovirus;Human bocavirus;Human bocavirus 174/03/2002/FRA,10239;2731342;2732092;2732415;2732422;2732534;10780;40119;1507401;1507402;329641;463398,superkingdom;clade;kingdom;phylum;class;order;family;subfamily;genus;no rank;species;no rank
463399.0,1,386,Human bocavirus 175/03/2002/FRA,no rank,Viruses;Monodnaviria;Shotokuvirae;Cossaviricota;Quintoviricetes;Piccovirales;Parvoviridae;Parvovirinae;Bocaparvovirus;unclassified Bocaparvovirus;Human bocavirus;Human bocavirus 175/03/2002/FRA,10239;2731342;2732092;2732415;2732422;2732534;10780;40119;1507401;1507402;329641;463399,superkingdom;clade;kingdom;phylum;class;order;family;subfamily;genus;no rank;species;no rank
463401.0,1,384,Human bocavirus 184/04/2002/FRA,no rank,Viruses;Monodnaviria;Shotokuvirae;Cossaviricota;Quintoviricetes;Piccovirales;Parvoviridae;Parvovirinae;Bocaparvovirus;unclassified Bocaparvovirus;Human bocavirus;Human bocavirus 184/04/2002/FRA,10239;2731342;2732092;2732415;2732422;2732534;10780;40119;1507401;1507402;329641;463401,superkingdom;clade;kingdom;phylum;class;order;family;subfamily;genus;no rank;species;no rank
463393.0,1,383,Human bocavirus 191/04/2002/FRA,no rank,Viruses;Monodnaviria;Shotokuvirae;Cossaviricota;Quintoviricetes;Piccovirales;Parvoviridae;Parvovirinae;Bocaparvovirus;unclassified Bocaparvovirus;Human bocavirus;Human bocavirus 191/04/2002/FRA,10239;2731342;2732092;2732415;2732422;2732534;10780;40119;1507401;1507402;329641;463393,superkingdom;clade;kingdom;phylum;class;order;family;subfamily;genus;no rank;species;no rank
463397.0,1,380,Human bocavirus 173/03/2002/FRA,no rank,Viruses;Monodnaviria;Shotokuvirae;Cossaviricota;Quintoviricetes;Piccovirales;Parvoviridae;Parvovirinae;Bocaparvovirus;unclassified Bocaparvovirus;Human bocavirus;Human bocavirus 173/03/2002/FRA,10239;2731342;2732092;2732415;2732422;2732534;10780;40119;1507401;1507402;329641;463397,superkingdom;clade;kingdom;phylum;class;order;family;subfamily;genus;no rank;species;no rank
463396.0,1,378,Human bocavirus 164/02/2002/FRA,no rank,Viruses;Monodnaviria;Shotokuvirae;Cossaviricota;Quintoviricetes;Piccovirales;Parvoviridae;Parvovirinae;Bocaparvovirus;unclassified Bocaparvovirus;Human bocavirus;Human bocavirus 164/02/2002/FRA,10239;2731342;2732092;2732415;2732422;2732534;10780;40119;1507401;1507402;329641;463396,superkingdom;clade;kingdom;phylum;class;order;family;subfamily;genus;no rank;species;no rank
629727.0,1,338,Chagres virus,no rank,Viruses;Riboviria;Orthornavirae;Negarnaviricota;Polyploviricotina;Ellioviricetes;Bunyavirales;Phenuiviridae;Phlebovirus;Phlebovirus chagresense;Chagres virus,10239;2559587;2732396;2497569;2497571;2497576;1980410;1980418;11584;3052641;629727,superkingdom;clade;kingdom;phylum;subphylum;class;order;family;genus;species;no rank
557563.0,1,318,Human bocavirus human/1/2008/HUN,no rank,Viruses;Monodnaviria;Shotokuvirae;Cossaviricota;Quintoviricetes;Piccovirales;Parvoviridae;Parvovirinae;Bocaparvovirus;unclassified Bocaparvovirus;Human bocavirus;Human bocavirus human/1/2008/HUN,10239;2731342;2732092;2732415;2732422;2732534;10780;40119;1507401;1507402;329641;557563,superkingdom;clade;kingdom;phylum;class;order;family;subfamily;genus;no rank;species;no rank
557562.0,1,318,Human bocavirus human/2/2008/HUN,no rank,Viruses;Monodnaviria;Shotokuvirae;Cossaviricota;Quintoviricetes;Piccovirales;Parvoviridae;Parvovirinae;Bocaparvovirus;unclassified Bocaparvovirus;Human bocavirus;Human bocavirus human/2/2008/HUN,10239;2731342;2732092;2732415;2732422;2732534;10780;40119;1507401;1507402;329641;557562,superkingdom;clade;kingdom;phylum;class;order;family;subfamily;genus;no rank;species;no rank
64293.0,1,277,Tembusu virus,no rank,Viruses;Riboviria;Orthornavirae;Kitrinoviricota;Flasuviricetes;Amarillovirales;Flaviviridae;Orthoflavivirus;Orthoflavivirus tembusu;Tembusu virus,10239;2559587;2732396;2732406;2732462;2732545;11050;3044782;3048360;64293,superkingdom;clade;kingdom;phylum;class;order;family;genus;species;no rank
60877.0,1,256,Tonate virus,species,Viruses;Riboviria;Orthornavirae;Kitrinoviricota;Alsuviricetes;Martellivirales;Togaviridae;Alphavirus;Tonate virus,10239;2559587;2732396;2732406;2732461;2732544;11018;11019;60877,superkingdom;clade;kingdom;phylum;class;order;family;genus;species
11840.0,1,211,Gibbon ape leukemia virus,species,Viruses;Riboviria;Pararnavirae;Artverviricota;Revtraviricetes;Ortervirales;Retroviridae;Orthoretrovirinae;Gammaretrovirus;Gibbon ape leukemia virus,10239;2559587;2732397;2732409;2732514;2169561;11632;327045;153135;11840,superkingdom;clade;kingdom;phylum;class;order;family;subfamily;genus;species
54315.0,1,140,Bovine viral diarrhea virus 2,no rank,Viruses;Riboviria;Orthornavirae;Kitrinoviricota;Flasuviricetes;Amarillovirales;Flaviviridae;Pestivirus;Pestivirus tauri;Bovine viral diarrhea virus 2,10239;2559587;2732396;2732406;2732462;2732545;11050;11095;3052626;54315,superkingdom;clade;kingdom;phylum;class;order;family;genus;species;no rank
11099.0,1,124,Bovine viral diarrhea virus 1,no rank,Viruses;Riboviria;Orthornavirae;Kitrinoviricota;Flasuviricetes;Amarillovirales;Flaviviridae;Pestivirus;Pestivirus bovis;Bovine viral diarrhea virus 1,10239;2559587;2732396;2732406;2732462;2732545;11050;11095;3052619;11099,superkingdom;clade;kingdom;phylum;class;order;family;genus;species;no rank
